approach,scenario,run,total_clusters,clusters_apt,clusters_idle,orphan_total,orphan_percentage
rl1,cenario1_tempo_fixo/310s_10percent,1,21,16,5,17,8.5
rl1,cenario1_tempo_fixo/310s_10percent,2,19,11,8,21,10.5
rl1,cenario1_tempo_fixo/310s_10percent,3,19,10,9,22,11.0
rl1,cenario1_tempo_fixo/310s_10percent,4,15,11,4,36,18.0
rl1,cenario1_tempo_fixo/310s_10percent,5,18,12,6,8,4.0
rl1,cenario1_tempo_fixo/310s_10percent,6,21,12,9,20,10.0
rl1,cenario1_tempo_fixo/310s_10percent,7,21,15,6,11,5.5
rl1,cenario1_tempo_fixo/310s_10percent,8,17,14,3,21,10.5
rl1,cenario1_tempo_fixo/310s_10percent,9,17,12,5,32,16.0
rl1,cenario1_tempo_fixo/310s_10percent,10,19,13,6,12,6.0
rl1,cenario1_tempo_fixo/310s_10percent,11,25,12,13,23,11.5
rl1,cenario1_tempo_fixo/310s_10percent,12,20,14,6,24,12.0
rl1,cenario1_tempo_fixo/310s_10percent,13,19,12,7,22,11.0
rl1,cenario1_tempo_fixo/310s_10percent,14,15,9,6,19,9.5
rl1,cenario1_tempo_fixo/310s_10percent,15,20,12,8,8,4.0
rl1,cenario1_tempo_fixo/310s_10percent,16,19,13,6,18,9.0
rl1,cenario1_tempo_fixo/310s_10percent,17,22,12,10,16,8.0
rl1,cenario1_tempo_fixo/310s_10percent,18,21,14,7,10,5.0
rl1,cenario1_tempo_fixo/310s_10percent,19,22,11,11,5,2.5
rl1,cenario1_tempo_fixo/310s_10percent,20,22,14,8,28,14.0
rl1,cenario1_tempo_fixo/310s_10percent,21,18,14,4,30,15.0
rl1,cenario1_tempo_fixo/310s_10percent,22,24,16,8,24,12.0
rl1,cenario1_tempo_fixo/310s_10percent,23,16,12,4,12,6.0
rl1,cenario1_tempo_fixo/310s_10percent,24,17,9,8,30,15.0
rl1,cenario1_tempo_fixo/310s_10percent,25,16,13,3,37,18.5
rl1,cenario1_tempo_fixo/310s_10percent,26,16,13,3,9,4.5
rl1,cenario1_tempo_fixo/310s_10percent,27,15,12,3,15,7.5
rl1,cenario1_tempo_fixo/310s_10percent,28,20,11,9,24,12.0
rl1,cenario1_tempo_fixo/310s_10percent,29,14,10,4,25,12.5
rl1,cenario1_tempo_fixo/310s_10percent,30,20,17,3,27,13.5
rl1,cenario1_tempo_fixo/310s_10percent,31,19,12,7,18,9.0
rl1,cenario1_tempo_fixo/310s_10percent,32,24,20,4,20,10.0
rl1,cenario1_tempo_fixo/310s_10percent,33,18,10,8,7,3.5
rl1,cenario1_tempo_fixo/310s_10percent,34,17,12,5,31,15.5
rl1,cenario1_tempo_fixo/310s_10percent,35,22,11,11,25,12.5
rl1,cenario1_tempo_fixo/310s_20percent,1,19,13,6,27,13.5
rl1,cenario1_tempo_fixo/310s_20percent,2,19,11,8,17,8.5
rl1,cenario1_tempo_fixo/310s_20percent,3,21,12,9,15,7.5
rl1,cenario1_tempo_fixo/310s_20percent,4,18,11,7,32,16.0
rl1,cenario1_tempo_fixo/310s_20percent,5,22,13,9,22,11.0
rl1,cenario1_tempo_fixo/310s_20percent,6,20,8,12,24,12.0
rl1,cenario1_tempo_fixo/310s_20percent,7,18,11,7,27,13.5
rl1,cenario1_tempo_fixo/310s_20percent,8,17,14,3,17,8.5
rl1,cenario1_tempo_fixo/310s_20percent,9,17,12,5,51,25.5
rl1,cenario1_tempo_fixo/310s_20percent,10,18,9,9,17,8.5
rl1,cenario1_tempo_fixo/310s_20percent,11,18,10,8,23,11.5
rl1,cenario1_tempo_fixo/310s_20percent,12,21,12,9,30,15.0
rl1,cenario1_tempo_fixo/310s_20percent,13,21,14,7,35,17.5
rl1,cenario1_tempo_fixo/310s_20percent,14,19,16,3,35,17.5
rl1,cenario1_tempo_fixo/310s_20percent,15,21,19,2,17,8.5
rl1,cenario1_tempo_fixo/310s_20percent,16,23,12,11,43,21.5
rl1,cenario1_tempo_fixo/310s_20percent,17,15,8,7,22,11.0
rl1,cenario1_tempo_fixo/310s_20percent,18,18,13,5,35,17.5
rl1,cenario1_tempo_fixo/310s_20percent,19,20,13,7,32,16.0
rl1,cenario1_tempo_fixo/310s_20percent,20,18,9,9,8,4.0
rl1,cenario1_tempo_fixo/310s_20percent,21,21,15,6,42,21.0
rl1,cenario1_tempo_fixo/310s_20percent,22,21,11,10,27,13.5
rl1,cenario1_tempo_fixo/310s_20percent,23,18,11,7,42,21.0
rl1,cenario1_tempo_fixo/310s_20percent,24,18,6,12,29,14.5
rl1,cenario1_tempo_fixo/310s_20percent,25,18,11,7,40,20.0
rl1,cenario1_tempo_fixo/310s_20percent,26,22,8,14,28,14.0
rl1,cenario1_tempo_fixo/310s_20percent,27,17,14,3,30,15.0
rl1,cenario1_tempo_fixo/310s_20percent,28,22,13,9,12,6.0
rl1,cenario1_tempo_fixo/310s_20percent,29,22,13,9,23,11.5
rl1,cenario1_tempo_fixo/310s_20percent,30,19,12,7,7,3.5
rl1,cenario1_tempo_fixo/310s_20percent,31,18,13,5,32,16.0
rl1,cenario1_tempo_fixo/310s_20percent,32,17,11,6,9,4.5
rl1,cenario1_tempo_fixo/310s_20percent,33,22,14,8,25,12.5
rl1,cenario1_tempo_fixo/310s_20percent,34,22,18,4,27,13.5
rl1,cenario1_tempo_fixo/310s_20percent,35,20,12,8,21,10.5
rl1,cenario1_tempo_fixo/310s_30percent,1,18,11,7,84,42.0
rl1,cenario1_tempo_fixo/310s_30percent,2,15,13,2,65,32.5
rl1,cenario1_tempo_fixo/310s_30percent,3,21,7,14,61,30.5
rl1,cenario1_tempo_fixo/310s_30percent,4,20,17,3,51,25.5
rl1,cenario1_tempo_fixo/310s_30percent,5,18,15,3,45,22.5
rl1,cenario1_tempo_fixo/310s_30percent,6,17,12,5,32,16.0
rl1,cenario1_tempo_fixo/310s_30percent,7,20,14,6,36,18.0
rl1,cenario1_tempo_fixo/310s_30percent,8,19,6,13,27,13.5
rl1,cenario1_tempo_fixo/310s_30percent,9,20,11,9,42,21.0
rl1,cenario1_tempo_fixo/310s_30percent,10,23,14,9,31,15.5
rl1,cenario1_tempo_fixo/310s_30percent,11,23,13,10,48,24.0
rl1,cenario1_tempo_fixo/310s_30percent,12,18,15,3,21,10.5
rl1,cenario1_tempo_fixo/310s_30percent,13,18,9,9,68,34.0
rl1,cenario1_tempo_fixo/310s_30percent,14,15,11,4,28,14.0
rl1,cenario1_tempo_fixo/310s_30percent,15,16,9,7,47,23.5
rl1,cenario1_tempo_fixo/310s_30percent,16,15,12,3,39,19.5
rl1,cenario1_tempo_fixo/310s_30percent,17,19,12,7,58,29.0
rl1,cenario1_tempo_fixo/310s_30percent,18,28,24,4,56,28.0
rl1,cenario1_tempo_fixo/310s_30percent,19,17,7,10,49,24.5
rl1,cenario1_tempo_fixo/310s_30percent,20,20,11,9,43,21.5
rl1,cenario1_tempo_fixo/310s_30percent,21,23,12,11,30,15.0
rl1,cenario1_tempo_fixo/310s_30percent,22,26,19,7,27,13.5
rl1,cenario1_tempo_fixo/310s_30percent,23,24,16,8,29,14.5
rl1,cenario1_tempo_fixo/310s_30percent,24,18,12,6,63,31.5
rl1,cenario1_tempo_fixo/310s_30percent,25,21,12,9,29,14.5
rl1,cenario1_tempo_fixo/310s_30percent,26,18,12,6,34,17.0
rl1,cenario1_tempo_fixo/310s_30percent,27,19,14,5,32,16.0
rl1,cenario1_tempo_fixo/310s_30percent,28,23,15,8,56,28.0
rl1,cenario1_tempo_fixo/310s_30percent,29,21,9,12,49,24.5
rl1,cenario1_tempo_fixo/310s_30percent,30,22,18,4,74,37.0
rl1,cenario1_tempo_fixo/310s_30percent,31,21,16,5,20,10.0
rl1,cenario1_tempo_fixo/310s_30percent,32,19,13,6,41,20.5
rl1,cenario1_tempo_fixo/310s_30percent,33,23,17,6,43,21.5
rl1,cenario1_tempo_fixo/310s_30percent,34,19,10,9,49,24.5
rl1,cenario1_tempo_fixo/310s_30percent,35,17,9,8,30,15.0
rl1,cenario2_tempo_aleatorio/180-600s_10percent,1,21,15,6,12,6.0
rl1,cenario2_tempo_aleatorio/180-600s_10percent,2,16,11,5,18,9.0
rl1,cenario2_tempo_aleatorio/180-600s_10percent,3,22,12,10,26,13.0
rl1,cenario2_tempo_aleatorio/180-600s_10percent,4,19,12,7,8,4.0
rl1,cenario2_tempo_aleatorio/180-600s_10percent,5,17,9,8,12,6.0
rl1,cenario2_tempo_aleatorio/180-600s_10percent,6,24,16,8,27,13.5
rl1,cenario2_tempo_aleatorio/180-600s_10percent,7,24,17,7,14,7.0
rl1,cenario2_tempo_aleatorio/180-600s_10percent,8,22,12,10,28,14.0
rl1,cenario2_tempo_aleatorio/180-600s_10percent,9,19,15,4,10,5.0
rl1,cenario2_tempo_aleatorio/180-600s_10percent,10,20,15,5,8,4.0
rl1,cenario2_tempo_aleatorio/180-600s_10percent,11,19,12,7,31,15.5
rl1,cenario2_tempo_aleatorio/180-600s_10percent,12,23,15,8,15,7.5
rl1,cenario2_tempo_aleatorio/180-600s_10percent,13,17,13,4,9,4.5
rl1,cenario2_tempo_aleatorio/180-600s_10percent,14,18,15,3,31,15.5
rl1,cenario2_tempo_aleatorio/180-600s_10percent,15,15,8,7,16,8.0
rl1,cenario2_tempo_aleatorio/180-600s_10percent,16,17,15,2,26,13.0
rl1,cenario2_tempo_aleatorio/180-600s_10percent,17,25,14,11,17,8.5
rl1,cenario2_tempo_aleatorio/180-600s_10percent,18,20,12,8,22,11.0
rl1,cenario2_tempo_aleatorio/180-600s_10percent,19,19,11,8,13,6.5
rl1,cenario2_tempo_aleatorio/180-600s_10percent,20,22,14,8,30,15.0
rl1,cenario2_tempo_aleatorio/180-600s_10percent,21,19,16,3,17,8.5
rl1,cenario2_tempo_aleatorio/180-600s_10percent,22,16,7,9,20,10.0
rl1,cenario2_tempo_aleatorio/180-600s_10percent,23,17,11,6,28,14.0
rl1,cenario2_tempo_aleatorio/180-600s_10percent,24,18,11,7,8,4.0
rl1,cenario2_tempo_aleatorio/180-600s_10percent,25,16,11,5,29,14.5
rl1,cenario2_tempo_aleatorio/180-600s_10percent,26,21,13,8,25,12.5
rl1,cenario2_tempo_aleatorio/180-600s_10percent,27,20,11,9,32,16.0
rl1,cenario2_tempo_aleatorio/180-600s_10percent,28,21,13,8,20,10.0
rl1,cenario2_tempo_aleatorio/180-600s_10percent,29,23,12,11,34,17.0
rl1,cenario2_tempo_aleatorio/180-600s_10percent,30,18,14,4,11,5.5
rl1,cenario2_tempo_aleatorio/180-600s_10percent,31,28,23,5,25,12.5
rl1,cenario2_tempo_aleatorio/180-600s_10percent,32,19,11,8,23,11.5
rl1,cenario2_tempo_aleatorio/180-600s_10percent,33,21,14,7,12,6.0
rl1,cenario2_tempo_aleatorio/180-600s_10percent,34,21,13,8,30,15.0
rl1,cenario2_tempo_aleatorio/180-600s_10percent,35,27,12,15,25,12.5
rl1,cenario2_tempo_aleatorio/180-600s_20percent,1,14,13,1,20,10.0
rl1,cenario2_tempo_aleatorio/180-600s_20percent,2,20,9,11,25,12.5
rl1,cenario2_tempo_aleatorio/180-600s_20percent,3,21,17,4,33,16.5
rl1,cenario2_tempo_aleatorio/180-600s_20percent,4,21,14,7,37,18.5
rl1,cenario2_tempo_aleatorio/180-600s_20percent,5,19,14,5,22,11.0
rl1,cenario2_tempo_aleatorio/180-600s_20percent,6,18,13,5,10,5.0
rl1,cenario2_tempo_aleatorio/180-600s_20percent,7,14,7,7,28,14.0
rl1,cenario2_tempo_aleatorio/180-600s_20percent,8,16,10,6,31,15.5
rl1,cenario2_tempo_aleatorio/180-600s_20percent,9,17,12,5,53,26.5
rl1,cenario2_tempo_aleatorio/180-600s_20percent,10,20,5,15,31,15.5
rl1,cenario2_tempo_aleatorio/180-600s_20percent,11,24,14,10,41,20.5
rl1,cenario2_tempo_aleatorio/180-600s_20percent,12,24,11,13,22,11.0
rl1,cenario2_tempo_aleatorio/180-600s_20percent,13,26,10,16,10,5.0
rl1,cenario2_tempo_aleatorio/180-600s_20percent,14,19,10,9,28,14.0
rl1,cenario2_tempo_aleatorio/180-600s_20percent,15,23,8,15,30,15.0
rl1,cenario2_tempo_aleatorio/180-600s_20percent,16,16,12,4,25,12.5
rl1,cenario2_tempo_aleatorio/180-600s_20percent,17,18,14,4,37,18.5
rl1,cenario2_tempo_aleatorio/180-600s_20percent,18,21,15,6,44,22.0
rl1,cenario2_tempo_aleatorio/180-600s_20percent,19,22,11,11,17,8.5
rl1,cenario2_tempo_aleatorio/180-600s_20percent,20,16,11,5,27,13.5
rl1,cenario2_tempo_aleatorio/180-600s_20percent,21,17,11,6,15,7.5
rl1,cenario2_tempo_aleatorio/180-600s_20percent,22,23,10,13,44,22.0
rl1,cenario2_tempo_aleatorio/180-600s_20percent,23,20,11,9,14,7.0
rl1,cenario2_tempo_aleatorio/180-600s_20percent,24,26,14,12,20,10.0
rl1,cenario2_tempo_aleatorio/180-600s_20percent,25,20,12,8,29,14.5
rl1,cenario2_tempo_aleatorio/180-600s_20percent,26,25,21,4,8,4.0
rl1,cenario2_tempo_aleatorio/180-600s_20percent,27,23,8,15,7,3.5
rl1,cenario2_tempo_aleatorio/180-600s_20percent,28,19,9,10,26,13.0
rl1,cenario2_tempo_aleatorio/180-600s_20percent,29,20,15,5,27,13.5
rl1,cenario2_tempo_aleatorio/180-600s_20percent,30,17,8,9,59,29.5
rl1,cenario2_tempo_aleatorio/180-600s_20percent,31,20,11,9,51,25.5
rl1,cenario2_tempo_aleatorio/180-600s_20percent,32,15,9,6,42,21.0
rl1,cenario2_tempo_aleatorio/180-600s_20percent,33,23,17,6,43,21.5
rl1,cenario2_tempo_aleatorio/180-600s_20percent,34,21,10,11,32,16.0
rl1,cenario2_tempo_aleatorio/180-600s_20percent,35,19,12,7,13,6.5
rl1,cenario2_tempo_aleatorio/180-600s_30percent,1,20,12,8,49,24.5
rl1,cenario2_tempo_aleatorio/180-600s_30percent,2,26,15,11,35,17.5
rl1,cenario2_tempo_aleatorio/180-600s_30percent,3,24,19,5,33,16.5
rl1,cenario2_tempo_aleatorio/180-600s_30percent,4,17,14,3,57,28.5
rl1,cenario2_tempo_aleatorio/180-600s_30percent,5,19,11,8,61,30.5
rl1,cenario2_tempo_aleatorio/180-600s_30percent,6,20,13,7,47,23.5
rl1,cenario2_tempo_aleatorio/180-600s_30percent,7,17,10,7,50,25.0
rl1,cenario2_tempo_aleatorio/180-600s_30percent,8,15,10,5,33,16.5
rl1,cenario2_tempo_aleatorio/180-600s_30percent,9,22,18,4,22,11.0
rl1,cenario2_tempo_aleatorio/180-600s_30percent,10,19,10,9,31,15.5
rl1,cenario2_tempo_aleatorio/180-600s_30percent,11,25,14,11,43,21.5
rl1,cenario2_tempo_aleatorio/180-600s_30percent,12,21,14,7,50,25.0
rl1,cenario2_tempo_aleatorio/180-600s_30percent,13,23,17,6,12,6.0
rl1,cenario2_tempo_aleatorio/180-600s_30percent,14,18,12,6,55,27.5
rl1,cenario2_tempo_aleatorio/180-600s_30percent,15,19,14,5,26,13.0
rl1,cenario2_tempo_aleatorio/180-600s_30percent,16,20,19,1,50,25.0
rl1,cenario2_tempo_aleatorio/180-600s_30percent,17,24,21,3,25,12.5
rl1,cenario2_tempo_aleatorio/180-600s_30percent,18,17,13,4,43,21.5
rl1,cenario2_tempo_aleatorio/180-600s_30percent,19,19,11,8,44,22.0
rl1,cenario2_tempo_aleatorio/180-600s_30percent,20,20,9,11,40,20.0
rl1,cenario2_tempo_aleatorio/180-600s_30percent,21,18,11,7,29,14.5
rl1,cenario2_tempo_aleatorio/180-600s_30percent,22,23,15,8,62,31.0
rl1,cenario2_tempo_aleatorio/180-600s_30percent,23,18,9,9,67,33.5
rl1,cenario2_tempo_aleatorio/180-600s_30percent,24,19,14,5,65,32.5
rl1,cenario2_tempo_aleatorio/180-600s_30percent,25,23,17,6,72,36.0
rl1,cenario2_tempo_aleatorio/180-600s_30percent,26,17,11,6,46,23.0
rl1,cenario2_tempo_aleatorio/180-600s_30percent,27,22,15,7,56,28.0
rl1,cenario2_tempo_aleatorio/180-600s_30percent,28,17,14,3,31,15.5
rl1,cenario2_tempo_aleatorio/180-600s_30percent,29,19,12,7,19,9.5
rl1,cenario2_tempo_aleatorio/180-600s_30percent,30,18,13,5,32,16.0
rl1,cenario2_tempo_aleatorio/180-600s_30percent,31,18,14,4,60,30.0
rl1,cenario2_tempo_aleatorio/180-600s_30percent,32,17,12,5,32,16.0
rl1,cenario2_tempo_aleatorio/180-600s_30percent,33,19,12,7,18,9.0
rl1,cenario2_tempo_aleatorio/180-600s_30percent,34,17,11,6,18,9.0
rl1,cenario2_tempo_aleatorio/180-600s_30percent,35,20,10,10,71,35.5
rl1,cenario3_tudo_aleatorio/180-600s_10-30percent,1,21,9,12,13,6.5
rl1,cenario3_tudo_aleatorio/180-600s_10-30percent,2,23,18,5,38,19.0
rl1,cenario3_tudo_aleatorio/180-600s_10-30percent,3,17,13,4,27,13.5
rl1,cenario3_tudo_aleatorio/180-600s_10-30percent,4,16,5,11,24,12.0
rl1,cenario3_tudo_aleatorio/180-600s_10-30percent,5,22,11,11,17,8.5
rl1,cenario3_tudo_aleatorio/180-600s_10-30percent,6,22,10,12,22,11.0
rl1,cenario3_tudo_aleatorio/180-600s_10-30percent,7,17,8,9,38,19.0
rl1,cenario3_tudo_aleatorio/180-600s_10-30percent,8,22,16,6,8,4.0
rl1,cenario3_tudo_aleatorio/180-600s_10-30percent,9,21,14,7,16,8.0
rl1,cenario3_tudo_aleatorio/180-600s_10-30percent,10,17,11,6,43,21.5
rl1,cenario3_tudo_aleatorio/180-600s_10-30percent,11,24,17,7,45,22.5
rl1,cenario3_tudo_aleatorio/180-600s_10-30percent,12,22,15,7,30,15.0
rl1,cenario3_tudo_aleatorio/180-600s_10-30percent,13,19,11,8,23,11.5
rl1,cenario3_tudo_aleatorio/180-600s_10-30percent,14,23,16,7,31,15.5
rl1,cenario3_tudo_aleatorio/180-600s_10-30percent,15,20,13,7,9,4.5
rl1,cenario3_tudo_aleatorio/180-600s_10-30percent,16,19,14,5,56,28.0
rl1,cenario3_tudo_aleatorio/180-600s_10-30percent,17,27,15,12,21,10.5
rl1,cenario3_tudo_aleatorio/180-600s_10-30percent,18,19,15,4,32,16.0
rl1,cenario3_tudo_aleatorio/180-600s_10-30percent,19,26,15,11,29,14.5
rl1,cenario3_tudo_aleatorio/180-600s_10-30percent,20,17,9,8,55,27.5
rl1,cenario3_tudo_aleatorio/180-600s_10-30percent,21,18,15,3,17,8.5
rl1,cenario3_tudo_aleatorio/180-600s_10-30percent,22,22,14,8,67,33.5
rl1,cenario3_tudo_aleatorio/180-600s_10-30percent,23,21,12,9,25,12.5
rl1,cenario3_tudo_aleatorio/180-600s_10-30percent,24,19,15,4,36,18.0
rl1,cenario3_tudo_aleatorio/180-600s_10-30percent,25,19,11,8,18,9.0
rl1,cenario3_tudo_aleatorio/180-600s_10-30percent,26,18,13,5,39,19.5
rl1,cenario3_tudo_aleatorio/180-600s_10-30percent,27,23,13,10,11,5.5
rl1,cenario3_tudo_aleatorio/180-600s_10-30percent,28,23,13,10,34,17.0
rl1,cenario3_tudo_aleatorio/180-600s_10-30percent,29,19,11,8,51,25.5
rl1,cenario3_tudo_aleatorio/180-600s_10-30percent,30,16,11,5,35,17.5
rl1,cenario3_tudo_aleatorio/180-600s_10-30percent,31,19,7,12,28,14.0
rl1,cenario3_tudo_aleatorio/180-600s_10-30percent,32,18,13,5,43,21.5
rl1,cenario3_tudo_aleatorio/180-600s_10-30percent,33,21,17,4,36,18.0
rl1,cenario3_tudo_aleatorio/180-600s_10-30percent,34,16,11,5,8,4.0
rl1,cenario3_tudo_aleatorio/180-600s_10-30percent,35,21,17,4,39,19.5
rl2,cenario1_tempo_fixo/310s_10percent,1,18,15,3,13,6.5
rl2,cenario1_tempo_fixo/310s_10percent,2,22,14,8,5,2.5
rl2,cenario1_tempo_fixo/310s_10percent,3,19,15,4,8,4.0
rl2,cenario1_tempo_fixo/310s_10percent,4,20,13,7,12,6.0
rl2,cenario1_tempo_fixo/310s_10percent,5,23,18,5,14,7.0
rl2,cenario1_tempo_fixo/310s_10percent,6,21,14,7,4,2.0
rl2,cenario1_tempo_fixo/310s_10percent,7,26,15,11,24,12.0
rl2,cenario1_tempo_fixo/310s_10percent,8,18,13,5,11,5.5
rl2,cenario1_tempo_fixo/310s_10percent,9,21,15,6,8,4.0
rl2,cenario1_tempo_fixo/310s_10percent,10,18,12,6,10,5.0
rl2,cenario1_tempo_fixo/310s_10percent,11,19,14,5,8,4.0
rl2,cenario1_tempo_fixo/310s_10percent,12,21,19,2,34,17.0
rl2,cenario1_tempo_fixo/310s_10percent,13,17,12,5,8,4.0
rl2,cenario1_tempo_fixo/310s_10percent,14,15,14,1,19,9.5
rl2,cenario1_tempo_fixo/310s_10percent,15,19,16,3,21,10.5
rl2,cenario1_tempo_fixo/310s_10percent,16,16,10,6,15,7.5
rl2,cenario1_tempo_fixo/310s_10percent,17,17,12,5,5,2.5
rl2,cenario1_tempo_fixo/310s_10percent,18,21,18,3,10,5.0
rl2,cenario1_tempo_fixo/310s_10percent,19,20,12,8,15,7.5
rl2,cenario1_tempo_fixo/310s_10percent,20,19,15,4,32,16.0
rl2,cenario1_tempo_fixo/310s_10percent,21,24,13,11,21,10.5
rl2,cenario1_tempo_fixo/310s_10percent,22,18,16,2,21,10.5
rl2,cenario1_tempo_fixo/310s_10percent,23,19,10,9,30,15.0
rl2,cenario1_tempo_fixo/310s_10percent,24,20,14,6,26,13.0
rl2,cenario1_tempo_fixo/310s_10percent,25,19,13,6,14,7.0
rl2,cenario1_tempo_fixo/310s_10percent,26,19,13,6,25,12.5
rl2,cenario1_tempo_fixo/310s_10percent,27,17,12,5,30,15.0
rl2,cenario1_tempo_fixo/310s_10percent,28,23,16,7,35,17.5
rl2,cenario1_tempo_fixo/310s_10percent,29,21,10,11,16,8.0
rl2,cenario1_tempo_fixo/310s_10percent,30,17,10,7,10,5.0
rl2,cenario1_tempo_fixo/310s_10percent,31,17,9,8,30,15.0
rl2,cenario1_tempo_fixo/310s_10percent,32,18,10,8,6,3.0
rl2,cenario1_tempo_fixo/310s_10percent,33,21,10,11,25,12.5
rl2,cenario1_tempo_fixo/310s_10percent,34,17,12,5,8,4.0
rl2,cenario1_tempo_fixo/310s_10percent,35,17,10,7,14,7.0
rl2,cenario1_tempo_fixo/310s_20percent,1,23,15,8,31,15.5
rl2,cenario1_tempo_fixo/310s_20percent,2,19,13,6,23,11.5
rl2,cenario1_tempo_fixo/310s_20percent,3,23,13,10,18,9.0
rl2,cenario1_tempo_fixo/310s_20percent,4,18,15,3,22,11.0
rl2,cenario1_tempo_fixo/310s_20percent,5,23,17,6,26,13.0
rl2,cenario1_tempo_fixo/310s_20percent,6,22,17,5,25,12.5
rl2,cenario1_tempo_fixo/310s_20percent,7,22,12,10,22,11.0
rl2,cenario1_tempo_fixo/310s_20percent,8,19,13,6,32,16.0
rl2,cenario1_tempo_fixo/310s_20percent,9,23,11,12,23,11.5
rl2,cenario1_tempo_fixo/310s_20percent,10,18,12,6,27,13.5
rl2,cenario1_tempo_fixo/310s_20percent,11,19,12,7,60,30.0
rl2,cenario1_tempo_fixo/310s_20percent,12,25,12,13,22,11.0
rl2,cenario1_tempo_fixo/310s_20percent,13,18,16,2,49,24.5
rl2,cenario1_tempo_fixo/310s_20percent,14,20,15,5,33,16.5
rl2,cenario1_tempo_fixo/310s_20percent,15,26,13,13,23,11.5
rl2,cenario1_tempo_fixo/310s_20percent,16,20,14,6,20,10.0
rl2,cenario1_tempo_fixo/310s_20percent,17,18,16,2,28,14.0
rl2,cenario1_tempo_fixo/310s_20percent,18,20,15,5,32,16.0
rl2,cenario1_tempo_fixo/310s_20percent,19,21,14,7,30,15.0
rl2,cenario1_tempo_fixo/310s_20percent,20,19,14,5,21,10.5
rl2,cenario1_tempo_fixo/310s_20percent,21,23,20,3,26,13.0
rl2,cenario1_tempo_fixo/310s_20percent,22,20,15,5,26,13.0
rl2,cenario1_tempo_fixo/310s_20percent,23,19,13,6,69,34.5
rl2,cenario1_tempo_fixo/310s_20percent,24,20,19,1,19,9.5
rl2,cenario1_tempo_fixo/310s_20percent,25,19,12,7,13,6.5
rl2,cenario1_tempo_fixo/310s_20percent,26,22,8,14,17,8.5
rl2,cenario1_tempo_fixo/310s_20percent,27,18,11,7,24,12.0
rl2,cenario1_tempo_fixo/310s_20percent,28,20,17,3,31,15.5
rl2,cenario1_tempo_fixo/310s_20percent,29,21,17,4,34,17.0
rl2,cenario1_tempo_fixo/310s_20percent,30,18,12,6,7,3.5
rl2,cenario1_tempo_fixo/310s_20percent,31,19,15,4,58,29.0
rl2,cenario1_tempo_fixo/310s_20percent,32,21,15,6,33,16.5
rl2,cenario1_tempo_fixo/310s_20percent,33,17,12,5,20,10.0
rl2,cenario1_tempo_fixo/310s_20percent,34,18,13,5,41,20.5
rl2,cenario1_tempo_fixo/310s_20percent,35,21,13,8,19,9.5
rl2,cenario1_tempo_fixo/310s_30percent,1,21,18,3,64,32.0
rl2,cenario1_tempo_fixo/310s_30percent,2,15,13,2,41,20.5
rl2,cenario1_tempo_fixo/310s_30percent,3,16,12,4,31,15.5
rl2,cenario1_tempo_fixo/310s_30percent,4,18,18,0,31,15.5
rl2,cenario1_tempo_fixo/310s_30percent,5,27,16,11,54,27.0
rl2,cenario1_tempo_fixo/310s_30percent,6,16,14,2,38,19.0
rl2,cenario1_tempo_fixo/310s_30percent,7,21,17,4,51,25.5
rl2,cenario1_tempo_fixo/310s_30percent,8,22,13,9,48,24.0
rl2,cenario1_tempo_fixo/310s_30percent,9,20,14,6,30,15.0
rl2,cenario1_tempo_fixo/310s_30percent,10,23,16,7,49,24.5
rl2,cenario1_tempo_fixo/310s_30percent,11,19,16,3,44,22.0
rl2,cenario1_tempo_fixo/310s_30percent,12,25,18,7,29,14.5
rl2,cenario1_tempo_fixo/310s_30percent,13,28,26,2,11,5.5
rl2,cenario1_tempo_fixo/310s_30percent,14,18,17,1,55,27.5
rl2,cenario1_tempo_fixo/310s_30percent,15,19,15,4,41,20.5
rl2,cenario1_tempo_fixo/310s_30percent,16,25,18,7,39,19.5
rl2,cenario1_tempo_fixo/310s_30percent,17,18,13,5,60,30.0
rl2,cenario1_tempo_fixo/310s_30percent,18,16,14,2,30,15.0
rl2,cenario1_tempo_fixo/310s_30percent,19,18,17,1,44,22.0
rl2,cenario1_tempo_fixo/310s_30percent,20,24,20,4,14,7.0
rl2,cenario1_tempo_fixo/310s_30percent,21,15,12,3,43,21.5
rl2,cenario1_tempo_fixo/310s_30percent,22,19,11,8,32,16.0
rl2,cenario1_tempo_fixo/310s_30percent,23,21,19,2,58,29.0
rl2,cenario1_tempo_fixo/310s_30percent,24,20,15,5,54,27.0
rl2,cenario1_tempo_fixo/310s_30percent,25,20,15,5,34,17.0
rl2,cenario1_tempo_fixo/310s_30percent,26,23,12,11,28,14.0
rl2,cenario1_tempo_fixo/310s_30percent,27,21,14,7,36,18.0
rl2,cenario1_tempo_fixo/310s_30percent,28,20,13,7,23,11.5
rl2,cenario1_tempo_fixo/310s_30percent,29,22,19,3,35,17.5
rl2,cenario1_tempo_fixo/310s_30percent,30,23,13,10,40,20.0
rl2,cenario1_tempo_fixo/310s_30percent,31,21,16,5,42,21.0
rl2,cenario1_tempo_fixo/310s_30percent,32,21,14,7,21,10.5
rl2,cenario1_tempo_fixo/310s_30percent,33,18,12,6,45,22.5
rl2,cenario1_tempo_fixo/310s_30percent,34,24,23,1,50,25.0
rl2,cenario1_tempo_fixo/310s_30percent,35,23,19,4,62,31.0
rl2,cenario2_tempo_aleatorio/180-600s_10percent,1,19,12,7,25,12.5
rl2,cenario2_tempo_aleatorio/180-600s_10percent,2,19,15,4,15,7.5
rl2,cenario2_tempo_aleatorio/180-600s_10percent,3,20,12,8,26,13.0
rl2,cenario2_tempo_aleatorio/180-600s_10percent,4,21,12,9,31,15.5
rl2,cenario2_tempo_aleatorio/180-600s_10percent,5,23,17,6,22,11.0
rl2,cenario2_tempo_aleatorio/180-600s_10percent,6,22,21,1,8,4.0
rl2,cenario2_tempo_aleatorio/180-600s_10percent,7,24,20,4,21,10.5
rl2,cenario2_tempo_aleatorio/180-600s_10percent,8,21,18,3,28,14.0
rl2,cenario2_tempo_aleatorio/180-600s_10percent,9,16,11,5,28,14.0
rl2,cenario2_tempo_aleatorio/180-600s_10percent,10,15,11,4,20,10.0
rl2,cenario2_tempo_aleatorio/180-600s_10percent,11,21,14,7,25,12.5
rl2,cenario2_tempo_aleatorio/180-600s_10percent,12,17,11,6,1,0.5
rl2,cenario2_tempo_aleatorio/180-600s_10percent,13,18,18,0,10,5.0
rl2,cenario2_tempo_aleatorio/180-600s_10percent,14,20,14,6,22,11.0
rl2,cenario2_tempo_aleatorio/180-600s_10percent,15,22,14,8,16,8.0
rl2,cenario2_tempo_aleatorio/180-600s_10percent,16,21,18,3,17,8.5
rl2,cenario2_tempo_aleatorio/180-600s_10percent,17,22,14,8,4,2.0
rl2,cenario2_tempo_aleatorio/180-600s_10percent,18,18,16,2,18,9.0
rl2,cenario2_tempo_aleatorio/180-600s_10percent,19,23,12,11,24,12.0
rl2,cenario2_tempo_aleatorio/180-600s_10percent,20,20,13,7,8,4.0
rl2,cenario2_tempo_aleatorio/180-600s_10percent,21,24,18,6,8,4.0
rl2,cenario2_tempo_aleatorio/180-600s_10percent,22,18,16,2,26,13.0
rl2,cenario2_tempo_aleatorio/180-600s_10percent,23,18,12,6,21,10.5
rl2,cenario2_tempo_aleatorio/180-600s_10percent,24,19,11,8,16,8.0
rl2,cenario2_tempo_aleatorio/180-600s_10percent,25,23,12,11,9,4.5
rl2,cenario2_tempo_aleatorio/180-600s_10percent,26,19,10,9,30,15.0
rl2,cenario2_tempo_aleatorio/180-600s_10percent,27,18,15,3,31,15.5
rl2,cenario2_tempo_aleatorio/180-600s_10percent,28,19,14,5,20,10.0
rl2,cenario2_tempo_aleatorio/180-600s_10percent,29,17,13,4,30,15.0
rl2,cenario2_tempo_aleatorio/180-600s_10percent,30,17,10,7,32,16.0
rl2,cenario2_tempo_aleatorio/180-600s_10percent,31,13,11,2,15,7.5
rl2,cenario2_tempo_aleatorio/180-600s_10percent,32,18,15,3,25,12.5
rl2,cenario2_tempo_aleatorio/180-600s_10percent,33,13,9,4,20,10.0
rl2,cenario2_tempo_aleatorio/180-600s_10percent,34,18,16,2,31,15.5
rl2,cenario2_tempo_aleatorio/180-600s_10percent,35,22,15,7,9,4.5
rl2,cenario2_tempo_aleatorio/180-600s_20percent,1,23,19,4,31,15.5
rl2,cenario2_tempo_aleatorio/180-600s_20percent,2,18,11,7,12,6.0
rl2,cenario2_tempo_aleatorio/180-600s_20percent,3,19,12,7,23,11.5
rl2,cenario2_tempo_aleatorio/180-600s_20percent,4,17,8,9,61,30.5
rl2,cenario2_tempo_aleatorio/180-600s_20percent,5,15,14,1,47,23.5
rl2,cenario2_tempo_aleatorio/180-600s_20percent,6,18,13,5,19,9.5
rl2,cenario2_tempo_aleatorio/180-600s_20percent,7,18,11,7,24,12.0
rl2,cenario2_tempo_aleatorio/180-600s_20percent,8,18,13,5,38,19.0
rl2,cenario2_tempo_aleatorio/180-600s_20percent,9,18,14,4,19,9.5
rl2,cenario2_tempo_aleatorio/180-600s_20percent,10,25,26,0,16,8.0
rl2,cenario2_tempo_aleatorio/180-600s_20percent,11,18,12,6,33,16.5
rl2,cenario2_tempo_aleatorio/180-600s_20percent,12,14,11,3,51,25.5
rl2,cenario2_tempo_aleatorio/180-600s_20percent,13,22,17,5,28,14.0
rl2,cenario2_tempo_aleatorio/180-600s_20percent,14,21,14,7,62,31.0
rl2,cenario2_tempo_aleatorio/180-600s_20percent,15,19,15,4,47,23.5
rl2,cenario2_tempo_aleatorio/180-600s_20percent,16,19,11,8,18,9.0
rl2,cenario2_tempo_aleatorio/180-600s_20percent,17,23,17,6,28,14.0
rl2,cenario2_tempo_aleatorio/180-600s_20percent,18,20,12,8,27,13.5
rl2,cenario2_tempo_aleatorio/180-600s_20percent,19,18,12,6,11,5.5
rl2,cenario2_tempo_aleatorio/180-600s_20percent,20,16,9,7,19,9.5
rl2,cenario2_tempo_aleatorio/180-600s_20percent,21,14,14,0,57,28.5
rl2,cenario2_tempo_aleatorio/180-600s_20percent,22,20,16,4,52,26.0
rl2,cenario2_tempo_aleatorio/180-600s_20percent,23,20,18,2,24,12.0
rl2,cenario2_tempo_aleatorio/180-600s_20percent,24,17,16,1,44,22.0
rl2,cenario2_tempo_aleatorio/180-600s_20percent,25,24,18,6,53,26.5
rl2,cenario2_tempo_aleatorio/180-600s_20percent,26,19,15,4,39,19.5
rl2,cenario2_tempo_aleatorio/180-600s_20percent,27,21,13,8,21,10.5
rl2,cenario2_tempo_aleatorio/180-600s_20percent,28,22,14,8,32,16.0
rl2,cenario2_tempo_aleatorio/180-600s_20percent,29,19,14,5,45,22.5
rl2,cenario2_tempo_aleatorio/180-600s_20percent,30,17,11,6,41,20.5
rl2,cenario2_tempo_aleatorio/180-600s_20percent,31,21,12,9,47,23.5
rl2,cenario2_tempo_aleatorio/180-600s_20percent,32,18,13,5,27,13.5
rl2,cenario2_tempo_aleatorio/180-600s_20percent,33,21,14,7,60,30.0
rl2,cenario2_tempo_aleatorio/180-600s_20percent,34,21,21,0,34,17.0
rl2,cenario2_tempo_aleatorio/180-600s_20percent,35,21,15,6,58,29.0
rl2,cenario2_tempo_aleatorio/180-600s_30percent,1,19,13,6,56,28.0
rl2,cenario2_tempo_aleatorio/180-600s_30percent,2,22,11,11,31,15.5
rl2,cenario2_tempo_aleatorio/180-600s_30percent,3,21,16,5,30,15.0
rl2,cenario2_tempo_aleatorio/180-600s_30percent,4,15,14,1,45,22.5
rl2,cenario2_tempo_aleatorio/180-600s_30percent,5,18,18,0,37,18.5
rl2,cenario2_tempo_aleatorio/180-600s_30percent,6,22,14,8,30,15.0
rl2,cenario2_tempo_aleatorio/180-600s_30percent,7,27,18,9,41,20.5
rl2,cenario2_tempo_aleatorio/180-600s_30percent,8,17,15,2,42,21.0
rl2,cenario2_tempo_aleatorio/180-600s_30percent,9,23,13,10,59,29.5
rl2,cenario2_tempo_aleatorio/180-600s_30percent,10,22,18,4,22,11.0
rl2,cenario2_tempo_aleatorio/180-600s_30percent,11,19,17,2,31,15.5
rl2,cenario2_tempo_aleatorio/180-600s_30percent,12,19,17,2,63,31.5
rl2,cenario2_tempo_aleatorio/180-600s_30percent,13,19,14,5,48,24.0
rl2,cenario2_tempo_aleatorio/180-600s_30percent,14,23,22,1,22,11.0
rl2,cenario2_tempo_aleatorio/180-600s_30percent,15,15,10,5,83,41.5
rl2,cenario2_tempo_aleatorio/180-600s_30percent,16,17,13,4,16,8.0
rl2,cenario2_tempo_aleatorio/180-600s_30percent,17,16,14,2,36,18.0
rl2,cenario2_tempo_aleatorio/180-600s_30percent,18,24,19,5,47,23.5
rl2,cenario2_tempo_aleatorio/180-600s_30percent,19,22,17,5,52,26.0
rl2,cenario2_tempo_aleatorio/180-600s_30percent,20,22,13,9,53,26.5
rl2,cenario2_tempo_aleatorio/180-600s_30percent,21,20,12,8,49,24.5
rl2,cenario2_tempo_aleatorio/180-600s_30percent,22,19,13,6,25,12.5
rl2,cenario2_tempo_aleatorio/180-600s_30percent,23,16,13,3,55,27.5
rl2,cenario2_tempo_aleatorio/180-600s_30percent,24,24,17,7,72,36.0
rl2,cenario2_tempo_aleatorio/180-600s_30percent,25,19,16,3,38,19.0
rl2,cenario2_tempo_aleatorio/180-600s_30percent,26,18,16,2,33,16.5
rl2,cenario2_tempo_aleatorio/180-600s_30percent,27,19,13,6,30,15.0
rl2,cenario2_tempo_aleatorio/180-600s_30percent,28,20,16,4,61,30.5
rl2,cenario2_tempo_aleatorio/180-600s_30percent,29,19,16,3,56,28.0
rl2,cenario2_tempo_aleatorio/180-600s_30percent,30,26,19,7,75,37.5
rl2,cenario2_tempo_aleatorio/180-600s_30percent,31,18,12,6,29,14.5
rl2,cenario2_tempo_aleatorio/180-600s_30percent,32,21,12,9,65,32.5
rl2,cenario2_tempo_aleatorio/180-600s_30percent,33,18,15,3,53,26.5
rl2,cenario2_tempo_aleatorio/180-600s_30percent,34,17,13,4,77,38.5
rl2,cenario2_tempo_aleatorio/180-600s_30percent,35,20,13,7,23,11.5
rl2,cenario3_tudo_aleatorio/180-600s_10-30percent,1,24,19,5,38,19.0
rl2,cenario3_tudo_aleatorio/180-600s_10-30percent,2,14,11,3,23,11.5
rl2,cenario3_tudo_aleatorio/180-600s_10-30percent,3,22,15,7,26,13.0
rl2,cenario3_tudo_aleatorio/180-600s_10-30percent,4,26,24,2,27,13.5
rl2,cenario3_tudo_aleatorio/180-600s_10-30percent,5,13,13,0,65,32.5
rl2,cenario3_tudo_aleatorio/180-600s_10-30percent,6,19,12,7,23,11.5
rl2,cenario3_tudo_aleatorio/180-600s_10-30percent,7,17,14,3,43,21.5
rl2,cenario3_tudo_aleatorio/180-600s_10-30percent,8,15,11,4,89,44.5
rl2,cenario3_tudo_aleatorio/180-600s_10-30percent,9,16,10,6,13,6.5
rl2,cenario3_tudo_aleatorio/180-600s_10-30percent,10,19,17,2,28,14.0
rl2,cenario3_tudo_aleatorio/180-600s_10-30percent,11,20,13,7,16,8.0
rl2,cenario3_tudo_aleatorio/180-600s_10-30percent,12,18,15,3,14,7.0
rl2,cenario3_tudo_aleatorio/180-600s_10-30percent,13,17,12,5,52,26.0
rl2,cenario3_tudo_aleatorio/180-600s_10-30percent,14,16,8,8,19,9.5
rl2,cenario3_tudo_aleatorio/180-600s_10-30percent,15,18,9,9,22,11.0
rl2,cenario3_tudo_aleatorio/180-600s_10-30percent,16,19,12,7,20,10.0
rl2,cenario3_tudo_aleatorio/180-600s_10-30percent,17,17,10,7,37,18.5
rl2,cenario3_tudo_aleatorio/180-600s_10-30percent,18,19,17,2,61,30.5
rl2,cenario3_tudo_aleatorio/180-600s_10-30percent,19,21,17,4,51,25.5
rl2,cenario3_tudo_aleatorio/180-600s_10-30percent,20,15,10,5,27,13.5
rl2,cenario3_tudo_aleatorio/180-600s_10-30percent,21,25,21,4,51,25.5
rl2,cenario3_tudo_aleatorio/180-600s_10-30percent,22,19,14,5,36,18.0
rl2,cenario3_tudo_aleatorio/180-600s_10-30percent,23,16,13,3,52,26.0
rl2,cenario3_tudo_aleatorio/180-600s_10-30percent,24,23,18,5,13,6.5
rl2,cenario3_tudo_aleatorio/180-600s_10-30percent,25,19,12,7,36,18.0
rl2,cenario3_tudo_aleatorio/180-600s_10-30percent,26,20,17,3,17,8.5
rl2,cenario3_tudo_aleatorio/180-600s_10-30percent,27,19,17,2,32,16.0
rl2,cenario3_tudo_aleatorio/180-600s_10-30percent,28,22,15,7,25,12.5
rl2,cenario3_tudo_aleatorio/180-600s_10-30percent,29,15,12,3,39,19.5
rl2,cenario3_tudo_aleatorio/180-600s_10-30percent,30,20,13,7,30,15.0
rl2,cenario3_tudo_aleatorio/180-600s_10-30percent,31,24,16,8,25,12.5
rl2,cenario3_tudo_aleatorio/180-600s_10-30percent,32,19,12,7,26,13.0
rl2,cenario3_tudo_aleatorio/180-600s_10-30percent,33,17,14,3,44,22.0
rl2,cenario3_tudo_aleatorio/180-600s_10-30percent,34,17,12,5,25,12.5
rl2,cenario3_tudo_aleatorio/180-600s_10-30percent,35,25,19,6,24,12.0
rl3,cenario1_tempo_fixo/310s_10percent,1,17,10,7,19,9.5
rl3,cenario1_tempo_fixo/310s_10percent,2,17,11,6,14,7.0
rl3,cenario1_tempo_fixo/310s_10percent,3,18,16,2,17,8.5
rl3,cenario1_tempo_fixo/310s_10percent,4,22,16,6,4,2.0
rl3,cenario1_tempo_fixo/310s_10percent,5,18,18,0,24,12.0
rl3,cenario1_tempo_fixo/310s_10percent,6,22,16,6,15,7.5
rl3,cenario1_tempo_fixo/310s_10percent,7,20,11,9,21,10.5
rl3,cenario1_tempo_fixo/310s_10percent,8,21,16,5,33,16.5
rl3,cenario1_tempo_fixo/310s_10percent,9,21,12,9,29,14.5
rl3,cenario1_tempo_fixo/310s_10percent,10,20,12,8,29,14.5
rl3,cenario1_tempo_fixo/310s_10percent,11,19,14,5,13,6.5
rl3,cenario1_tempo_fixo/310s_10percent,12,25,22,3,17,8.5
rl3,cenario1_tempo_fixo/310s_10percent,13,26,15,11,14,7.0
rl3,cenario1_tempo_fixo/310s_10percent,14,19,15,4,13,6.5
rl3,cenario1_tempo_fixo/310s_10percent,15,20,13,7,20,10.0
rl3,cenario1_tempo_fixo/310s_10percent,16,19,14,5,26,13.0
rl3,cenario1_tempo_fixo/310s_10percent,17,21,11,10,11,5.5
rl3,cenario1_tempo_fixo/310s_10percent,18,20,15,5,27,13.5
rl3,cenario1_tempo_fixo/310s_10percent,19,20,7,13,11,5.5
rl3,cenario1_tempo_fixo/310s_10percent,20,15,14,1,30,15.0
rl3,cenario1_tempo_fixo/310s_10percent,21,18,10,8,22,11.0
rl3,cenario1_tempo_fixo/310s_10percent,22,19,15,4,5,2.5
rl3,cenario1_tempo_fixo/310s_10percent,23,22,14,8,9,4.5
rl3,cenario1_tempo_fixo/310s_10percent,24,18,13,5,22,11.0
rl3,cenario1_tempo_fixo/310s_10percent,25,22,16,6,23,11.5
rl3,cenario1_tempo_fixo/310s_10percent,26,16,15,1,19,9.5
rl3,cenario1_tempo_fixo/310s_10percent,27,22,18,4,32,16.0
rl3,cenario1_tempo_fixo/310s_10percent,28,17,16,1,22,11.0
rl3,cenario1_tempo_fixo/310s_10percent,29,27,16,11,21,10.5
rl3,cenario1_tempo_fixo/310s_10percent,30,15,9,6,28,14.0
rl3,cenario1_tempo_fixo/310s_10percent,31,18,6,12,4,2.0
rl3,cenario1_tempo_fixo/310s_10percent,32,19,10,9,23,11.5
rl3,cenario1_tempo_fixo/310s_10percent,33,23,15,8,24,12.0
rl3,cenario1_tempo_fixo/310s_10percent,34,19,17,2,6,3.0
rl3,cenario1_tempo_fixo/310s_10percent,35,24,20,4,14,7.0
rl3,cenario1_tempo_fixo/310s_20percent,1,26,12,14,21,10.5
rl3,cenario1_tempo_fixo/310s_20percent,2,24,16,8,9,4.5
rl3,cenario1_tempo_fixo/310s_20percent,3,16,15,1,32,16.0
rl3,cenario1_tempo_fixo/310s_20percent,4,25,19,6,8,4.0
rl3,cenario1_tempo_fixo/310s_20percent,5,21,14,7,47,23.5
rl3,cenario1_tempo_fixo/310s_20percent,6,20,11,9,30,15.0
rl3,cenario1_tempo_fixo/310s_20percent,7,19,12,7,29,14.5
rl3,cenario1_tempo_fixo/310s_20percent,8,17,15,2,34,17.0
rl3,cenario1_tempo_fixo/310s_20percent,9,18,16,2,42,21.0
rl3,cenario1_tempo_fixo/310s_20percent,10,16,9,7,22,11.0
rl3,cenario1_tempo_fixo/310s_20percent,11,18,11,7,37,18.5
rl3,cenario1_tempo_fixo/310s_20percent,12,19,14,5,39,19.5
rl3,cenario1_tempo_fixo/310s_20percent,13,19,15,4,27,13.5
rl3,cenario1_tempo_fixo/310s_20percent,14,15,13,2,52,26.0
rl3,cenario1_tempo_fixo/310s_20percent,15,17,11,6,21,10.5
rl3,cenario1_tempo_fixo/310s_20percent,16,15,14,1,31,15.5
rl3,cenario1_tempo_fixo/310s_20percent,17,16,12,4,54,27.0
rl3,cenario1_tempo_fixo/310s_20percent,18,21,16,5,44,22.0
rl3,cenario1_tempo_fixo/310s_20percent,19,22,15,7,6,3.0
rl3,cenario1_tempo_fixo/310s_20percent,20,19,11,8,34,17.0
rl3,cenario1_tempo_fixo/310s_20percent,21,21,19,2,18,9.0
rl3,cenario1_tempo_fixo/310s_20percent,22,17,16,1,26,13.0
rl3,cenario1_tempo_fixo/310s_20percent,23,21,14,7,26,13.0
rl3,cenario1_tempo_fixo/310s_20percent,24,18,11,7,9,4.5
rl3,cenario1_tempo_fixo/310s_20percent,25,20,13,7,13,6.5
rl3,cenario1_tempo_fixo/310s_20percent,26,24,17,7,15,7.5
rl3,cenario1_tempo_fixo/310s_20percent,27,23,11,12,26,13.0
rl3,cenario1_tempo_fixo/310s_20percent,28,24,14,10,23,11.5
rl3,cenario1_tempo_fixo/310s_20percent,29,22,16,6,14,7.0
rl3,cenario1_tempo_fixo/310s_20percent,30,25,19,6,31,15.5
rl3,cenario1_tempo_fixo/310s_20percent,31,17,16,1,26,13.0
rl3,cenario1_tempo_fixo/310s_20percent,32,24,21,3,11,5.5
rl3,cenario1_tempo_fixo/310s_20percent,33,25,15,10,50,25.0
rl3,cenario1_tempo_fixo/310s_20percent,34,18,12,6,53,26.5
rl3,cenario1_tempo_fixo/310s_20percent,35,19,15,4,31,15.5
rl3,cenario1_tempo_fixo/310s_30percent,1,30,20,10,51,25.5
rl3,cenario1_tempo_fixo/310s_30percent,2,21,14,7,41,20.5
rl3,cenario1_tempo_fixo/310s_30percent,3,18,15,3,57,28.5
rl3,cenario1_tempo_fixo/310s_30percent,4,23,17,6,61,30.5
rl3,cenario1_tempo_fixo/310s_30percent,5,20,15,5,47,23.5
rl3,cenario1_tempo_fixo/310s_30percent,6,17,11,6,14,7.0
rl3,cenario1_tempo_fixo/310s_30percent,7,18,13,5,40,20.0
rl3,cenario1_tempo_fixo/310s_30percent,8,18,15,3,43,21.5
rl3,cenario1_tempo_fixo/310s_30percent,9,18,15,3,45,22.5
rl3,cenario1_tempo_fixo/310s_30percent,10,25,20,5,51,25.5
rl3,cenario1_tempo_fixo/310s_30percent,11,20,14,6,37,18.5
rl3,cenario1_tempo_fixo/310s_30percent,12,19,11,8,37,18.5
rl3,cenario1_tempo_fixo/310s_30percent,13,19,18,1,48,24.0
rl3,cenario1_tempo_fixo/310s_30percent,14,21,16,5,53,26.5
rl3,cenario1_tempo_fixo/310s_30percent,15,17,12,5,34,17.0
rl3,cenario1_tempo_fixo/310s_30percent,16,15,13,2,41,20.5
rl3,cenario1_tempo_fixo/310s_30percent,17,18,13,5,27,13.5
rl3,cenario1_tempo_fixo/310s_30percent,18,20,15,5,39,19.5
rl3,cenario1_tempo_fixo/310s_30percent,19,17,15,2,55,27.5
rl3,cenario1_tempo_fixo/310s_30percent,20,21,14,7,46,23.0
rl3,cenario1_tempo_fixo/310s_30percent,21,19,14,5,49,24.5
rl3,cenario1_tempo_fixo/310s_30percent,22,21,14,7,45,22.5
rl3,cenario1_tempo_fixo/310s_30percent,23,20,15,5,56,28.0
rl3,cenario1_tempo_fixo/310s_30percent,24,22,13,9,45,22.5
rl3,cenario1_tempo_fixo/310s_30percent,25,21,10,11,22,11.0
rl3,cenario1_tempo_fixo/310s_30percent,26,18,10,8,37,18.5
rl3,cenario1_tempo_fixo/310s_30percent,27,21,19,2,43,21.5
rl3,cenario1_tempo_fixo/310s_30percent,28,27,18,9,25,12.5
rl3,cenario1_tempo_fixo/310s_30percent,29,16,11,5,50,25.0
rl3,cenario1_tempo_fixo/310s_30percent,30,18,16,2,47,23.5
rl3,cenario1_tempo_fixo/310s_30percent,31,19,12,7,35,17.5
rl3,cenario1_tempo_fixo/310s_30percent,32,18,13,5,23,11.5
rl3,cenario1_tempo_fixo/310s_30percent,33,18,10,8,38,19.0
rl3,cenario1_tempo_fixo/310s_30percent,34,27,24,3,47,23.5
rl3,cenario1_tempo_fixo/310s_30percent,35,18,13,5,15,7.5
rl3,cenario2_tempo_aleatorio/180-600s_10percent,1,21,12,9,28,14.0
rl3,cenario2_tempo_aleatorio/180-600s_10percent,2,23,13,10,29,14.5
rl3,cenario2_tempo_aleatorio/180-600s_10percent,3,17,10,7,24,12.0
rl3,cenario2_tempo_aleatorio/180-600s_10percent,4,16,12,4,5,2.5
rl3,cenario2_tempo_aleatorio/180-600s_10percent,5,24,22,2,21,10.5
rl3,cenario2_tempo_aleatorio/180-600s_10percent,6,24,17,7,27,13.5
rl3,cenario2_tempo_aleatorio/180-600s_10percent,7,19,13,6,16,8.0
rl3,cenario2_tempo_aleatorio/180-600s_10percent,8,21,13,8,25,12.5
rl3,cenario2_tempo_aleatorio/180-600s_10percent,9,19,12,7,18,9.0
rl3,cenario2_tempo_aleatorio/180-600s_10percent,10,23,13,10,15,7.5
rl3,cenario2_tempo_aleatorio/180-600s_10percent,11,20,8,12,25,12.5
rl3,cenario2_tempo_aleatorio/180-600s_10percent,12,18,11,7,11,5.5
rl3,cenario2_tempo_aleatorio/180-600s_10percent,13,19,12,7,4,2.0
rl3,cenario2_tempo_aleatorio/180-600s_10percent,14,20,15,5,16,8.0
rl3,cenario2_tempo_aleatorio/180-600s_10percent,15,17,12,5,11,5.5
rl3,cenario2_tempo_aleatorio/180-600s_10percent,16,16,13,3,36,18.0
rl3,cenario2_tempo_aleatorio/180-600s_10percent,17,22,18,4,26,13.0
rl3,cenario2_tempo_aleatorio/180-600s_10percent,18,15,13,2,7,3.5
rl3,cenario2_tempo_aleatorio/180-600s_10percent,19,20,10,10,29,14.5
rl3,cenario2_tempo_aleatorio/180-600s_10percent,20,20,13,7,19,9.5
rl3,cenario2_tempo_aleatorio/180-600s_10percent,21,20,13,7,10,5.0
rl3,cenario2_tempo_aleatorio/180-600s_10percent,22,20,15,5,31,15.5
rl3,cenario2_tempo_aleatorio/180-600s_10percent,23,17,9,8,29,14.5
rl3,cenario2_tempo_aleatorio/180-600s_10percent,24,23,16,7,27,13.5
rl3,cenario2_tempo_aleatorio/180-600s_10percent,25,18,13,5,28,14.0
rl3,cenario2_tempo_aleatorio/180-600s_10percent,26,19,11,8,14,7.0
rl3,cenario2_tempo_aleatorio/180-600s_10percent,27,17,14,3,24,12.0
rl3,cenario2_tempo_aleatorio/180-600s_10percent,28,20,17,3,28,14.0
rl3,cenario2_tempo_aleatorio/180-600s_10percent,29,16,14,2,29,14.5
rl3,cenario2_tempo_aleatorio/180-600s_10percent,30,19,12,7,30,15.0
rl3,cenario2_tempo_aleatorio/180-600s_10percent,31,26,20,6,17,8.5
rl3,cenario2_tempo_aleatorio/180-600s_10percent,32,17,12,5,10,5.0
rl3,cenario2_tempo_aleatorio/180-600s_10percent,33,21,18,3,11,5.5
rl3,cenario2_tempo_aleatorio/180-600s_10percent,34,16,10,6,14,7.0
rl3,cenario2_tempo_aleatorio/180-600s_10percent,35,19,14,5,31,15.5
rl3,cenario2_tempo_aleatorio/180-600s_20percent,1,24,14,10,21,10.5
rl3,cenario2_tempo_aleatorio/180-600s_20percent,2,18,10,8,7,3.5
rl3,cenario2_tempo_aleatorio/180-600s_20percent,3,18,12,6,13,6.5
rl3,cenario2_tempo_aleatorio/180-600s_20percent,4,19,11,8,5,2.5
rl3,cenario2_tempo_aleatorio/180-600s_20percent,5,18,15,3,12,6.0
rl3,cenario2_tempo_aleatorio/180-600s_20percent,6,15,11,4,24,12.0
rl3,cenario2_tempo_aleatorio/180-600s_20percent,7,15,12,3,11,5.5
rl3,cenario2_tempo_aleatorio/180-600s_20percent,8,17,15,2,31,15.5
rl3,cenario2_tempo_aleatorio/180-600s_20percent,9,21,11,10,29,14.5
rl3,cenario2_tempo_aleatorio/180-600s_20percent,10,16,13,3,41,20.5
rl3,cenario2_tempo_aleatorio/180-600s_20percent,11,23,15,8,13,6.5
rl3,cenario2_tempo_aleatorio/180-600s_20percent,12,18,15,3,48,24.0
rl3,cenario2_tempo_aleatorio/180-600s_20percent,13,16,8,8,19,9.5
rl3,cenario2_tempo_aleatorio/180-600s_20percent,14,19,15,4,26,13.0
rl3,cenario2_tempo_aleatorio/180-600s_20percent,15,14,11,3,28,14.0
rl3,cenario2_tempo_aleatorio/180-600s_20percent,16,23,12,11,24,12.0
rl3,cenario2_tempo_aleatorio/180-600s_20percent,17,20,13,7,50,25.0
rl3,cenario2_tempo_aleatorio/180-600s_20percent,18,22,15,7,45,22.5
rl3,cenario2_tempo_aleatorio/180-600s_20percent,19,19,17,2,34,17.0
rl3,cenario2_tempo_aleatorio/180-600s_20percent,20,26,18,8,13,6.5
rl3,cenario2_tempo_aleatorio/180-600s_20percent,21,15,10,5,7,3.5
rl3,cenario2_tempo_aleatorio/180-600s_20percent,22,19,12,7,10,5.0
rl3,cenario2_tempo_aleatorio/180-600s_20percent,23,26,20,6,35,17.5
rl3,cenario2_tempo_aleatorio/180-600s_20percent,24,17,12,5,49,24.5
rl3,cenario2_tempo_aleatorio/180-600s_20percent,25,17,10,7,17,8.5
rl3,cenario2_tempo_aleatorio/180-600s_20percent,26,19,13,6,23,11.5
rl3,cenario2_tempo_aleatorio/180-600s_20percent,27,19,10,9,24,12.0
rl3,cenario2_tempo_aleatorio/180-600s_20percent,28,18,10,8,9,4.5
rl3,cenario2_tempo_aleatorio/180-600s_20percent,29,23,14,9,20,10.0
rl3,cenario2_tempo_aleatorio/180-600s_20percent,30,21,14,7,24,12.0
rl3,cenario2_tempo_aleatorio/180-600s_20percent,31,20,15,5,40,20.0
rl3,cenario2_tempo_aleatorio/180-600s_20percent,32,28,20,8,50,25.0
rl3,cenario2_tempo_aleatorio/180-600s_20percent,33,19,14,5,19,9.5
rl3,cenario2_tempo_aleatorio/180-600s_20percent,34,17,12,5,13,6.5
rl3,cenario2_tempo_aleatorio/180-600s_20percent,35,22,17,5,56,28.0
rl3,cenario2_tempo_aleatorio/180-600s_30percent,1,17,9,8,22,11.0
rl3,cenario2_tempo_aleatorio/180-600s_30percent,2,18,8,10,42,21.0
rl3,cenario2_tempo_aleatorio/180-600s_30percent,3,19,14,5,38,19.0
rl3,cenario2_tempo_aleatorio/180-600s_30percent,4,18,17,1,48,24.0
rl3,cenario2_tempo_aleatorio/180-600s_30percent,5,17,11,6,44,22.0
rl3,cenario2_tempo_aleatorio/180-600s_30percent,6,21,18,3,52,26.0
rl3,cenario2_tempo_aleatorio/180-600s_30percent,7,19,17,2,65,32.5
rl3,cenario2_tempo_aleatorio/180-600s_30percent,8,22,15,7,22,11.0
rl3,cenario2_tempo_aleatorio/180-600s_30percent,9,19,10,9,28,14.0
rl3,cenario2_tempo_aleatorio/180-600s_30percent,10,19,14,5,42,21.0
rl3,cenario2_tempo_aleatorio/180-600s_30percent,11,17,11,6,54,27.0
rl3,cenario2_tempo_aleatorio/180-600s_30percent,12,15,12,3,48,24.0
rl3,cenario2_tempo_aleatorio/180-600s_30percent,13,16,12,4,61,30.5
rl3,cenario2_tempo_aleatorio/180-600s_30percent,14,22,19,3,19,9.5
rl3,cenario2_tempo_aleatorio/180-600s_30percent,15,17,17,0,66,33.0
rl3,cenario2_tempo_aleatorio/180-600s_30percent,16,16,15,1,72,36.0
rl3,cenario2_tempo_aleatorio/180-600s_30percent,17,22,14,8,76,38.0
rl3,cenario2_tempo_aleatorio/180-600s_30percent,18,21,14,7,20,10.0
rl3,cenario2_tempo_aleatorio/180-600s_30percent,19,20,19,1,39,19.5
rl3,cenario2_tempo_aleatorio/180-600s_30percent,20,24,21,3,36,18.0
rl3,cenario2_tempo_aleatorio/180-600s_30percent,21,22,24,0,50,25.0
rl3,cenario2_tempo_aleatorio/180-600s_30percent,22,20,17,3,38,19.0
rl3,cenario2_tempo_aleatorio/180-600s_30percent,23,22,18,4,40,20.0
rl3,cenario2_tempo_aleatorio/180-600s_30percent,24,18,12,6,58,29.0
rl3,cenario2_tempo_aleatorio/180-600s_30percent,25,22,19,3,62,31.0
rl3,cenario2_tempo_aleatorio/180-600s_30percent,26,17,15,2,29,14.5
rl3,cenario2_tempo_aleatorio/180-600s_30percent,27,18,13,5,44,22.0
rl3,cenario2_tempo_aleatorio/180-600s_30percent,28,16,13,3,38,19.0
rl3,cenario2_tempo_aleatorio/180-600s_30percent,29,22,19,3,62,31.0
rl3,cenario2_tempo_aleatorio/180-600s_30percent,30,25,19,6,37,18.5
rl3,cenario2_tempo_aleatorio/180-600s_30percent,31,14,12,2,49,24.5
rl3,cenario2_tempo_aleatorio/180-600s_30percent,32,19,11,8,42,21.0
rl3,cenario2_tempo_aleatorio/180-600s_30percent,33,18,12,6,20,10.0
rl3,cenario2_tempo_aleatorio/180-600s_30percent,34,22,21,1,42,21.0
rl3,cenario2_tempo_aleatorio/180-600s_30percent,35,21,12,9,65,32.5
rl3,cenario3_tudo_aleatorio/180-600s_10-30percent,1,16,14,2,37,18.5
rl3,cenario3_tudo_aleatorio/180-600s_10-30percent,2,20,17,3,33,16.5
rl3,cenario3_tudo_aleatorio/180-600s_10-30percent,3,18,12,6,2,1.0
rl3,cenario3_tudo_aleatorio/180-600s_10-30percent,4,17,12,5,31,15.5
rl3,cenario3_tudo_aleatorio/180-600s_10-30percent,5,22,17,5,32,16.0
rl3,cenario3_tudo_aleatorio/180-600s_10-30percent,6,14,10,4,10,5.0
rl3,cenario3_tudo_aleatorio/180-600s_10-30percent,7,22,15,7,14,7.0
rl3,cenario3_tudo_aleatorio/180-600s_10-30percent,8,16,12,4,45,22.5
rl3,cenario3_tudo_aleatorio/180-600s_10-30percent,9,20,11,9,33,16.5
rl3,cenario3_tudo_aleatorio/180-600s_10-30percent,10,25,11,14,42,21.0
rl3,cenario3_tudo_aleatorio/180-600s_10-30percent,11,23,12,11,3,1.5
rl3,cenario3_tudo_aleatorio/180-600s_10-30percent,12,22,9,13,25,12.5
rl3,cenario3_tudo_aleatorio/180-600s_10-30percent,13,20,14,6,6,3.0
rl3,cenario3_tudo_aleatorio/180-600s_10-30percent,14,18,14,4,58,29.0
rl3,cenario3_tudo_aleatorio/180-600s_10-30percent,15,19,13,6,12,6.0
rl3,cenario3_tudo_aleatorio/180-600s_10-30percent,16,19,12,7,20,10.0
rl3,cenario3_tudo_aleatorio/180-600s_10-30percent,17,23,14,9,23,11.5
rl3,cenario3_tudo_aleatorio/180-600s_10-30percent,18,30,19,11,39,19.5
rl3,cenario3_tudo_aleatorio/180-600s_10-30percent,19,17,10,7,25,12.5
rl3,cenario3_tudo_aleatorio/180-600s_10-30percent,20,16,9,7,32,16.0
rl3,cenario3_tudo_aleatorio/180-600s_10-30percent,21,21,12,9,29,14.5
rl3,cenario3_tudo_aleatorio/180-600s_10-30percent,22,21,18,3,31,15.5
rl3,cenario3_tudo_aleatorio/180-600s_10-30percent,23,21,17,4,68,34.0
rl3,cenario3_tudo_aleatorio/180-600s_10-30percent,24,25,14,11,23,11.5
rl3,cenario3_tudo_aleatorio/180-600s_10-30percent,25,19,7,12,31,15.5
rl3,cenario3_tudo_aleatorio/180-600s_10-30percent,26,22,13,9,45,22.5
rl3,cenario3_tudo_aleatorio/180-600s_10-30percent,27,26,19,7,25,12.5
rl3,cenario3_tudo_aleatorio/180-600s_10-30percent,28,21,10,11,15,7.5
rl3,cenario3_tudo_aleatorio/180-600s_10-30percent,29,15,8,7,24,12.0
rl3,cenario3_tudo_aleatorio/180-600s_10-30percent,30,18,14,4,53,26.5
rl3,cenario3_tudo_aleatorio/180-600s_10-30percent,31,22,16,6,38,19.0
rl3,cenario3_tudo_aleatorio/180-600s_10-30percent,32,17,9,8,48,24.0
rl3,cenario3_tudo_aleatorio/180-600s_10-30percent,33,16,9,7,24,12.0
rl3,cenario3_tudo_aleatorio/180-600s_10-30percent,34,18,11,7,52,26.0
rl3,cenario3_tudo_aleatorio/180-600s_10-30percent,35,22,13,9,32,16.0
intuitive,cenario1_tempo_fixo/310s_10percent,1,20,13,7,24,12.0
intuitive,cenario1_tempo_fixo/310s_10percent,2,19,14,5,22,11.0
intuitive,cenario1_tempo_fixo/310s_10percent,3,16,12,4,7,3.5
intuitive,cenario1_tempo_fixo/310s_10percent,4,22,12,10,21,10.5
intuitive,cenario1_tempo_fixo/310s_10percent,5,16,13,3,30,15.0
intuitive,cenario1_tempo_fixo/310s_10percent,6,49,30,19,35,17.5
intuitive,cenario1_tempo_fixo/310s_10percent,7,21,11,10,9,4.5
intuitive,cenario1_tempo_fixo/310s_10percent,8,19,11,8,20,10.0
intuitive,cenario1_tempo_fixo/310s_10percent,9,21,15,6,21,10.5
intuitive,cenario1_tempo_fixo/310s_10percent,10,20,8,12,11,5.5
intuitive,cenario1_tempo_fixo/310s_10percent,11,69,43,26,33,16.5
intuitive,cenario1_tempo_fixo/310s_10percent,12,18,10,8,23,11.5
intuitive,cenario1_tempo_fixo/310s_10percent,13,18,9,9,8,4.0
intuitive,cenario1_tempo_fixo/310s_10percent,14,14,9,5,23,11.5
intuitive,cenario1_tempo_fixo/310s_10percent,15,15,11,4,19,9.5
intuitive,cenario1_tempo_fixo/310s_10percent,16,18,10,8,11,5.5
intuitive,cenario1_tempo_fixo/310s_10percent,17,17,10,7,26,13.0
intuitive,cenario1_tempo_fixo/310s_10percent,18,12,8,4,18,9.0
intuitive,cenario1_tempo_fixo/310s_10percent,19,16,10,6,18,9.0
intuitive,cenario1_tempo_fixo/310s_10percent,20,27,14,13,23,11.5
intuitive,cenario1_tempo_fixo/310s_10percent,21,23,10,13,11,5.5
intuitive,cenario1_tempo_fixo/310s_10percent,22,21,11,10,26,13.0
intuitive,cenario1_tempo_fixo/310s_10percent,23,15,9,6,6,3.0
intuitive,cenario1_tempo_fixo/310s_10percent,24,15,13,2,12,6.0
intuitive,cenario1_tempo_fixo/310s_10percent,25,15,8,7,7,3.5
intuitive,cenario1_tempo_fixo/310s_10percent,26,15,10,5,18,9.0
intuitive,cenario1_tempo_fixo/310s_10percent,27,18,10,8,17,8.5
intuitive,cenario1_tempo_fixo/310s_10percent,28,97,78,19,81,40.5
intuitive,cenario1_tempo_fixo/310s_10percent,29,16,12,4,15,7.5
intuitive,cenario1_tempo_fixo/310s_10percent,30,15,11,4,20,10.0
intuitive,cenario1_tempo_fixo/310s_10percent,31,16,13,3,37,18.5
intuitive,cenario1_tempo_fixo/310s_10percent,32,19,12,7,16,8.0
intuitive,cenario1_tempo_fixo/310s_10percent,33,15,8,7,21,10.5
intuitive,cenario1_tempo_fixo/310s_10percent,34,98,76,22,93,46.5
intuitive,cenario1_tempo_fixo/310s_10percent,35,16,7,9,28,14.0
intuitive,cenario1_tempo_fixo/310s_20percent,1,20,12,8,20,10.0
intuitive,cenario1_tempo_fixo/310s_20percent,2,20,12,8,26,13.0
intuitive,cenario1_tempo_fixo/310s_20percent,3,14,7,7,18,9.0
intuitive,cenario1_tempo_fixo/310s_20percent,4,22,10,12,46,23.0
intuitive,cenario1_tempo_fixo/310s_20percent,5,15,12,3,26,13.0
intuitive,cenario1_tempo_fixo/310s_20percent,6,43,33,10,68,34.0
intuitive,cenario1_tempo_fixo/310s_20percent,7,17,12,5,27,13.5
intuitive,cenario1_tempo_fixo/310s_20percent,8,15,9,6,8,4.0
intuitive,cenario1_tempo_fixo/310s_20percent,9,19,13,6,28,14.0
intuitive,cenario1_tempo_fixo/310s_20percent,10,18,6,12,20,10.0
intuitive,cenario1_tempo_fixo/310s_20percent,11,64,48,16,140,70.0
intuitive,cenario1_tempo_fixo/310s_20percent,12,17,7,10,18,9.0
intuitive,cenario1_tempo_fixo/310s_20percent,13,22,12,10,46,23.0
intuitive,cenario1_tempo_fixo/310s_20percent,14,13,9,4,26,13.0
intuitive,cenario1_tempo_fixo/310s_20percent,15,14,11,3,46,23.0
intuitive,cenario1_tempo_fixo/310s_20percent,16,21,10,11,28,14.0
intuitive,cenario1_tempo_fixo/310s_20percent,17,21,15,6,33,16.5
intuitive,cenario1_tempo_fixo/310s_20percent,18,16,9,7,32,16.0
intuitive,cenario1_tempo_fixo/310s_20percent,19,17,11,6,9,4.5
intuitive,cenario1_tempo_fixo/310s_20percent,20,18,6,12,25,12.5
intuitive,cenario1_tempo_fixo/310s_20percent,21,16,10,6,26,13.0
intuitive,cenario1_tempo_fixo/310s_20percent,22,20,12,8,42,21.0
intuitive,cenario1_tempo_fixo/310s_20percent,23,13,9,4,25,12.5
intuitive,cenario1_tempo_fixo/310s_20percent,24,19,11,8,39,19.5
intuitive,cenario1_tempo_fixo/310s_20percent,25,18,14,4,25,12.5
intuitive,cenario1_tempo_fixo/310s_20percent,26,21,12,9,13,6.5
intuitive,cenario1_tempo_fixo/310s_20percent,27,17,9,8,50,25.0
intuitive,cenario1_tempo_fixo/310s_20percent,28,84,65,19,155,77.5
intuitive,cenario1_tempo_fixo/310s_20percent,29,14,8,6,43,21.5
intuitive,cenario1_tempo_fixo/310s_20percent,30,16,9,7,22,11.0
intuitive,cenario1_tempo_fixo/310s_20percent,31,20,11,9,47,23.5
intuitive,cenario1_tempo_fixo/310s_20percent,32,17,14,3,35,17.5
intuitive,cenario1_tempo_fixo/310s_20percent,33,14,10,4,5,2.5
intuitive,cenario1_tempo_fixo/310s_20percent,34,16,14,2,32,16.0
intuitive,cenario1_tempo_fixo/310s_20percent,35,23,13,10,34,17.0
intuitive,cenario1_tempo_fixo/310s_30percent,1,25,22,3,105,52.5
intuitive,cenario1_tempo_fixo/310s_30percent,2,19,10,9,17,8.5
intuitive,cenario1_tempo_fixo/310s_30percent,3,15,9,6,39,19.5
intuitive,cenario1_tempo_fixo/310s_30percent,4,22,18,4,63,31.5
intuitive,cenario1_tempo_fixo/310s_30percent,5,23,15,8,77,38.5
intuitive,cenario1_tempo_fixo/310s_30percent,6,45,28,17,44,22.0
intuitive,cenario1_tempo_fixo/310s_30percent,7,18,12,6,51,25.5
intuitive,cenario1_tempo_fixo/310s_30percent,8,21,12,9,62,31.0
intuitive,cenario1_tempo_fixo/310s_30percent,9,19,12,7,59,29.5
intuitive,cenario1_tempo_fixo/310s_30percent,10,18,12,6,47,23.5
intuitive,cenario1_tempo_fixo/310s_30percent,11,88,47,41,292,146.0
intuitive,cenario1_tempo_fixo/310s_30percent,12,22,10,12,36,18.0
intuitive,cenario1_tempo_fixo/310s_30percent,13,27,22,5,60,30.0
intuitive,cenario1_tempo_fixo/310s_30percent,14,14,6,8,40,20.0
intuitive,cenario1_tempo_fixo/310s_30percent,15,15,11,4,51,25.5
intuitive,cenario1_tempo_fixo/310s_30percent,16,16,8,8,22,11.0
intuitive,cenario1_tempo_fixo/310s_30percent,17,18,10,8,37,18.5
intuitive,cenario1_tempo_fixo/310s_30percent,18,17,15,2,62,31.0
intuitive,cenario1_tempo_fixo/310s_30percent,19,20,9,11,44,22.0
intuitive,cenario1_tempo_fixo/310s_30percent,20,23,14,9,62,31.0
intuitive,cenario1_tempo_fixo/310s_30percent,21,15,8,7,64,32.0
intuitive,cenario1_tempo_fixo/310s_30percent,22,15,14,1,79,39.5
intuitive,cenario1_tempo_fixo/310s_30percent,23,23,11,12,50,25.0
intuitive,cenario1_tempo_fixo/310s_30percent,24,21,15,6,70,35.0
intuitive,cenario1_tempo_fixo/310s_30percent,25,24,20,4,37,18.5
intuitive,cenario1_tempo_fixo/310s_30percent,26,18,11,7,77,38.5
intuitive,cenario1_tempo_fixo/310s_30percent,27,23,18,5,30,15.0
intuitive,cenario1_tempo_fixo/310s_30percent,28,103,84,19,342,171.0
intuitive,cenario1_tempo_fixo/310s_30percent,29,17,14,3,57,28.5
intuitive,cenario1_tempo_fixo/310s_30percent,30,17,10,7,53,26.5
intuitive,cenario1_tempo_fixo/310s_30percent,31,18,11,7,55,27.5
intuitive,cenario1_tempo_fixo/310s_30percent,32,12,9,3,51,25.5
intuitive,cenario1_tempo_fixo/310s_30percent,33,19,8,11,33,16.5
intuitive,cenario1_tempo_fixo/310s_30percent,34,15,7,8,42,21.0
intuitive,cenario1_tempo_fixo/310s_30percent,35,16,10,6,25,12.5
intuitive,cenario2_tempo_aleatorio/180-600s_10percent,1,19,11,8,7,3.5
intuitive,cenario2_tempo_aleatorio/180-600s_10percent,2,17,11,6,15,7.5
intuitive,cenario2_tempo_aleatorio/180-600s_10percent,3,16,11,5,14,7.0
intuitive,cenario2_tempo_aleatorio/180-600s_10percent,4,28,20,8,46,23.0
intuitive,cenario2_tempo_aleatorio/180-600s_10percent,5,18,13,5,23,11.5
intuitive,cenario2_tempo_aleatorio/180-600s_10percent,6,43,36,7,60,30.0
intuitive,cenario2_tempo_aleatorio/180-600s_10percent,7,21,15,6,23,11.5
intuitive,cenario2_tempo_aleatorio/180-600s_10percent,8,22,11,11,17,8.5
intuitive,cenario2_tempo_aleatorio/180-600s_10percent,9,23,15,8,44,22.0
intuitive,cenario2_tempo_aleatorio/180-600s_10percent,10,15,11,4,17,8.5
intuitive,cenario2_tempo_aleatorio/180-600s_10percent,11,78,68,10,90,45.0
intuitive,cenario2_tempo_aleatorio/180-600s_10percent,12,21,15,6,34,17.0
intuitive,cenario2_tempo_aleatorio/180-600s_10percent,13,19,13,6,37,18.5
intuitive,cenario2_tempo_aleatorio/180-600s_10percent,14,17,14,3,20,10.0
intuitive,cenario2_tempo_aleatorio/180-600s_10percent,15,13,6,7,24,12.0
intuitive,cenario2_tempo_aleatorio/180-600s_10percent,16,16,11,5,11,5.5
intuitive,cenario2_tempo_aleatorio/180-600s_10percent,17,16,12,4,45,22.5
intuitive,cenario2_tempo_aleatorio/180-600s_10percent,18,17,12,5,33,16.5
intuitive,cenario2_tempo_aleatorio/180-600s_10percent,19,19,10,9,20,10.0
intuitive,cenario2_tempo_aleatorio/180-600s_10percent,20,17,7,10,24,12.0
intuitive,cenario2_tempo_aleatorio/180-600s_10percent,21,22,13,9,23,11.5
intuitive,cenario2_tempo_aleatorio/180-600s_10percent,22,21,16,5,8,4.0
intuitive,cenario2_tempo_aleatorio/180-600s_10percent,23,16,10,6,24,12.0
intuitive,cenario2_tempo_aleatorio/180-600s_10percent,24,19,14,5,33,16.5
intuitive,cenario2_tempo_aleatorio/180-600s_10percent,25,15,7,8,19,9.5
intuitive,cenario2_tempo_aleatorio/180-600s_10percent,26,20,12,8,23,11.5
intuitive,cenario2_tempo_aleatorio/180-600s_10percent,27,18,12,6,13,6.5
intuitive,cenario2_tempo_aleatorio/180-600s_10percent,28,128,98,30,167,83.5
intuitive,cenario2_tempo_aleatorio/180-600s_10percent,29,16,8,8,18,9.0
intuitive,cenario2_tempo_aleatorio/180-600s_10percent,30,13,5,8,10,5.0
intuitive,cenario2_tempo_aleatorio/180-600s_10percent,31,20,7,13,20,10.0
intuitive,cenario2_tempo_aleatorio/180-600s_10percent,32,14,10,4,16,8.0
intuitive,cenario2_tempo_aleatorio/180-600s_10percent,33,15,10,5,24,12.0
intuitive,cenario2_tempo_aleatorio/180-600s_10percent,34,15,9,6,9,4.5
intuitive,cenario2_tempo_aleatorio/180-600s_10percent,35,16,7,9,6,3.0
intuitive,cenario2_tempo_aleatorio/180-600s_20percent,1,15,12,3,41,20.5
intuitive,cenario2_tempo_aleatorio/180-600s_20percent,2,16,9,7,43,21.5
intuitive,cenario2_tempo_aleatorio/180-600s_20percent,3,20,14,6,50,25.0
intuitive,cenario2_tempo_aleatorio/180-600s_20percent,4,17,10,7,40,20.0
intuitive,cenario2_tempo_aleatorio/180-600s_20percent,5,21,14,7,39,19.5
intuitive,cenario2_tempo_aleatorio/180-600s_20percent,6,40,33,7,79,39.5
intuitive,cenario2_tempo_aleatorio/180-600s_20percent,7,19,11,8,44,22.0
intuitive,cenario2_tempo_aleatorio/180-600s_20percent,8,19,7,12,13,6.5
intuitive,cenario2_tempo_aleatorio/180-600s_20percent,9,21,13,8,30,15.0
intuitive,cenario2_tempo_aleatorio/180-600s_20percent,10,15,11,4,30,15.0
intuitive,cenario2_tempo_aleatorio/180-600s_20percent,11,76,52,24,60,30.0
intuitive,cenario2_tempo_aleatorio/180-600s_20percent,12,17,9,8,20,10.0
intuitive,cenario2_tempo_aleatorio/180-600s_20percent,13,23,13,10,41,20.5
intuitive,cenario2_tempo_aleatorio/180-600s_20percent,14,18,12,6,25,12.5
intuitive,cenario2_tempo_aleatorio/180-600s_20percent,15,15,8,7,52,26.0
intuitive,cenario2_tempo_aleatorio/180-600s_20percent,16,17,5,12,19,9.5
intuitive,cenario2_tempo_aleatorio/180-600s_20percent,17,21,10,11,22,11.0
intuitive,cenario2_tempo_aleatorio/180-600s_20percent,18,15,14,1,21,10.5
intuitive,cenario2_tempo_aleatorio/180-600s_20percent,19,17,11,6,51,25.5
intuitive,cenario2_tempo_aleatorio/180-600s_20percent,20,14,8,6,21,10.5
intuitive,cenario2_tempo_aleatorio/180-600s_20percent,21,20,12,8,49,24.5
intuitive,cenario2_tempo_aleatorio/180-600s_20percent,22,23,12,11,23,11.5
intuitive,cenario2_tempo_aleatorio/180-600s_20percent,23,23,17,6,41,20.5
intuitive,cenario2_tempo_aleatorio/180-600s_20percent,24,14,11,3,30,15.0
intuitive,cenario2_tempo_aleatorio/180-600s_20percent,25,14,11,3,41,20.5
intuitive,cenario2_tempo_aleatorio/180-600s_20percent,26,18,11,7,40,20.0
intuitive,cenario2_tempo_aleatorio/180-600s_20percent,27,13,7,6,18,9.0
intuitive,cenario2_tempo_aleatorio/180-600s_20percent,28,78,68,10,174,87.0
intuitive,cenario2_tempo_aleatorio/180-600s_20percent,29,16,10,6,25,12.5
intuitive,cenario2_tempo_aleatorio/180-600s_20percent,30,18,9,9,45,22.5
intuitive,cenario2_tempo_aleatorio/180-600s_20percent,31,16,14,2,51,25.5
intuitive,cenario2_tempo_aleatorio/180-600s_20percent,32,18,13,5,30,15.0
intuitive,cenario2_tempo_aleatorio/180-600s_20percent,33,21,13,8,15,7.5
intuitive,cenario2_tempo_aleatorio/180-600s_20percent,34,112,77,35,309,154.5
intuitive,cenario2_tempo_aleatorio/180-600s_20percent,35,17,10,7,38,19.0
intuitive,cenario2_tempo_aleatorio/180-600s_30percent,1,22,18,4,50,25.0
intuitive,cenario2_tempo_aleatorio/180-600s_30percent,2,17,12,5,21,10.5
intuitive,cenario2_tempo_aleatorio/180-600s_30percent,3,14,11,3,31,15.5
intuitive,cenario2_tempo_aleatorio/180-600s_30percent,4,19,10,9,50,25.0
intuitive,cenario2_tempo_aleatorio/180-600s_30percent,5,18,11,7,42,21.0
intuitive,cenario2_tempo_aleatorio/180-600s_30percent,6,38,30,8,123,61.5
intuitive,cenario2_tempo_aleatorio/180-600s_30percent,7,14,9,5,55,27.5
intuitive,cenario2_tempo_aleatorio/180-600s_30percent,8,19,15,4,71,35.5
intuitive,cenario2_tempo_aleatorio/180-600s_30percent,9,16,10,6,40,20.0
intuitive,cenario2_tempo_aleatorio/180-600s_30percent,10,19,13,6,60,30.0
intuitive,cenario2_tempo_aleatorio/180-600s_30percent,11,67,56,11,184,92.0
intuitive,cenario2_tempo_aleatorio/180-600s_30percent,12,17,13,4,43,21.5
intuitive,cenario2_tempo_aleatorio/180-600s_30percent,13,20,14,6,46,23.0
intuitive,cenario2_tempo_aleatorio/180-600s_30percent,14,14,10,4,65,32.5
intuitive,cenario2_tempo_aleatorio/180-600s_30percent,15,17,11,6,43,21.5
intuitive,cenario2_tempo_aleatorio/180-600s_30percent,16,16,8,8,29,14.5
intuitive,cenario2_tempo_aleatorio/180-600s_30percent,17,21,12,9,53,26.5
intuitive,cenario2_tempo_aleatorio/180-600s_30percent,18,21,11,10,36,18.0
intuitive,cenario2_tempo_aleatorio/180-600s_30percent,19,14,6,8,46,23.0
intuitive,cenario2_tempo_aleatorio/180-600s_30percent,20,20,9,11,45,22.5
intuitive,cenario2_tempo_aleatorio/180-600s_30percent,21,16,11,5,50,25.0
intuitive,cenario2_tempo_aleatorio/180-600s_30percent,22,17,13,4,45,22.5
intuitive,cenario2_tempo_aleatorio/180-600s_30percent,23,15,6,9,46,23.0
intuitive,cenario2_tempo_aleatorio/180-600s_30percent,24,19,10,9,68,34.0
intuitive,cenario2_tempo_aleatorio/180-600s_30percent,25,16,9,7,70,35.0
intuitive,cenario2_tempo_aleatorio/180-600s_30percent,26,17,12,5,68,34.0
intuitive,cenario2_tempo_aleatorio/180-600s_30percent,27,21,14,7,60,30.0
intuitive,cenario2_tempo_aleatorio/180-600s_30percent,28,85,59,26,181,90.5
intuitive,cenario2_tempo_aleatorio/180-600s_30percent,29,19,9,10,54,27.0
intuitive,cenario2_tempo_aleatorio/180-600s_30percent,30,13,8,5,38,19.0
intuitive,cenario2_tempo_aleatorio/180-600s_30percent,31,17,9,8,43,21.5
intuitive,cenario2_tempo_aleatorio/180-600s_30percent,32,13,7,6,41,20.5
intuitive,cenario2_tempo_aleatorio/180-600s_30percent,33,20,15,5,41,20.5
intuitive,cenario2_tempo_aleatorio/180-600s_30percent,34,16,6,10,41,20.5
intuitive,cenario2_tempo_aleatorio/180-600s_30percent,35,19,14,5,18,9.0
intuitive,cenario3_tudo_aleatorio/180-600s_10-30percent,1,19,15,4,33,16.5
intuitive,cenario3_tudo_aleatorio/180-600s_10-30percent,2,18,13,5,77,38.5
intuitive,cenario3_tudo_aleatorio/180-600s_10-30percent,3,12,8,4,24,12.0
intuitive,cenario3_tudo_aleatorio/180-600s_10-30percent,4,18,16,2,42,21.0
intuitive,cenario3_tudo_aleatorio/180-600s_10-30percent,5,19,12,7,17,8.5
intuitive,cenario3_tudo_aleatorio/180-600s_10-30percent,6,48,44,4,67,33.5
intuitive,cenario3_tudo_aleatorio/180-600s_10-30percent,7,17,12,5,40,20.0
intuitive,cenario3_tudo_aleatorio/180-600s_10-30percent,8,22,15,7,16,8.0
intuitive,cenario3_tudo_aleatorio/180-600s_10-30percent,9,20,13,7,63,31.5
intuitive,cenario3_tudo_aleatorio/180-600s_10-30percent,10,19,12,7,33,16.5
intuitive,cenario3_tudo_aleatorio/180-600s_10-30percent,11,68,57,11,127,63.5
intuitive,cenario3_tudo_aleatorio/180-600s_10-30percent,12,17,14,3,29,14.5
intuitive,cenario3_tudo_aleatorio/180-600s_10-30percent,13,32,23,9,78,39.0
intuitive,cenario3_tudo_aleatorio/180-600s_10-30percent,14,15,14,1,69,34.5
intuitive,cenario3_tudo_aleatorio/180-600s_10-30percent,15,16,8,8,45,22.5
intuitive,cenario3_tudo_aleatorio/180-600s_10-30percent,16,13,8,5,43,21.5
intuitive,cenario3_tudo_aleatorio/180-600s_10-30percent,17,19,8,11,11,5.5
intuitive,cenario3_tudo_aleatorio/180-600s_10-30percent,18,15,10,5,16,8.0
intuitive,cenario3_tudo_aleatorio/180-600s_10-30percent,19,16,9,7,57,28.5
intuitive,cenario3_tudo_aleatorio/180-600s_10-30percent,20,17,11,6,26,13.0
intuitive,cenario3_tudo_aleatorio/180-600s_10-30percent,21,16,10,6,39,19.5
intuitive,cenario3_tudo_aleatorio/180-600s_10-30percent,22,17,11,6,22,11.0
intuitive,cenario3_tudo_aleatorio/180-600s_10-30percent,23,17,11,6,37,18.5
intuitive,cenario3_tudo_aleatorio/180-600s_10-30percent,24,22,19,3,113,56.5
intuitive,cenario3_tudo_aleatorio/180-600s_10-30percent,25,19,14,5,78,39.0
intuitive,cenario3_tudo_aleatorio/180-600s_10-30percent,26,19,14,5,44,22.0
intuitive,cenario3_tudo_aleatorio/180-600s_10-30percent,27,16,11,5,25,12.5
intuitive,cenario3_tudo_aleatorio/180-600s_10-30percent,28,100,67,33,116,58.0
intuitive,cenario3_tudo_aleatorio/180-600s_10-30percent,29,18,10,8,23,11.5
intuitive,cenario3_tudo_aleatorio/180-600s_10-30percent,30,17,10,7,44,22.0
intuitive,cenario3_tudo_aleatorio/180-600s_10-30percent,31,20,15,5,56,28.0
intuitive,cenario3_tudo_aleatorio/180-600s_10-30percent,32,17,13,4,24,12.0
intuitive,cenario3_tudo_aleatorio/180-600s_10-30percent,33,18,11,7,47,23.5
intuitive,cenario3_tudo_aleatorio/180-600s_10-30percent,34,13,9,4,7,3.5
intuitive,cenario3_tudo_aleatorio/180-600s_10-30percent,35,14,10,4,17,8.5
rl3.1,cenario1_tempo_fixo/310s_10percent,1,18,11,7,30,15.0
rl3.1,cenario1_tempo_fixo/310s_10percent,2,26,19,7,31,15.5
rl3.1,cenario1_tempo_fixo/310s_10percent,3,16,12,4,18,9.0
rl3.1,cenario1_tempo_fixo/310s_10percent,4,26,24,2,18,9.0
rl3.1,cenario1_tempo_fixo/310s_10percent,5,21,13,8,1,0.5
rl3.1,cenario1_tempo_fixo/310s_10percent,6,23,21,2,26,13.0
rl3.1,cenario1_tempo_fixo/310s_10percent,7,14,9,5,23,11.5
rl3.1,cenario1_tempo_fixo/310s_10percent,8,17,13,4,7,3.5
rl3.1,cenario1_tempo_fixo/310s_10percent,9,19,16,3,27,13.5
rl3.1,cenario1_tempo_fixo/310s_10percent,10,16,11,5,21,10.5
rl3.1,cenario1_tempo_fixo/310s_10percent,11,15,10,5,33,16.5
rl3.1,cenario1_tempo_fixo/310s_10percent,12,19,13,6,21,10.5
rl3.1,cenario1_tempo_fixo/310s_10percent,13,26,18,8,26,13.0
rl3.1,cenario1_tempo_fixo/310s_10percent,14,26,17,9,37,18.5
rl3.1,cenario1_tempo_fixo/310s_10percent,15,26,19,7,25,12.5
rl3.1,cenario1_tempo_fixo/310s_10percent,16,18,12,6,18,9.0
rl3.1,cenario1_tempo_fixo/310s_10percent,17,20,15,5,7,3.5
rl3.1,cenario1_tempo_fixo/310s_10percent,18,23,16,7,18,9.0
rl3.1,cenario1_tempo_fixo/310s_10percent,19,15,13,2,13,6.5
rl3.1,cenario1_tempo_fixo/310s_10percent,20,20,13,7,19,9.5
rl3.1,cenario1_tempo_fixo/310s_10percent,21,19,14,5,32,16.0
rl3.1,cenario1_tempo_fixo/310s_10percent,22,21,16,5,37,18.5
rl3.1,cenario1_tempo_fixo/310s_10percent,23,19,14,5,5,2.5
rl3.1,cenario1_tempo_fixo/310s_10percent,24,17,13,4,28,14.0
rl3.1,cenario1_tempo_fixo/310s_10percent,25,21,13,8,19,9.5
rl3.1,cenario1_tempo_fixo/310s_10percent,26,21,19,2,29,14.5
rl3.1,cenario1_tempo_fixo/310s_10percent,27,23,17,6,20,10.0
rl3.1,cenario1_tempo_fixo/310s_10percent,28,18,11,7,1,0.5
rl3.1,cenario1_tempo_fixo/310s_10percent,29,24,14,10,24,12.0
rl3.1,cenario1_tempo_fixo/310s_10percent,30,24,18,6,29,14.5
rl3.1,cenario1_tempo_fixo/310s_10percent,31,20,7,13,12,6.0
rl3.1,cenario1_tempo_fixo/310s_10percent,32,16,7,9,13,6.5
rl3.1,cenario1_tempo_fixo/310s_10percent,33,18,12,6,19,9.5
rl3.1,cenario1_tempo_fixo/310s_10percent,34,14,13,1,12,6.0
rl3.1,cenario1_tempo_fixo/310s_10percent,35,15,12,3,17,8.5
rl3.1,cenario1_tempo_fixo/310s_20percent,1,17,17,0,22,11.0
rl3.1,cenario1_tempo_fixo/310s_20percent,2,18,11,7,50,25.0
rl3.1,cenario1_tempo_fixo/310s_20percent,3,24,12,12,21,10.5
rl3.1,cenario1_tempo_fixo/310s_20percent,4,20,11,9,27,13.5
rl3.1,cenario1_tempo_fixo/310s_20percent,5,18,11,7,60,30.0
rl3.1,cenario1_tempo_fixo/310s_20percent,6,21,14,7,16,8.0
rl3.1,cenario1_tempo_fixo/310s_20percent,7,20,15,5,54,27.0
rl3.1,cenario1_tempo_fixo/310s_20percent,8,25,20,5,38,19.0
rl3.1,cenario1_tempo_fixo/310s_20percent,9,21,11,10,37,18.5
rl3.1,cenario1_tempo_fixo/310s_20percent,10,27,19,8,23,11.5
rl3.1,cenario1_tempo_fixo/310s_20percent,11,22,17,5,21,10.5
rl3.1,cenario1_tempo_fixo/310s_20percent,12,27,10,17,15,7.5
rl3.1,cenario1_tempo_fixo/310s_20percent,13,19,13,6,22,11.0
rl3.1,cenario1_tempo_fixo/310s_20percent,14,21,18,3,22,11.0
rl3.1,cenario1_tempo_fixo/310s_20percent,15,14,9,5,28,14.0
rl3.1,cenario1_tempo_fixo/310s_20percent,16,22,21,1,52,26.0
rl3.1,cenario1_tempo_fixo/310s_20percent,17,17,12,5,25,12.5
rl3.1,cenario1_tempo_fixo/310s_20percent,18,16,8,8,26,13.0
rl3.1,cenario1_tempo_fixo/310s_20percent,19,15,9,6,16,8.0
rl3.1,cenario1_tempo_fixo/310s_20percent,20,26,19,7,25,12.5
rl3.1,cenario1_tempo_fixo/310s_20percent,21,18,10,8,25,12.5
rl3.1,cenario1_tempo_fixo/310s_20percent,22,20,13,7,33,16.5
rl3.1,cenario1_tempo_fixo/310s_20percent,23,19,11,8,15,7.5
rl3.1,cenario1_tempo_fixo/310s_20percent,24,21,17,4,21,10.5
rl3.1,cenario1_tempo_fixo/310s_20percent,25,21,12,9,20,10.0
rl3.1,cenario1_tempo_fixo/310s_20percent,26,17,13,4,23,11.5
rl3.1,cenario1_tempo_fixo/310s_20percent,27,27,16,11,32,16.0
rl3.1,cenario1_tempo_fixo/310s_20percent,28,24,11,13,38,19.0
rl3.1,cenario1_tempo_fixo/310s_20percent,29,17,10,7,30,15.0
rl3.1,cenario1_tempo_fixo/310s_20percent,30,18,9,9,24,12.0
rl3.1,cenario1_tempo_fixo/310s_20percent,31,24,15,9,11,5.5
rl3.1,cenario1_tempo_fixo/310s_20percent,32,24,13,11,2,1.0
rl3.1,cenario1_tempo_fixo/310s_20percent,33,21,12,9,18,9.0
rl3.1,cenario1_tempo_fixo/310s_20percent,34,21,11,10,56,28.0
rl3.1,cenario1_tempo_fixo/310s_20percent,35,21,16,5,33,16.5
rl3.1,cenario1_tempo_fixo/310s_30percent,1,17,15,2,31,15.5
rl3.1,cenario1_tempo_fixo/310s_30percent,2,24,13,11,20,10.0
rl3.1,cenario1_tempo_fixo/310s_30percent,3,22,13,9,56,28.0
rl3.1,cenario1_tempo_fixo/310s_30percent,4,19,11,8,19,9.5
rl3.1,cenario1_tempo_fixo/310s_30percent,5,21,19,2,50,25.0
rl3.1,cenario1_tempo_fixo/310s_30percent,6,26,14,12,31,15.5
rl3.1,cenario1_tempo_fixo/310s_30percent,7,20,13,7,28,14.0
rl3.1,cenario1_tempo_fixo/310s_30percent,8,24,21,3,23,11.5
rl3.1,cenario1_tempo_fixo/310s_30percent,9,14,13,1,48,24.0
rl3.1,cenario1_tempo_fixo/310s_30percent,10,17,8,9,32,16.0
rl3.1,cenario1_tempo_fixo/310s_30percent,11,19,14,5,17,8.5
rl3.1,cenario1_tempo_fixo/310s_30percent,12,24,18,6,34,17.0
rl3.1,cenario1_tempo_fixo/310s_30percent,13,19,16,3,60,30.0
rl3.1,cenario1_tempo_fixo/310s_30percent,14,26,17,9,59,29.5
rl3.1,cenario1_tempo_fixo/310s_30percent,15,20,13,7,27,13.5
rl3.1,cenario1_tempo_fixo/310s_30percent,16,18,9,9,52,26.0
rl3.1,cenario1_tempo_fixo/310s_30percent,17,17,11,6,29,14.5
rl3.1,cenario1_tempo_fixo/310s_30percent,18,16,12,4,22,11.0
rl3.1,cenario1_tempo_fixo/310s_30percent,19,22,18,4,45,22.5
rl3.1,cenario1_tempo_fixo/310s_30percent,20,23,13,10,54,27.0
rl3.1,cenario1_tempo_fixo/310s_30percent,21,21,16,5,57,28.5
rl3.1,cenario1_tempo_fixo/310s_30percent,22,20,11,9,45,22.5
rl3.1,cenario1_tempo_fixo/310s_30percent,23,23,20,3,26,13.0
rl3.1,cenario1_tempo_fixo/310s_30percent,24,17,13,4,65,32.5
rl3.1,cenario1_tempo_fixo/310s_30percent,25,18,14,4,27,13.5
rl3.1,cenario1_tempo_fixo/310s_30percent,26,21,14,7,31,15.5
rl3.1,cenario1_tempo_fixo/310s_30percent,27,21,15,6,25,12.5
rl3.1,cenario1_tempo_fixo/310s_30percent,28,19,13,6,38,19.0
rl3.1,cenario1_tempo_fixo/310s_30percent,29,22,13,9,36,18.0
rl3.1,cenario1_tempo_fixo/310s_30percent,30,19,12,7,58,29.0
rl3.1,cenario1_tempo_fixo/310s_30percent,31,16,12,4,38,19.0
rl3.1,cenario1_tempo_fixo/310s_30percent,32,18,7,11,27,13.5
rl3.1,cenario1_tempo_fixo/310s_30percent,33,22,19,3,37,18.5
rl3.1,cenario1_tempo_fixo/310s_30percent,34,17,12,5,60,30.0
rl3.1,cenario1_tempo_fixo/310s_30percent,35,21,9,12,11,5.5
rl3.1,cenario2_tempo_aleatorio/180-600s_10percent,1,17,13,4,16,8.0
rl3.1,cenario2_tempo_aleatorio/180-600s_10percent,2,20,16,4,23,11.5
rl3.1,cenario2_tempo_aleatorio/180-600s_10percent,3,18,13,5,25,12.5
rl3.1,cenario2_tempo_aleatorio/180-600s_10percent,4,21,10,11,7,3.5
rl3.1,cenario2_tempo_aleatorio/180-600s_10percent,5,21,16,5,8,4.0
rl3.1,cenario2_tempo_aleatorio/180-600s_10percent,6,23,16,7,23,11.5
rl3.1,cenario2_tempo_aleatorio/180-600s_10percent,7,26,22,4,28,14.0
rl3.1,cenario2_tempo_aleatorio/180-600s_10percent,8,20,14,6,28,14.0
rl3.1,cenario2_tempo_aleatorio/180-600s_10percent,9,24,19,5,26,13.0
rl3.1,cenario2_tempo_aleatorio/180-600s_10percent,10,22,13,9,12,6.0
rl3.1,cenario2_tempo_aleatorio/180-600s_10percent,11,18,15,3,33,16.5
rl3.1,cenario2_tempo_aleatorio/180-600s_10percent,12,24,17,7,24,12.0
rl3.1,cenario2_tempo_aleatorio/180-600s_10percent,13,16,10,6,14,7.0
rl3.1,cenario2_tempo_aleatorio/180-600s_10percent,14,23,11,12,37,18.5
rl3.1,cenario2_tempo_aleatorio/180-600s_10percent,15,19,13,6,7,3.5
rl3.1,cenario2_tempo_aleatorio/180-600s_10percent,16,17,12,5,23,11.5
rl3.1,cenario2_tempo_aleatorio/180-600s_10percent,17,21,13,8,20,10.0
rl3.1,cenario2_tempo_aleatorio/180-600s_10percent,18,22,9,13,19,9.5
rl3.1,cenario2_tempo_aleatorio/180-600s_10percent,19,20,17,3,22,11.0
rl3.1,cenario2_tempo_aleatorio/180-600s_10percent,20,20,12,8,28,14.0
rl3.1,cenario2_tempo_aleatorio/180-600s_10percent,21,24,15,9,4,2.0
rl3.1,cenario2_tempo_aleatorio/180-600s_10percent,22,25,20,5,20,10.0
rl3.1,cenario2_tempo_aleatorio/180-600s_10percent,23,19,15,4,28,14.0
rl3.1,cenario2_tempo_aleatorio/180-600s_10percent,24,19,12,7,25,12.5
rl3.1,cenario2_tempo_aleatorio/180-600s_10percent,25,24,13,11,10,5.0
rl3.1,cenario2_tempo_aleatorio/180-600s_10percent,26,24,13,11,9,4.5
rl3.1,cenario2_tempo_aleatorio/180-600s_10percent,27,18,13,5,28,14.0
rl3.1,cenario2_tempo_aleatorio/180-600s_10percent,28,19,17,2,23,11.5
rl3.1,cenario2_tempo_aleatorio/180-600s_10percent,29,23,15,8,20,10.0
rl3.1,cenario2_tempo_aleatorio/180-600s_10percent,30,17,11,6,33,16.5
rl3.1,cenario2_tempo_aleatorio/180-600s_10percent,31,19,12,7,15,7.5
rl3.1,cenario2_tempo_aleatorio/180-600s_10percent,32,19,10,9,10,5.0
rl3.1,cenario2_tempo_aleatorio/180-600s_10percent,33,22,16,6,18,9.0
rl3.1,cenario2_tempo_aleatorio/180-600s_10percent,34,17,15,2,27,13.5
rl3.1,cenario2_tempo_aleatorio/180-600s_10percent,35,26,13,13,19,9.5
rl3.1,cenario2_tempo_aleatorio/180-600s_20percent,1,19,9,10,33,16.5
rl3.1,cenario2_tempo_aleatorio/180-600s_20percent,2,22,16,6,48,24.0
rl3.1,cenario2_tempo_aleatorio/180-600s_20percent,3,23,12,11,33,16.5
rl3.1,cenario2_tempo_aleatorio/180-600s_20percent,4,13,8,5,26,13.0
rl3.1,cenario2_tempo_aleatorio/180-600s_20percent,5,26,23,3,14,7.0
rl3.1,cenario2_tempo_aleatorio/180-600s_20percent,6,18,15,3,42,21.0
rl3.1,cenario2_tempo_aleatorio/180-600s_20percent,7,18,14,4,17,8.5
rl3.1,cenario2_tempo_aleatorio/180-600s_20percent,8,29,17,12,32,16.0
rl3.1,cenario2_tempo_aleatorio/180-600s_20percent,9,18,11,7,28,14.0
rl3.1,cenario2_tempo_aleatorio/180-600s_20percent,10,19,14,5,18,9.0
rl3.1,cenario2_tempo_aleatorio/180-600s_20percent,11,24,20,4,41,20.5
rl3.1,cenario2_tempo_aleatorio/180-600s_20percent,12,22,18,4,54,27.0
rl3.1,cenario2_tempo_aleatorio/180-600s_20percent,13,23,8,15,15,7.5
rl3.1,cenario2_tempo_aleatorio/180-600s_20percent,14,24,17,7,24,12.0
rl3.1,cenario2_tempo_aleatorio/180-600s_20percent,15,23,14,9,53,26.5
rl3.1,cenario2_tempo_aleatorio/180-600s_20percent,16,21,11,10,28,14.0
rl3.1,cenario2_tempo_aleatorio/180-600s_20percent,17,20,9,11,27,13.5
rl3.1,cenario2_tempo_aleatorio/180-600s_20percent,18,22,12,10,51,25.5
rl3.1,cenario2_tempo_aleatorio/180-600s_20percent,19,17,13,4,21,10.5
rl3.1,cenario2_tempo_aleatorio/180-600s_20percent,20,23,12,11,24,12.0
rl3.1,cenario2_tempo_aleatorio/180-600s_20percent,21,20,10,10,47,23.5
rl3.1,cenario2_tempo_aleatorio/180-600s_20percent,22,17,12,5,50,25.0
rl3.1,cenario2_tempo_aleatorio/180-600s_20percent,23,18,10,8,13,6.5
rl3.1,cenario2_tempo_aleatorio/180-600s_20percent,24,16,10,6,25,12.5
rl3.1,cenario2_tempo_aleatorio/180-600s_20percent,25,18,12,6,34,17.0
rl3.1,cenario2_tempo_aleatorio/180-600s_20percent,26,22,16,6,54,27.0
rl3.1,cenario2_tempo_aleatorio/180-600s_20percent,27,16,10,6,14,7.0
rl3.1,cenario2_tempo_aleatorio/180-600s_20percent,28,19,14,5,35,17.5
rl3.1,cenario2_tempo_aleatorio/180-600s_20percent,29,16,10,6,50,25.0
rl3.1,cenario2_tempo_aleatorio/180-600s_20percent,30,17,14,3,38,19.0
rl3.1,cenario2_tempo_aleatorio/180-600s_20percent,31,20,14,6,21,10.5
rl3.1,cenario2_tempo_aleatorio/180-600s_20percent,32,20,14,6,32,16.0
rl3.1,cenario2_tempo_aleatorio/180-600s_20percent,33,21,18,3,31,15.5
rl3.1,cenario2_tempo_aleatorio/180-600s_20percent,34,23,11,12,23,11.5
rl3.1,cenario2_tempo_aleatorio/180-600s_20percent,35,20,10,10,19,9.5
rl3.1,cenario2_tempo_aleatorio/180-600s_30percent,1,15,8,7,22,11.0
rl3.1,cenario2_tempo_aleatorio/180-600s_30percent,2,22,9,13,60,30.0
rl3.1,cenario2_tempo_aleatorio/180-600s_30percent,3,22,11,11,46,23.0
rl3.1,cenario2_tempo_aleatorio/180-600s_30percent,4,20,15,5,31,15.5
rl3.1,cenario2_tempo_aleatorio/180-600s_30percent,5,18,10,8,34,17.0
rl3.1,cenario2_tempo_aleatorio/180-600s_30percent,6,20,13,7,21,10.5
rl3.1,cenario2_tempo_aleatorio/180-600s_30percent,7,16,12,4,60,30.0
rl3.1,cenario2_tempo_aleatorio/180-600s_30percent,8,20,15,5,18,9.0
rl3.1,cenario2_tempo_aleatorio/180-600s_30percent,9,18,9,9,28,14.0
rl3.1,cenario2_tempo_aleatorio/180-600s_30percent,10,19,15,4,19,9.5
rl3.1,cenario2_tempo_aleatorio/180-600s_30percent,11,21,12,9,23,11.5
rl3.1,cenario2_tempo_aleatorio/180-600s_30percent,12,26,22,4,8,4.0
rl3.1,cenario2_tempo_aleatorio/180-600s_30percent,13,15,12,3,54,27.0
rl3.1,cenario2_tempo_aleatorio/180-600s_30percent,14,20,14,6,72,36.0
rl3.1,cenario2_tempo_aleatorio/180-600s_30percent,15,25,16,9,56,28.0
rl3.1,cenario2_tempo_aleatorio/180-600s_30percent,16,19,15,4,33,16.5
rl3.1,cenario2_tempo_aleatorio/180-600s_30percent,17,20,15,5,29,14.5
rl3.1,cenario2_tempo_aleatorio/180-600s_30percent,18,17,15,2,40,20.0
rl3.1,cenario2_tempo_aleatorio/180-600s_30percent,19,22,13,9,43,21.5
rl3.1,cenario2_tempo_aleatorio/180-600s_30percent,20,18,16,2,69,34.5
rl3.1,cenario2_tempo_aleatorio/180-600s_30percent,21,21,17,4,76,38.0
rl3.1,cenario2_tempo_aleatorio/180-600s_30percent,22,19,13,6,68,34.0
rl3.1,cenario2_tempo_aleatorio/180-600s_30percent,23,19,11,8,34,17.0
rl3.1,cenario2_tempo_aleatorio/180-600s_30percent,24,23,13,10,15,7.5
rl3.1,cenario2_tempo_aleatorio/180-600s_30percent,25,22,16,6,67,33.5
rl3.1,cenario2_tempo_aleatorio/180-600s_30percent,26,18,11,7,45,22.5
rl3.1,cenario2_tempo_aleatorio/180-600s_30percent,27,23,15,8,56,28.0
rl3.1,cenario2_tempo_aleatorio/180-600s_30percent,28,17,12,5,44,22.0
rl3.1,cenario2_tempo_aleatorio/180-600s_30percent,29,19,9,10,21,10.5
rl3.1,cenario2_tempo_aleatorio/180-600s_30percent,30,19,11,8,16,8.0
rl3.1,cenario2_tempo_aleatorio/180-600s_30percent,31,17,16,1,53,26.5
rl3.1,cenario2_tempo_aleatorio/180-600s_30percent,32,24,23,1,64,32.0
rl3.1,cenario2_tempo_aleatorio/180-600s_30percent,33,18,12,6,29,14.5
rl3.1,cenario2_tempo_aleatorio/180-600s_30percent,34,19,13,6,22,11.0
rl3.1,cenario2_tempo_aleatorio/180-600s_30percent,35,18,14,4,71,35.5
rl3.1,cenario3_tudo_aleatorio/180-600s_10-30percent,1,20,15,5,21,10.5
rl3.1,cenario3_tudo_aleatorio/180-600s_10-30percent,2,19,11,8,37,18.5
rl3.1,cenario3_tudo_aleatorio/180-600s_10-30percent,3,16,10,6,25,12.5
rl3.1,cenario3_tudo_aleatorio/180-600s_10-30percent,4,15,13,2,19,9.5
rl3.1,cenario3_tudo_aleatorio/180-600s_10-30percent,5,19,16,3,12,6.0
rl3.1,cenario3_tudo_aleatorio/180-600s_10-30percent,6,19,10,9,24,12.0
rl3.1,cenario3_tudo_aleatorio/180-600s_10-30percent,7,23,17,6,36,18.0
rl3.1,cenario3_tudo_aleatorio/180-600s_10-30percent,8,18,13,5,21,10.5
rl3.1,cenario3_tudo_aleatorio/180-600s_10-30percent,9,13,9,4,23,11.5
rl3.1,cenario3_tudo_aleatorio/180-600s_10-30percent,10,18,13,5,22,11.0
rl3.1,cenario3_tudo_aleatorio/180-600s_10-30percent,11,16,17,0,19,9.5
rl3.1,cenario3_tudo_aleatorio/180-600s_10-30percent,12,20,15,5,18,9.0
rl3.1,cenario3_tudo_aleatorio/180-600s_10-30percent,13,18,13,5,21,10.5
rl3.1,cenario3_tudo_aleatorio/180-600s_10-30percent,14,22,18,4,38,19.0
rl3.1,cenario3_tudo_aleatorio/180-600s_10-30percent,15,29,23,6,39,19.5
rl3.1,cenario3_tudo_aleatorio/180-600s_10-30percent,16,20,17,3,6,3.0
rl3.1,cenario3_tudo_aleatorio/180-600s_10-30percent,17,15,8,7,31,15.5
rl3.1,cenario3_tudo_aleatorio/180-600s_10-30percent,18,20,15,5,27,13.5
rl3.1,cenario3_tudo_aleatorio/180-600s_10-30percent,19,22,16,6,50,25.0
rl3.1,cenario3_tudo_aleatorio/180-600s_10-30percent,20,21,12,9,37,18.5
rl3.1,cenario3_tudo_aleatorio/180-600s_10-30percent,21,22,15,7,43,21.5
rl3.1,cenario3_tudo_aleatorio/180-600s_10-30percent,22,20,8,12,16,8.0
rl3.1,cenario3_tudo_aleatorio/180-600s_10-30percent,23,25,18,7,33,16.5
rl3.1,cenario3_tudo_aleatorio/180-600s_10-30percent,24,15,11,4,30,15.0
rl3.1,cenario3_tudo_aleatorio/180-600s_10-30percent,25,25,16,9,33,16.5
rl3.1,cenario3_tudo_aleatorio/180-600s_10-30percent,26,20,19,1,29,14.5
rl3.1,cenario3_tudo_aleatorio/180-600s_10-30percent,27,24,14,10,48,24.0
rl3.1,cenario3_tudo_aleatorio/180-600s_10-30percent,28,17,12,5,30,15.0
rl3.1,cenario3_tudo_aleatorio/180-600s_10-30percent,29,20,15,5,20,10.0
rl3.1,cenario3_tudo_aleatorio/180-600s_10-30percent,30,19,8,11,15,7.5
rl3.1,cenario3_tudo_aleatorio/180-600s_10-30percent,31,21,14,7,5,2.5
rl3.1,cenario3_tudo_aleatorio/180-600s_10-30percent,32,25,15,10,28,14.0
rl3.1,cenario3_tudo_aleatorio/180-600s_10-30percent,33,27,17,10,12,6.0
rl3.1,cenario3_tudo_aleatorio/180-600s_10-30percent,34,19,15,4,25,12.5
rl3.1,cenario3_tudo_aleatorio/180-600s_10-30percent,35,14,11,3,14,7.0
with-fail,cenario1_tempo_fixo/310s_10percent,1,20,8,12,13,6.5
with-fail,cenario1_tempo_fixo/310s_10percent,2,21,10,11,14,7.0
with-fail,cenario1_tempo_fixo/310s_10percent,3,17,12,5,23,11.5
with-fail,cenario1_tempo_fixo/310s_10percent,4,20,14,6,24,12.0
with-fail,cenario1_tempo_fixo/310s_10percent,5,25,14,11,23,11.5
with-fail,cenario1_tempo_fixo/310s_10percent,6,21,15,6,12,6.0
with-fail,cenario1_tempo_fixo/310s_10percent,7,24,14,10,6,3.0
with-fail,cenario1_tempo_fixo/310s_10percent,8,24,18,6,15,7.5
with-fail,cenario1_tempo_fixo/310s_10percent,9,25,19,6,54,27.0
with-fail,cenario1_tempo_fixo/310s_10percent,10,19,9,10,12,6.0
with-fail,cenario1_tempo_fixo/310s_10percent,11,19,10,9,13,6.5
with-fail,cenario1_tempo_fixo/310s_10percent,12,24,12,12,26,13.0
with-fail,cenario1_tempo_fixo/310s_10percent,13,18,7,11,8,4.0
with-fail,cenario1_tempo_fixo/310s_10percent,14,16,12,4,16,8.0
with-fail,cenario1_tempo_fixo/310s_10percent,15,19,15,4,23,11.5
with-fail,cenario1_tempo_fixo/310s_10percent,16,17,8,9,9,4.5
with-fail,cenario1_tempo_fixo/310s_10percent,17,28,21,7,39,19.5
with-fail,cenario1_tempo_fixo/310s_10percent,18,26,18,8,59,29.5
with-fail,cenario1_tempo_fixo/310s_10percent,19,25,15,10,21,10.5
with-fail,cenario1_tempo_fixo/310s_10percent,20,17,12,5,8,4.0
with-fail,cenario1_tempo_fixo/310s_10percent,21,14,10,4,18,9.0
with-fail,cenario1_tempo_fixo/310s_10percent,22,21,13,8,18,9.0
with-fail,cenario1_tempo_fixo/310s_10percent,23,17,11,6,23,11.5
with-fail,cenario1_tempo_fixo/310s_10percent,24,19,15,4,11,5.5
with-fail,cenario1_tempo_fixo/310s_10percent,25,21,14,7,12,6.0
with-fail,cenario1_tempo_fixo/310s_10percent,26,18,13,5,23,11.5
with-fail,cenario1_tempo_fixo/310s_10percent,27,22,10,12,27,13.5
with-fail,cenario1_tempo_fixo/310s_10percent,28,19,10,9,27,13.5
with-fail,cenario1_tempo_fixo/310s_10percent,29,23,14,9,24,12.0
with-fail,cenario1_tempo_fixo/310s_10percent,30,19,13,6,16,8.0
with-fail,cenario1_tempo_fixo/310s_10percent,31,22,15,7,22,11.0
with-fail,cenario1_tempo_fixo/310s_10percent,32,19,8,11,21,10.5
with-fail,cenario1_tempo_fixo/310s_10percent,33,17,12,5,12,6.0
with-fail,cenario1_tempo_fixo/310s_10percent,34,17,11,6,26,13.0
with-fail,cenario1_tempo_fixo/310s_10percent,35,18,12,6,33,16.5
with-fail,cenario1_tempo_fixo/310s_20percent,1,18,11,7,22,11.0
with-fail,cenario1_tempo_fixo/310s_20percent,2,22,19,3,31,15.5
with-fail,cenario1_tempo_fixo/310s_20percent,3,21,16,5,28,14.0
with-fail,cenario1_tempo_fixo/310s_20percent,4,19,13,6,36,18.0
with-fail,cenario1_tempo_fixo/310s_20percent,5,20,11,9,44,22.0
with-fail,cenario1_tempo_fixo/310s_20percent,6,17,11,6,44,22.0
with-fail,cenario1_tempo_fixo/310s_20percent,7,17,14,3,39,19.5
with-fail,cenario1_tempo_fixo/310s_20percent,8,18,12,6,43,21.5
with-fail,cenario1_tempo_fixo/310s_20percent,9,18,11,7,23,11.5
with-fail,cenario1_tempo_fixo/310s_20percent,10,21,12,9,64,32.0
with-fail,cenario1_tempo_fixo/310s_20percent,11,19,14,5,19,9.5
with-fail,cenario1_tempo_fixo/310s_20percent,12,21,16,5,63,31.5
with-fail,cenario1_tempo_fixo/310s_20percent,13,19,11,8,43,21.5
with-fail,cenario1_tempo_fixo/310s_20percent,14,17,15,2,48,24.0
with-fail,cenario1_tempo_fixo/310s_20percent,15,21,14,7,45,22.5
with-fail,cenario1_tempo_fixo/310s_20percent,16,19,13,6,36,18.0
with-fail,cenario1_tempo_fixo/310s_20percent,17,20,12,8,12,6.0
with-fail,cenario1_tempo_fixo/310s_20percent,18,22,12,10,19,9.5
with-fail,cenario1_tempo_fixo/310s_20percent,19,20,13,7,15,7.5
with-fail,cenario1_tempo_fixo/310s_20percent,20,18,14,4,37,18.5
with-fail,cenario1_tempo_fixo/310s_20percent,21,16,9,7,24,12.0
with-fail,cenario1_tempo_fixo/310s_20percent,22,18,16,2,30,15.0
with-fail,cenario1_tempo_fixo/310s_20percent,23,17,12,5,25,12.5
with-fail,cenario1_tempo_fixo/310s_20percent,24,20,13,7,31,15.5
with-fail,cenario1_tempo_fixo/310s_20percent,25,19,16,3,39,19.5
with-fail,cenario1_tempo_fixo/310s_20percent,26,21,9,12,29,14.5
with-fail,cenario1_tempo_fixo/310s_20percent,27,21,13,8,39,19.5
with-fail,cenario1_tempo_fixo/310s_20percent,28,19,13,6,39,19.5
with-fail,cenario1_tempo_fixo/310s_20percent,29,16,8,8,28,14.0
with-fail,cenario1_tempo_fixo/310s_20percent,30,21,17,4,43,21.5
with-fail,cenario1_tempo_fixo/310s_20percent,31,21,15,6,22,11.0
with-fail,cenario1_tempo_fixo/310s_20percent,32,21,18,3,20,10.0
with-fail,cenario1_tempo_fixo/310s_20percent,33,24,20,4,68,34.0
with-fail,cenario1_tempo_fixo/310s_20percent,34,17,12,5,46,23.0
with-fail,cenario1_tempo_fixo/310s_20percent,35,17,6,11,17,8.5
with-fail,cenario1_tempo_fixo/310s_30percent,1,20,8,12,29,14.5
with-fail,cenario1_tempo_fixo/310s_30percent,2,15,10,5,43,21.5
with-fail,cenario1_tempo_fixo/310s_30percent,3,16,8,8,39,19.5
with-fail,cenario1_tempo_fixo/310s_30percent,4,25,11,14,65,32.5
with-fail,cenario1_tempo_fixo/310s_30percent,5,18,11,7,74,37.0
with-fail,cenario1_tempo_fixo/310s_30percent,6,17,11,6,52,26.0
with-fail,cenario1_tempo_fixo/310s_30percent,7,21,7,14,41,20.5
with-fail,cenario1_tempo_fixo/310s_30percent,8,17,12,5,36,18.0
with-fail,cenario1_tempo_fixo/310s_30percent,9,19,13,6,63,31.5
with-fail,cenario1_tempo_fixo/310s_30percent,10,18,10,8,49,24.5
with-fail,cenario1_tempo_fixo/310s_30percent,11,20,13,7,48,24.0
with-fail,cenario1_tempo_fixo/310s_30percent,12,21,14,7,62,31.0
with-fail,cenario1_tempo_fixo/310s_30percent,13,15,11,4,29,14.5
with-fail,cenario1_tempo_fixo/310s_30percent,14,22,11,11,67,33.5
with-fail,cenario1_tempo_fixo/310s_30percent,15,19,11,8,35,17.5
with-fail,cenario1_tempo_fixo/310s_30percent,16,19,9,10,36,18.0
with-fail,cenario1_tempo_fixo/310s_30percent,17,20,12,8,73,36.5
with-fail,cenario1_tempo_fixo/310s_30percent,18,19,14,5,63,31.5
with-fail,cenario1_tempo_fixo/310s_30percent,19,17,8,9,63,31.5
with-fail,cenario1_tempo_fixo/310s_30percent,20,20,14,6,58,29.0
with-fail,cenario1_tempo_fixo/310s_30percent,21,20,11,9,47,23.5
with-fail,cenario1_tempo_fixo/310s_30percent,22,16,13,3,48,24.0
with-fail,cenario1_tempo_fixo/310s_30percent,23,17,10,7,40,20.0
with-fail,cenario1_tempo_fixo/310s_30percent,24,20,14,6,102,51.0
with-fail,cenario1_tempo_fixo/310s_30percent,25,19,11,8,38,19.0
with-fail,cenario1_tempo_fixo/310s_30percent,26,20,10,10,43,21.5
with-fail,cenario1_tempo_fixo/310s_30percent,27,24,21,3,57,28.5
with-fail,cenario1_tempo_fixo/310s_30percent,28,21,9,12,33,16.5
with-fail,cenario1_tempo_fixo/310s_30percent,29,22,16,6,54,27.0
with-fail,cenario1_tempo_fixo/310s_30percent,30,23,12,11,66,33.0
with-fail,cenario1_tempo_fixo/310s_30percent,31,18,12,6,30,15.0
with-fail,cenario1_tempo_fixo/310s_30percent,32,17,14,3,52,26.0
with-fail,cenario1_tempo_fixo/310s_30percent,33,18,12,6,62,31.0
with-fail,cenario1_tempo_fixo/310s_30percent,34,22,16,6,37,18.5
with-fail,cenario1_tempo_fixo/310s_30percent,35,19,13,6,29,14.5
with-fail,cenario2_tempo_aleatorio/180-600s_10percent,1,22,12,10,28,14.0
with-fail,cenario2_tempo_aleatorio/180-600s_10percent,2,23,16,7,21,10.5
with-fail,cenario2_tempo_aleatorio/180-600s_10percent,3,22,16,6,6,3.0
with-fail,cenario2_tempo_aleatorio/180-600s_10percent,4,17,7,10,20,10.0
with-fail,cenario2_tempo_aleatorio/180-600s_10percent,5,21,12,9,10,5.0
with-fail,cenario2_tempo_aleatorio/180-600s_10percent,6,20,9,11,13,6.5
with-fail,cenario2_tempo_aleatorio/180-600s_10percent,7,20,9,11,15,7.5
with-fail,cenario2_tempo_aleatorio/180-600s_10percent,8,19,16,3,23,11.5
with-fail,cenario2_tempo_aleatorio/180-600s_10percent,9,15,10,5,16,8.0
with-fail,cenario2_tempo_aleatorio/180-600s_10percent,10,19,12,7,51,25.5
with-fail,cenario2_tempo_aleatorio/180-600s_10percent,11,17,11,6,20,10.0
with-fail,cenario2_tempo_aleatorio/180-600s_10percent,12,24,16,8,42,21.0
with-fail,cenario2_tempo_aleatorio/180-600s_10percent,13,20,9,11,19,9.5
with-fail,cenario2_tempo_aleatorio/180-600s_10percent,14,22,15,7,38,19.0
with-fail,cenario2_tempo_aleatorio/180-600s_10percent,15,21,12,9,13,6.5
with-fail,cenario2_tempo_aleatorio/180-600s_10percent,16,23,13,10,18,9.0
with-fail,cenario2_tempo_aleatorio/180-600s_10percent,17,19,14,5,30,15.0
with-fail,cenario2_tempo_aleatorio/180-600s_10percent,18,22,18,4,16,8.0
with-fail,cenario2_tempo_aleatorio/180-600s_10percent,19,17,12,5,19,9.5
with-fail,cenario2_tempo_aleatorio/180-600s_10percent,20,21,15,6,34,17.0
with-fail,cenario2_tempo_aleatorio/180-600s_10percent,21,19,12,7,25,12.5
with-fail,cenario2_tempo_aleatorio/180-600s_10percent,22,17,6,11,25,12.5
with-fail,cenario2_tempo_aleatorio/180-600s_10percent,23,17,13,4,18,9.0
with-fail,cenario2_tempo_aleatorio/180-600s_10percent,24,18,11,7,6,3.0
with-fail,cenario2_tempo_aleatorio/180-600s_10percent,25,20,15,5,34,17.0
with-fail,cenario2_tempo_aleatorio/180-600s_10percent,26,19,11,8,6,3.0
with-fail,cenario2_tempo_aleatorio/180-600s_10percent,27,26,17,9,14,7.0
with-fail,cenario2_tempo_aleatorio/180-600s_10percent,28,17,13,4,12,6.0
with-fail,cenario2_tempo_aleatorio/180-600s_10percent,29,21,13,8,21,10.5
with-fail,cenario2_tempo_aleatorio/180-600s_10percent,30,22,9,13,18,9.0
with-fail,cenario2_tempo_aleatorio/180-600s_10percent,31,17,13,4,26,13.0
with-fail,cenario2_tempo_aleatorio/180-600s_10percent,32,22,13,9,27,13.5
with-fail,cenario2_tempo_aleatorio/180-600s_10percent,33,22,16,6,24,12.0
with-fail,cenario2_tempo_aleatorio/180-600s_10percent,34,23,11,12,10,5.0
with-fail,cenario2_tempo_aleatorio/180-600s_10percent,35,15,8,7,26,13.0
with-fail,cenario2_tempo_aleatorio/180-600s_20percent,1,15,11,4,31,15.5
with-fail,cenario2_tempo_aleatorio/180-600s_20percent,2,18,10,8,15,7.5
with-fail,cenario2_tempo_aleatorio/180-600s_20percent,3,19,10,9,47,23.5
with-fail,cenario2_tempo_aleatorio/180-600s_20percent,4,23,17,6,50,25.0
with-fail,cenario2_tempo_aleatorio/180-600s_20percent,5,22,10,12,41,20.5
with-fail,cenario2_tempo_aleatorio/180-600s_20percent,6,22,14,8,14,7.0
with-fail,cenario2_tempo_aleatorio/180-600s_20percent,7,15,10,5,15,7.5
with-fail,cenario2_tempo_aleatorio/180-600s_20percent,8,17,8,9,15,7.5
with-fail,cenario2_tempo_aleatorio/180-600s_20percent,9,25,15,10,81,40.5
with-fail,cenario2_tempo_aleatorio/180-600s_20percent,10,19,13,6,55,27.5
with-fail,cenario2_tempo_aleatorio/180-600s_20percent,11,18,10,8,40,20.0
with-fail,cenario2_tempo_aleatorio/180-600s_20percent,12,18,12,6,50,25.0
with-fail,cenario2_tempo_aleatorio/180-600s_20percent,13,18,12,6,53,26.5
with-fail,cenario2_tempo_aleatorio/180-600s_20percent,14,19,9,10,27,13.5
with-fail,cenario2_tempo_aleatorio/180-600s_20percent,15,21,13,8,15,7.5
with-fail,cenario2_tempo_aleatorio/180-600s_20percent,16,20,17,3,13,6.5
with-fail,cenario2_tempo_aleatorio/180-600s_20percent,17,21,10,11,26,13.0
with-fail,cenario2_tempo_aleatorio/180-600s_20percent,18,16,9,7,38,19.0
with-fail,cenario2_tempo_aleatorio/180-600s_20percent,19,15,7,8,42,21.0
with-fail,cenario2_tempo_aleatorio/180-600s_20percent,20,22,8,14,16,8.0
with-fail,cenario2_tempo_aleatorio/180-600s_20percent,21,21,12,9,66,33.0
with-fail,cenario2_tempo_aleatorio/180-600s_20percent,22,25,13,12,67,33.5
with-fail,cenario2_tempo_aleatorio/180-600s_20percent,23,20,8,12,30,15.0
with-fail,cenario2_tempo_aleatorio/180-600s_20percent,24,23,14,9,62,31.0
with-fail,cenario2_tempo_aleatorio/180-600s_20percent,25,18,6,12,23,11.5
with-fail,cenario2_tempo_aleatorio/180-600s_20percent,26,19,14,5,24,12.0
with-fail,cenario2_tempo_aleatorio/180-600s_20percent,27,24,16,8,18,9.0
with-fail,cenario2_tempo_aleatorio/180-600s_20percent,28,21,10,11,17,8.5
with-fail,cenario2_tempo_aleatorio/180-600s_20percent,29,24,14,10,50,25.0
with-fail,cenario2_tempo_aleatorio/180-600s_20percent,30,21,9,12,42,21.0
with-fail,cenario2_tempo_aleatorio/180-600s_20percent,31,20,10,10,19,9.5
with-fail,cenario2_tempo_aleatorio/180-600s_20percent,32,22,11,11,41,20.5
with-fail,cenario2_tempo_aleatorio/180-600s_20percent,33,22,15,7,66,33.0
with-fail,cenario2_tempo_aleatorio/180-600s_20percent,34,24,16,8,37,18.5
with-fail,cenario2_tempo_aleatorio/180-600s_20percent,35,23,14,9,30,15.0
with-fail,cenario2_tempo_aleatorio/180-600s_30percent,1,17,12,5,52,26.0
with-fail,cenario2_tempo_aleatorio/180-600s_30percent,2,17,13,4,30,15.0
with-fail,cenario2_tempo_aleatorio/180-600s_30percent,3,18,12,6,47,23.5
with-fail,cenario2_tempo_aleatorio/180-600s_30percent,4,20,13,7,67,33.5
with-fail,cenario2_tempo_aleatorio/180-600s_30percent,5,17,8,9,24,12.0
with-fail,cenario2_tempo_aleatorio/180-600s_30percent,6,22,14,8,62,31.0
with-fail,cenario2_tempo_aleatorio/180-600s_30percent,7,17,14,3,55,27.5
with-fail,cenario2_tempo_aleatorio/180-600s_30percent,8,19,12,7,62,31.0
with-fail,cenario2_tempo_aleatorio/180-600s_30percent,9,25,13,12,67,33.5
with-fail,cenario2_tempo_aleatorio/180-600s_30percent,10,18,10,8,47,23.5
with-fail,cenario2_tempo_aleatorio/180-600s_30percent,11,23,16,7,72,36.0
with-fail,cenario2_tempo_aleatorio/180-600s_30percent,12,23,13,10,63,31.5
with-fail,cenario2_tempo_aleatorio/180-600s_30percent,13,22,14,8,87,43.5
with-fail,cenario2_tempo_aleatorio/180-600s_30percent,14,20,11,9,67,33.5
with-fail,cenario2_tempo_aleatorio/180-600s_30percent,15,21,10,11,62,31.0
with-fail,cenario2_tempo_aleatorio/180-600s_30percent,16,17,9,8,45,22.5
with-fail,cenario2_tempo_aleatorio/180-600s_30percent,17,17,9,8,29,14.5
with-fail,cenario2_tempo_aleatorio/180-600s_30percent,18,27,18,9,55,27.5
with-fail,cenario2_tempo_aleatorio/180-600s_30percent,19,18,11,7,58,29.0
with-fail,cenario2_tempo_aleatorio/180-600s_30percent,20,21,15,6,63,31.5
with-fail,cenario2_tempo_aleatorio/180-600s_30percent,21,17,10,7,50,25.0
with-fail,cenario2_tempo_aleatorio/180-600s_30percent,22,18,10,8,16,8.0
with-fail,cenario2_tempo_aleatorio/180-600s_30percent,23,17,10,7,57,28.5
with-fail,cenario2_tempo_aleatorio/180-600s_30percent,24,16,14,2,49,24.5
with-fail,cenario2_tempo_aleatorio/180-600s_30percent,25,19,9,10,53,26.5
with-fail,cenario2_tempo_aleatorio/180-600s_30percent,26,20,14,6,22,11.0
with-fail,cenario2_tempo_aleatorio/180-600s_30percent,27,13,10,3,10,5.0
with-fail,cenario2_tempo_aleatorio/180-600s_30percent,28,23,10,13,44,22.0
with-fail,cenario2_tempo_aleatorio/180-600s_30percent,29,18,10,8,50,25.0
with-fail,cenario2_tempo_aleatorio/180-600s_30percent,30,18,13,5,57,28.5
with-fail,cenario2_tempo_aleatorio/180-600s_30percent,31,26,20,6,82,41.0
with-fail,cenario2_tempo_aleatorio/180-600s_30percent,32,23,15,8,40,20.0
with-fail,cenario2_tempo_aleatorio/180-600s_30percent,33,22,15,7,33,16.5
with-fail,cenario2_tempo_aleatorio/180-600s_30percent,34,22,17,5,81,40.5
with-fail,cenario2_tempo_aleatorio/180-600s_30percent,35,15,9,6,42,21.0
with-fail,cenario3_tudo_aleatorio/180-600s_10-30percent,1,18,9,9,37,18.5
with-fail,cenario3_tudo_aleatorio/180-600s_10-30percent,2,21,10,11,25,12.5
with-fail,cenario3_tudo_aleatorio/180-600s_10-30percent,3,17,12,5,0,0.0
with-fail,cenario3_tudo_aleatorio/180-600s_10-30percent,4,21,15,6,57,28.5
with-fail,cenario3_tudo_aleatorio/180-600s_10-30percent,5,21,14,7,49,24.5
with-fail,cenario3_tudo_aleatorio/180-600s_10-30percent,6,15,11,4,52,26.0
with-fail,cenario3_tudo_aleatorio/180-600s_10-30percent,7,15,11,4,33,16.5
with-fail,cenario3_tudo_aleatorio/180-600s_10-30percent,8,23,18,5,39,19.5
with-fail,cenario3_tudo_aleatorio/180-600s_10-30percent,9,18,14,4,19,9.5
with-fail,cenario3_tudo_aleatorio/180-600s_10-30percent,10,20,15,5,58,29.0
with-fail,cenario3_tudo_aleatorio/180-600s_10-30percent,11,24,13,11,33,16.5
with-fail,cenario3_tudo_aleatorio/180-600s_10-30percent,12,18,13,5,62,31.0
with-fail,cenario3_tudo_aleatorio/180-600s_10-30percent,13,21,13,8,52,26.0
with-fail,cenario3_tudo_aleatorio/180-600s_10-30percent,14,19,13,6,29,14.5
with-fail,cenario3_tudo_aleatorio/180-600s_10-30percent,15,19,11,8,43,21.5
with-fail,cenario3_tudo_aleatorio/180-600s_10-30percent,16,17,9,8,8,4.0
with-fail,cenario3_tudo_aleatorio/180-600s_10-30percent,17,17,11,6,16,8.0
with-fail,cenario3_tudo_aleatorio/180-600s_10-30percent,18,22,14,8,63,31.5
with-fail,cenario3_tudo_aleatorio/180-600s_10-30percent,19,19,12,7,18,9.0
with-fail,cenario3_tudo_aleatorio/180-600s_10-30percent,20,16,10,6,26,13.0
with-fail,cenario3_tudo_aleatorio/180-600s_10-30percent,21,19,14,5,0,0.0
with-fail,cenario3_tudo_aleatorio/180-600s_10-30percent,22,18,12,6,46,23.0
with-fail,cenario3_tudo_aleatorio/180-600s_10-30percent,23,20,13,7,67,33.5
with-fail,cenario3_tudo_aleatorio/180-600s_10-30percent,24,19,14,5,54,27.0
with-fail,cenario3_tudo_aleatorio/180-600s_10-30percent,25,25,19,6,52,26.0
with-fail,cenario3_tudo_aleatorio/180-600s_10-30percent,26,16,9,7,68,34.0
with-fail,cenario3_tudo_aleatorio/180-600s_10-30percent,27,17,12,5,33,16.5
with-fail,cenario3_tudo_aleatorio/180-600s_10-30percent,28,17,12,5,22,11.0
with-fail,cenario3_tudo_aleatorio/180-600s_10-30percent,29,18,11,7,16,8.0
with-fail,cenario3_tudo_aleatorio/180-600s_10-30percent,30,16,11,5,35,17.5
with-fail,cenario3_tudo_aleatorio/180-600s_10-30percent,31,17,9,8,0,0.0
with-fail,cenario3_tudo_aleatorio/180-600s_10-30percent,32,23,15,8,56,28.0
with-fail,cenario3_tudo_aleatorio/180-600s_10-30percent,33,19,8,11,19,9.5
with-fail,cenario3_tudo_aleatorio/180-600s_10-30percent,34,19,13,6,70,35.0
with-fail,cenario3_tudo_aleatorio/180-600s_10-30percent,35,22,13,9,0,0.0
optimal,sem_falha,1,23,15,8,0,0.0
optimal,sem_falha,2,22,12,10,0,0.0
optimal,sem_falha,3,20,12,8,0,0.0
optimal,sem_falha,4,20,17,3,0,0.0
optimal,sem_falha,5,19,8,11,0,0.0
optimal,sem_falha,6,18,13,5,0,0.0
optimal,sem_falha,7,20,12,8,0,0.0
optimal,sem_falha,8,14,12,2,0,0.0
optimal,sem_falha,9,28,20,8,0,0.0
optimal,sem_falha,10,21,12,9,0,0.0
optimal,sem_falha,11,15,11,4,0,0.0
optimal,sem_falha,12,28,25,3,0,0.0
optimal,sem_falha,13,19,12,7,0,0.0
optimal,sem_falha,14,18,13,5,0,0.0
optimal,sem_falha,15,22,11,11,0,0.0
optimal,sem_falha,16,18,13,5,0,0.0
optimal,sem_falha,17,23,15,8,0,0.0
optimal,sem_falha,18,20,13,7,0,0.0
optimal,sem_falha,19,22,16,6,0,0.0
optimal,sem_falha,20,19,12,7,0,0.0
optimal,sem_falha,21,21,10,11,0,0.0
optimal,sem_falha,22,18,8,10,0,0.0
optimal,sem_falha,23,18,14,4,0,0.0
optimal,sem_falha,24,21,12,9,0,0.0
optimal,sem_falha,25,19,11,8,0,0.0
optimal,sem_falha,26,22,18,4,0,0.0
optimal,sem_falha,27,20,10,10,0,0.0
optimal,sem_falha,28,22,13,9,0,0.0
optimal,sem_falha,29,19,8,11,0,0.0
optimal,sem_falha,30,14,10,4,0,0.0
optimal,sem_falha,31,16,12,4,0,0.0
optimal,sem_falha,32,20,16,4,0,0.0
optimal,sem_falha,33,23,13,10,0,0.0
optimal,sem_falha,34,28,21,7,0,0.0
optimal,sem_falha,35,16,11,5,0,0.0
