approach,scenario,run,tasks_dispatched,tasks_accepted,total_acceptances,tasks_quorum_ok,tasks_quorum_fail,task_success_rate,avg_accept_latency_s,median_accept_latency_s
rl1,cenario1_tempo_fixo/310s_10percent,1,13,12,50,11,2,0.8462,0.0108,0.01
rl1,cenario1_tempo_fixo/310s_10percent,2,14,12,45,11,3,0.7857,0.0305,0.0345
rl1,cenario1_tempo_fixo/310s_10percent,3,12,12,33,11,1,0.9167,0.0303,0.0265
rl1,cenario1_tempo_fixo/310s_10percent,4,27,12,46,8,18,0.2963,0.0267,0.028
rl1,cenario1_tempo_fixo/310s_10percent,5,28,12,59,8,20,0.2857,0.0553,0.028
rl1,cenario1_tempo_fixo/310s_10percent,6,11,11,34,11,0,1.0,0.0243,0.024
rl1,cenario1_tempo_fixo/310s_10percent,7,27,12,38,8,18,0.2963,0.0377,0.0365
rl1,cenario1_tempo_fixo/310s_10percent,8,14,12,48,11,3,0.7857,0.0243,0.0195
rl1,cenario1_tempo_fixo/310s_10percent,9,16,12,37,10,5,0.625,0.02,0.019
rl1,cenario1_tempo_fixo/310s_10percent,10,16,12,37,10,6,0.625,0.0452,0.049
rl1,cenario1_tempo_fixo/310s_10percent,11,27,12,57,8,18,0.2963,0.0269,0.019
rl1,cenario1_tempo_fixo/310s_10percent,12,12,12,55,11,1,0.9167,0.0126,0.0115
rl1,cenario1_tempo_fixo/310s_10percent,13,19,12,36,10,9,0.5263,0.0456,0.055
rl1,cenario1_tempo_fixo/310s_10percent,14,37,12,50,6,30,0.1622,0.0215,0.026
rl1,cenario1_tempo_fixo/310s_10percent,15,16,12,53,10,5,0.625,0.0264,0.0195
rl1,cenario1_tempo_fixo/310s_10percent,16,21,12,53,9,11,0.4286,0.0184,0.0095
rl1,cenario1_tempo_fixo/310s_10percent,17,21,12,50,9,11,0.4286,0.0311,0.033
rl1,cenario1_tempo_fixo/310s_10percent,18,21,12,45,9,11,0.4286,0.0413,0.037
rl1,cenario1_tempo_fixo/310s_10percent,19,16,12,43,10,5,0.625,0.0327,0.028
rl1,cenario1_tempo_fixo/310s_10percent,20,11,11,50,11,0,1.0,0.0181,0.018
rl1,cenario1_tempo_fixo/310s_10percent,21,12,12,44,11,1,0.9167,0.0352,0.0305
rl1,cenario1_tempo_fixo/310s_10percent,22,21,12,47,9,11,0.4286,0.0314,0.026
rl1,cenario1_tempo_fixo/310s_10percent,23,12,12,47,11,1,0.9167,0.0193,0.014
rl1,cenario1_tempo_fixo/310s_10percent,24,27,12,41,8,18,0.2963,0.0321,0.036
rl1,cenario1_tempo_fixo/310s_10percent,25,12,12,41,11,1,0.9167,0.0169,0.0165
rl1,cenario1_tempo_fixo/310s_10percent,26,27,12,60,8,18,0.2963,0.0246,0.022
rl1,cenario1_tempo_fixo/310s_10percent,27,12,11,35,11,1,0.9167,0.0169,0.017
rl1,cenario1_tempo_fixo/310s_10percent,28,16,12,37,10,5,0.625,0.0175,0.017
rl1,cenario1_tempo_fixo/310s_10percent,29,16,12,39,10,5,0.625,0.0192,0.019
rl1,cenario1_tempo_fixo/310s_10percent,30,16,12,49,10,5,0.625,0.0655,0.0225
rl1,cenario1_tempo_fixo/310s_10percent,31,16,12,35,10,5,0.625,0.0217,0.021
rl1,cenario1_tempo_fixo/310s_10percent,32,16,12,59,10,5,0.625,0.0398,0.025
rl1,cenario1_tempo_fixo/310s_10percent,33,12,12,38,11,1,0.9167,0.0348,0.04
rl1,cenario1_tempo_fixo/310s_10percent,34,11,11,46,11,0,1.0,0.0159,0.019
rl1,cenario1_tempo_fixo/310s_10percent,35,12,12,42,11,1,0.9167,0.0465,0.04
rl1,cenario1_tempo_fixo/310s_20percent,1,12,12,52,11,1,0.9167,0.0136,0.0095
rl1,cenario1_tempo_fixo/310s_20percent,2,11,11,43,11,0,1.0,0.0314,0.03
rl1,cenario1_tempo_fixo/310s_20percent,3,16,11,30,10,5,0.625,0.0366,0.0365
rl1,cenario1_tempo_fixo/310s_20percent,4,11,11,36,11,0,1.0,0.0327,0.022
rl1,cenario1_tempo_fixo/310s_20percent,5,11,11,44,11,0,1.0,0.0425,0.016
rl1,cenario1_tempo_fixo/310s_20percent,6,12,12,37,11,1,0.9167,0.0492,0.0705
rl1,cenario1_tempo_fixo/310s_20percent,7,12,12,37,11,1,0.9167,0.0331,0.0285
rl1,cenario1_tempo_fixo/310s_20percent,8,12,11,43,11,1,0.9167,0.0201,0.018
rl1,cenario1_tempo_fixo/310s_20percent,9,21,12,43,9,11,0.4286,0.0228,0.02
rl1,cenario1_tempo_fixo/310s_20percent,10,12,12,38,11,1,0.9167,0.0452,0.053
rl1,cenario1_tempo_fixo/310s_20percent,11,27,10,32,8,18,0.2963,0.0179,0.0185
rl1,cenario1_tempo_fixo/310s_20percent,12,11,11,56,11,0,1.0,0.0095,0.01
rl1,cenario1_tempo_fixo/310s_20percent,13,12,12,60,11,1,0.9167,0.017,0.0135
rl1,cenario1_tempo_fixo/310s_20percent,14,14,12,53,11,3,0.7857,0.0229,0.017
rl1,cenario1_tempo_fixo/310s_20percent,15,27,11,42,8,18,0.2963,0.0361,0.031
rl1,cenario1_tempo_fixo/310s_20percent,16,12,12,43,11,1,0.9167,0.0349,0.0375
rl1,cenario1_tempo_fixo/310s_20percent,17,27,12,54,8,18,0.2963,0.0383,0.036
rl1,cenario1_tempo_fixo/310s_20percent,18,27,11,43,8,18,0.2963,0.0225,0.0175
rl1,cenario1_tempo_fixo/310s_20percent,19,12,12,38,11,1,0.9167,0.0287,0.0125
rl1,cenario1_tempo_fixo/310s_20percent,20,16,12,34,10,5,0.625,0.0283,0.026
rl1,cenario1_tempo_fixo/310s_20percent,21,21,12,51,9,11,0.4286,0.0162,0.015
rl1,cenario1_tempo_fixo/310s_20percent,22,32,12,55,7,24,0.2188,0.0646,0.074
rl1,cenario1_tempo_fixo/310s_20percent,23,11,11,52,11,0,1.0,0.0098,0.01
rl1,cenario1_tempo_fixo/310s_20percent,24,29,12,59,8,21,0.2759,0.0305,0.0315
rl1,cenario1_tempo_fixo/310s_20percent,25,14,12,37,11,3,0.7857,0.5282,0.0195
rl1,cenario1_tempo_fixo/310s_20percent,26,27,12,42,8,18,0.2963,0.045,0.042
rl1,cenario1_tempo_fixo/310s_20percent,27,12,12,39,11,1,0.9167,0.0302,0.0265
rl1,cenario1_tempo_fixo/310s_20percent,28,21,12,43,9,11,0.4286,0.0366,0.023
rl1,cenario1_tempo_fixo/310s_20percent,29,12,12,41,11,1,0.9167,0.0345,0.031
rl1,cenario1_tempo_fixo/310s_20percent,30,11,11,47,11,0,1.0,0.0091,0.007
rl1,cenario1_tempo_fixo/310s_20percent,31,11,11,40,11,0,1.0,0.0207,0.016
rl1,cenario1_tempo_fixo/310s_20percent,32,11,11,48,11,0,1.0,0.022,0.018
rl1,cenario1_tempo_fixo/310s_20percent,33,12,12,43,11,1,0.9167,0.0269,0.0275
rl1,cenario1_tempo_fixo/310s_20percent,34,12,12,54,11,1,0.9167,0.0075,0.006
rl1,cenario1_tempo_fixo/310s_20percent,35,16,12,40,10,5,0.625,0.0307,0.0235
rl1,cenario1_tempo_fixo/310s_30percent,1,32,12,46,7,24,0.2188,0.0141,0.011
rl1,cenario1_tempo_fixo/310s_30percent,2,27,12,48,8,18,0.2963,0.0242,0.017
rl1,cenario1_tempo_fixo/310s_30percent,3,27,12,45,8,18,0.2963,0.0484,0.0315
rl1,cenario1_tempo_fixo/310s_30percent,4,21,12,50,9,11,0.4286,0.0201,0.018
rl1,cenario1_tempo_fixo/310s_30percent,5,27,11,49,8,18,0.2963,0.0297,0.031
rl1,cenario1_tempo_fixo/310s_30percent,6,12,12,35,11,1,0.9167,0.0251,0.0235
rl1,cenario1_tempo_fixo/310s_30percent,7,16,12,43,10,6,0.625,0.0199,0.02
rl1,cenario1_tempo_fixo/310s_30percent,8,27,12,42,8,18,0.2963,0.0357,0.017
rl1,cenario1_tempo_fixo/310s_30percent,9,11,11,40,11,0,1.0,0.0348,0.037
rl1,cenario1_tempo_fixo/310s_30percent,10,11,11,44,11,0,1.0,0.0429,0.051
rl1,cenario1_tempo_fixo/310s_30percent,11,16,12,43,10,5,0.625,0.0604,0.034
rl1,cenario1_tempo_fixo/310s_30percent,12,12,12,34,11,1,0.9167,0.017,0.01
rl1,cenario1_tempo_fixo/310s_30percent,13,32,12,43,7,24,0.2188,0.0331,0.026
rl1,cenario1_tempo_fixo/310s_30percent,14,11,11,37,11,0,1.0,0.0155,0.014
rl1,cenario1_tempo_fixo/310s_30percent,15,19,12,43,10,9,0.5263,0.0261,0.027
rl1,cenario1_tempo_fixo/310s_30percent,16,25,9,36,9,16,0.36,0.0276,0.027
rl1,cenario1_tempo_fixo/310s_30percent,17,32,11,38,7,24,0.2188,0.0231,0.017
rl1,cenario1_tempo_fixo/310s_30percent,18,21,12,67,9,11,0.4286,0.043,0.027
rl1,cenario1_tempo_fixo/310s_30percent,19,27,12,45,8,18,0.2963,0.0187,0.019
rl1,cenario1_tempo_fixo/310s_30percent,20,32,10,28,7,24,0.2188,0.0214,0.022
rl1,cenario1_tempo_fixo/310s_30percent,21,19,12,45,10,9,0.5263,0.0386,0.0375
rl1,cenario1_tempo_fixo/310s_30percent,22,11,11,61,11,0,1.0,0.0242,0.028
rl1,cenario1_tempo_fixo/310s_30percent,23,11,11,48,11,0,1.0,0.009,0.007
rl1,cenario1_tempo_fixo/310s_30percent,24,27,12,39,8,18,0.2963,0.0156,0.011
rl1,cenario1_tempo_fixo/310s_30percent,25,16,12,37,10,5,0.625,0.0269,0.014
rl1,cenario1_tempo_fixo/310s_30percent,26,16,12,39,10,5,0.625,0.0337,0.023
rl1,cenario1_tempo_fixo/310s_30percent,27,16,12,38,10,5,0.625,0.019,0.02
rl1,cenario1_tempo_fixo/310s_30percent,28,43,11,56,5,37,0.1163,0.0154,0.018
rl1,cenario1_tempo_fixo/310s_30percent,29,32,12,58,7,24,0.2188,0.0156,0.015
rl1,cenario1_tempo_fixo/310s_30percent,30,12,12,54,11,1,0.9167,0.0288,0.02
rl1,cenario1_tempo_fixo/310s_30percent,31,11,11,60,11,0,1.0,0.0112,0.011
rl1,cenario1_tempo_fixo/310s_30percent,32,16,12,44,10,5,0.625,0.0297,0.011
rl1,cenario1_tempo_fixo/310s_30percent,33,16,12,50,10,5,0.625,0.0241,0.015
rl1,cenario1_tempo_fixo/310s_30percent,34,12,12,40,11,1,0.9167,0.0144,0.0115
rl1,cenario1_tempo_fixo/310s_30percent,35,48,9,37,4,43,0.0833,0.0285,0.0215
rl1,cenario2_tempo_aleatorio/180-600s_10percent,1,11,11,49,11,0,1.0,0.0105,0.009
rl1,cenario2_tempo_aleatorio/180-600s_10percent,2,16,12,33,10,5,0.625,0.0294,0.022
rl1,cenario2_tempo_aleatorio/180-600s_10percent,3,14,12,40,11,3,0.7857,0.0143,0.012
rl1,cenario2_tempo_aleatorio/180-600s_10percent,4,27,12,54,8,18,0.2963,0.0226,0.0185
rl1,cenario2_tempo_aleatorio/180-600s_10percent,5,13,12,45,11,2,0.8462,0.0223,0.017
rl1,cenario2_tempo_aleatorio/180-600s_10percent,6,14,12,48,11,3,0.7857,0.0445,0.0335
rl1,cenario2_tempo_aleatorio/180-600s_10percent,7,24,12,61,9,15,0.375,0.035,0.0215
rl1,cenario2_tempo_aleatorio/180-600s_10percent,8,16,12,33,10,5,0.625,0.0463,0.04
rl1,cenario2_tempo_aleatorio/180-600s_10percent,9,21,12,41,9,11,0.4286,0.0374,0.032
rl1,cenario2_tempo_aleatorio/180-600s_10percent,10,12,12,50,11,1,0.9167,0.0223,0.0105
rl1,cenario2_tempo_aleatorio/180-600s_10percent,11,32,12,58,7,24,0.2188,0.0454,0.018
rl1,cenario2_tempo_aleatorio/180-600s_10percent,12,14,12,51,11,3,0.7857,0.0308,0.03
rl1,cenario2_tempo_aleatorio/180-600s_10percent,13,11,11,41,11,0,1.0,0.0085,0.006
rl1,cenario2_tempo_aleatorio/180-600s_10percent,14,16,12,57,10,5,0.625,0.0109,0.01
rl1,cenario2_tempo_aleatorio/180-600s_10percent,15,27,12,46,8,18,0.2963,0.0207,0.006
rl1,cenario2_tempo_aleatorio/180-600s_10percent,16,16,12,44,10,5,0.625,0.0184,0.011
rl1,cenario2_tempo_aleatorio/180-600s_10percent,17,13,12,50,11,2,0.8462,0.0325,0.027
rl1,cenario2_tempo_aleatorio/180-600s_10percent,18,11,11,46,11,0,1.0,0.0428,0.028
rl1,cenario2_tempo_aleatorio/180-600s_10percent,19,32,12,67,7,24,0.2188,0.0238,0.02
rl1,cenario2_tempo_aleatorio/180-600s_10percent,20,11,11,56,11,0,1.0,0.0224,0.024
rl1,cenario2_tempo_aleatorio/180-600s_10percent,21,27,12,42,8,18,0.2963,0.0217,0.021
rl1,cenario2_tempo_aleatorio/180-600s_10percent,22,32,12,52,7,24,0.2188,0.0435,0.0435
rl1,cenario2_tempo_aleatorio/180-600s_10percent,23,11,11,44,11,0,1.0,0.0199,0.022
rl1,cenario2_tempo_aleatorio/180-600s_10percent,24,13,12,41,11,2,0.8462,0.0286,0.031
rl1,cenario2_tempo_aleatorio/180-600s_10percent,25,12,12,32,11,1,0.9167,0.0148,0.016
rl1,cenario2_tempo_aleatorio/180-600s_10percent,26,12,12,47,11,1,0.9167,0.0283,0.0315
rl1,cenario2_tempo_aleatorio/180-600s_10percent,27,16,12,42,10,5,0.625,0.05,0.023
rl1,cenario2_tempo_aleatorio/180-600s_10percent,28,16,12,41,10,5,0.625,0.0194,0.01
rl1,cenario2_tempo_aleatorio/180-600s_10percent,29,11,11,38,11,0,1.0,0.014,0.013
rl1,cenario2_tempo_aleatorio/180-600s_10percent,30,12,12,50,11,1,0.9167,0.0181,0.0155
rl1,cenario2_tempo_aleatorio/180-600s_10percent,31,12,12,69,11,1,0.9167,0.0197,0.0155
rl1,cenario2_tempo_aleatorio/180-600s_10percent,32,12,12,32,11,1,0.9167,0.0312,0.0275
rl1,cenario2_tempo_aleatorio/180-600s_10percent,33,27,11,65,8,18,0.2963,0.0239,0.012
rl1,cenario2_tempo_aleatorio/180-600s_10percent,34,12,12,48,11,1,0.9167,0.0323,0.0285
rl1,cenario2_tempo_aleatorio/180-600s_10percent,35,27,12,60,8,18,0.2963,0.012,0.01
rl1,cenario2_tempo_aleatorio/180-600s_20percent,1,11,11,38,11,0,1.0,0.0111,0.011
rl1,cenario2_tempo_aleatorio/180-600s_20percent,2,11,11,40,11,0,1.0,0.0362,0.044
rl1,cenario2_tempo_aleatorio/180-600s_20percent,3,27,12,62,8,18,0.2963,0.0419,0.0225
rl1,cenario2_tempo_aleatorio/180-600s_20percent,4,12,12,43,11,1,0.9167,0.0063,0.006
rl1,cenario2_tempo_aleatorio/180-600s_20percent,5,17,12,52,10,7,0.5882,0.0297,0.021
rl1,cenario2_tempo_aleatorio/180-600s_20percent,6,32,12,50,7,24,0.2188,0.0086,0.009
rl1,cenario2_tempo_aleatorio/180-600s_20percent,7,27,12,43,8,18,0.2963,0.0172,0.0095
rl1,cenario2_tempo_aleatorio/180-600s_20percent,8,27,12,50,8,18,0.2963,0.0176,0.017
rl1,cenario2_tempo_aleatorio/180-600s_20percent,9,16,12,53,10,5,0.625,0.0223,0.019
rl1,cenario2_tempo_aleatorio/180-600s_20percent,10,27,12,40,8,18,0.2963,0.0663,0.074
rl1,cenario2_tempo_aleatorio/180-600s_20percent,11,12,12,45,11,1,0.9167,0.0427,0.041
rl1,cenario2_tempo_aleatorio/180-600s_20percent,12,12,12,42,11,1,0.9167,0.0308,0.0215
rl1,cenario2_tempo_aleatorio/180-600s_20percent,13,24,12,53,9,15,0.375,0.0355,0.0395
rl1,cenario2_tempo_aleatorio/180-600s_20percent,14,14,12,44,11,3,0.7857,0.0178,0.0135
rl1,cenario2_tempo_aleatorio/180-600s_20percent,15,16,12,42,10,5,0.625,0.037,0.0435
rl1,cenario2_tempo_aleatorio/180-600s_20percent,16,16,12,38,10,5,0.625,0.0254,0.02
rl1,cenario2_tempo_aleatorio/180-600s_20percent,17,12,12,55,11,1,0.9167,0.0232,0.0255
rl1,cenario2_tempo_aleatorio/180-600s_20percent,18,12,12,49,11,1,0.9167,0.0391,0.036
rl1,cenario2_tempo_aleatorio/180-600s_20percent,19,16,12,33,10,5,0.625,0.0168,0.019
rl1,cenario2_tempo_aleatorio/180-600s_20percent,20,12,12,40,11,1,0.9167,0.0425,0.0215
rl1,cenario2_tempo_aleatorio/180-600s_20percent,21,12,12,39,11,1,0.9167,0.0424,0.0305
rl1,cenario2_tempo_aleatorio/180-600s_20percent,22,27,11,37,8,18,0.2963,0.0256,0.017
rl1,cenario2_tempo_aleatorio/180-600s_20percent,23,27,11,34,8,18,0.2963,0.0416,0.0465
rl1,cenario2_tempo_aleatorio/180-600s_20percent,24,12,12,43,11,1,0.9167,0.0381,0.0345
rl1,cenario2_tempo_aleatorio/180-600s_20percent,25,12,12,39,11,1,0.9167,0.0345,0.034
rl1,cenario2_tempo_aleatorio/180-600s_20percent,26,21,12,62,9,11,0.4286,0.0193,0.017
rl1,cenario2_tempo_aleatorio/180-600s_20percent,27,16,12,38,10,5,0.625,0.0155,0.013
rl1,cenario2_tempo_aleatorio/180-600s_20percent,28,32,12,49,7,24,0.2188,0.0353,0.024
rl1,cenario2_tempo_aleatorio/180-600s_20percent,29,16,11,53,10,5,0.625,0.0239,0.021
rl1,cenario2_tempo_aleatorio/180-600s_20percent,30,21,12,44,9,11,0.4286,0.0219,0.02
rl1,cenario2_tempo_aleatorio/180-600s_20percent,31,16,12,41,10,5,0.625,0.0172,0.016
rl1,cenario2_tempo_aleatorio/180-600s_20percent,32,37,12,30,6,30,0.1622,0.0205,0.0185
rl1,cenario2_tempo_aleatorio/180-600s_20percent,33,27,11,43,8,18,0.2963,0.0285,0.0175
rl1,cenario2_tempo_aleatorio/180-600s_20percent,34,12,12,38,11,1,0.9167,0.0207,0.0255
rl1,cenario2_tempo_aleatorio/180-600s_20percent,35,11,11,54,11,0,1.0,0.0121,0.011
rl1,cenario2_tempo_aleatorio/180-600s_30percent,1,16,12,33,10,5,0.625,0.0089,0.0075
rl1,cenario2_tempo_aleatorio/180-600s_30percent,2,16,12,54,10,5,0.625,0.022,0.0135
rl1,cenario2_tempo_aleatorio/180-600s_30percent,3,21,12,67,9,11,0.4286,0.6046,0.019
rl1,cenario2_tempo_aleatorio/180-600s_30percent,4,32,12,47,7,24,0.2188,0.0206,0.023
rl1,cenario2_tempo_aleatorio/180-600s_30percent,5,11,11,42,11,0,1.0,0.0492,0.026
rl1,cenario2_tempo_aleatorio/180-600s_30percent,6,16,12,44,10,5,0.625,0.0361,0.029
rl1,cenario2_tempo_aleatorio/180-600s_30percent,7,11,11,41,11,0,1.0,0.0175,0.019
rl1,cenario2_tempo_aleatorio/180-600s_30percent,8,32,11,38,7,24,0.2188,0.015,0.011
rl1,cenario2_tempo_aleatorio/180-600s_30percent,9,16,12,43,10,5,0.625,0.0309,0.0155
rl1,cenario2_tempo_aleatorio/180-600s_30percent,10,14,12,35,11,3,0.7857,0.026,0.0175
rl1,cenario2_tempo_aleatorio/180-600s_30percent,11,12,12,58,11,1,0.9167,0.0127,0.0125
rl1,cenario2_tempo_aleatorio/180-600s_30percent,12,27,12,60,8,19,0.2963,0.0144,0.012
rl1,cenario2_tempo_aleatorio/180-600s_30percent,13,21,12,41,9,11,0.4286,0.0356,0.0405
rl1,cenario2_tempo_aleatorio/180-600s_30percent,14,16,12,42,10,5,0.625,0.0123,0.015
rl1,cenario2_tempo_aleatorio/180-600s_30percent,15,21,12,48,9,11,0.4286,0.0147,0.013
rl1,cenario2_tempo_aleatorio/180-600s_30percent,16,11,11,68,11,0,1.0,0.0174,0.017
rl1,cenario2_tempo_aleatorio/180-600s_30percent,17,27,11,53,8,18,0.2963,0.0264,0.0235
rl1,cenario2_tempo_aleatorio/180-600s_30percent,18,21,10,32,9,11,0.4286,0.0241,0.016
rl1,cenario2_tempo_aleatorio/180-600s_30percent,19,32,8,26,7,24,0.2188,0.036,0.031
rl1,cenario2_tempo_aleatorio/180-600s_30percent,20,12,12,33,11,1,0.9167,0.0153,0.0155
rl1,cenario2_tempo_aleatorio/180-600s_30percent,21,12,12,39,11,1,0.9167,0.0247,0.0125
rl1,cenario2_tempo_aleatorio/180-600s_30percent,22,11,11,45,11,0,1.0,0.0351,0.032
rl1,cenario2_tempo_aleatorio/180-600s_30percent,23,16,12,34,10,5,0.625,0.0097,0.007
rl1,cenario2_tempo_aleatorio/180-600s_30percent,24,27,12,49,8,18,0.2963,0.0245,0.0145
rl1,cenario2_tempo_aleatorio/180-600s_30percent,25,16,12,45,10,5,0.625,0.0401,0.028
rl1,cenario2_tempo_aleatorio/180-600s_30percent,26,21,12,41,9,11,0.4286,0.0202,0.015
rl1,cenario2_tempo_aleatorio/180-600s_30percent,27,11,11,44,11,0,1.0,0.0331,0.043
rl1,cenario2_tempo_aleatorio/180-600s_30percent,28,11,11,44,11,0,1.0,0.0135,0.012
rl1,cenario2_tempo_aleatorio/180-600s_30percent,29,13,12,41,11,2,0.8462,0.0184,0.018
rl1,cenario2_tempo_aleatorio/180-600s_30percent,30,11,11,42,11,0,1.0,0.0361,0.019
rl1,cenario2_tempo_aleatorio/180-600s_30percent,31,27,12,54,8,18,0.2963,0.0143,0.014
rl1,cenario2_tempo_aleatorio/180-600s_30percent,32,11,11,45,11,0,1.0,0.0256,0.013
rl1,cenario2_tempo_aleatorio/180-600s_30percent,33,11,11,42,11,0,1.0,0.0175,0.017
rl1,cenario2_tempo_aleatorio/180-600s_30percent,34,21,12,38,9,11,0.4286,0.0246,0.023
rl1,cenario2_tempo_aleatorio/180-600s_30percent,35,32,12,56,7,24,0.2188,0.0126,0.01
rl1,cenario3_tudo_aleatorio/180-600s_10-30percent,1,27,12,47,8,18,0.2963,0.0356,0.0285
rl1,cenario3_tudo_aleatorio/180-600s_10-30percent,2,11,11,53,11,0,1.0,0.045,0.054
rl1,cenario3_tudo_aleatorio/180-600s_10-30percent,3,16,12,43,10,5,0.625,0.0089,0.0075
rl1,cenario3_tudo_aleatorio/180-600s_10-30percent,4,37,12,39,6,30,0.1622,0.0322,0.0165
rl1,cenario3_tudo_aleatorio/180-600s_10-30percent,5,21,11,34,9,11,0.4286,0.0204,0.019
rl1,cenario3_tudo_aleatorio/180-600s_10-30percent,6,16,12,38,10,5,0.625,0.0511,0.0325
rl1,cenario3_tudo_aleatorio/180-600s_10-30percent,7,43,12,65,5,37,0.1163,0.0364,0.037
rl1,cenario3_tudo_aleatorio/180-600s_10-30percent,8,12,12,48,11,1,0.9167,0.4529,0.0385
rl1,cenario3_tudo_aleatorio/180-600s_10-30percent,9,12,12,45,11,1,0.9167,0.0247,0.014
rl1,cenario3_tudo_aleatorio/180-600s_10-30percent,10,21,12,39,9,11,0.4286,0.0221,0.019
rl1,cenario3_tudo_aleatorio/180-600s_10-30percent,11,21,12,62,9,11,0.4286,0.0229,0.01
rl1,cenario3_tudo_aleatorio/180-600s_10-30percent,12,12,12,50,11,1,0.9167,0.0178,0.016
rl1,cenario3_tudo_aleatorio/180-600s_10-30percent,13,12,11,35,11,1,0.9167,0.0176,0.013
rl1,cenario3_tudo_aleatorio/180-600s_10-30percent,14,12,12,56,11,1,0.9167,0.0183,0.0175
rl1,cenario3_tudo_aleatorio/180-600s_10-30percent,15,16,12,44,10,5,0.625,0.0274,0.0175
rl1,cenario3_tudo_aleatorio/180-600s_10-30percent,16,12,12,48,11,1,0.9167,0.0344,0.03
rl1,cenario3_tudo_aleatorio/180-600s_10-30percent,17,21,12,56,9,11,0.4286,0.0321,0.034
rl1,cenario3_tudo_aleatorio/180-600s_10-30percent,18,11,11,49,11,0,1.0,0.0369,0.039
rl1,cenario3_tudo_aleatorio/180-600s_10-30percent,19,11,11,50,11,0,1.0,0.0336,0.029
rl1,cenario3_tudo_aleatorio/180-600s_10-30percent,20,16,12,35,10,5,0.625,0.028,0.027
rl1,cenario3_tudo_aleatorio/180-600s_10-30percent,21,16,12,49,10,5,0.625,0.011,0.01
rl1,cenario3_tudo_aleatorio/180-600s_10-30percent,22,16,12,53,10,5,0.625,0.0301,0.0235
rl1,cenario3_tudo_aleatorio/180-600s_10-30percent,23,12,12,41,11,1,0.9167,0.0076,0.006
rl1,cenario3_tudo_aleatorio/180-600s_10-30percent,24,16,12,40,10,5,0.625,0.0375,0.031
rl1,cenario3_tudo_aleatorio/180-600s_10-30percent,25,16,12,46,10,6,0.625,0.0254,0.017
rl1,cenario3_tudo_aleatorio/180-600s_10-30percent,26,21,12,55,9,11,0.4286,0.0396,0.02
rl1,cenario3_tudo_aleatorio/180-600s_10-30percent,27,11,11,36,11,0,1.0,0.0477,0.056
rl1,cenario3_tudo_aleatorio/180-600s_10-30percent,28,21,12,55,9,11,0.4286,0.0208,0.009
rl1,cenario3_tudo_aleatorio/180-600s_10-30percent,29,11,11,36,11,0,1.0,0.0306,0.019
rl1,cenario3_tudo_aleatorio/180-600s_10-30percent,30,11,11,46,11,0,1.0,0.0157,0.017
rl1,cenario3_tudo_aleatorio/180-600s_10-30percent,31,11,11,25,11,0,1.0,0.0153,0.013
rl1,cenario3_tudo_aleatorio/180-600s_10-30percent,32,16,12,41,10,5,0.625,0.0291,0.025
rl1,cenario3_tudo_aleatorio/180-600s_10-30percent,33,12,12,67,11,1,0.9167,0.0282,0.023
rl1,cenario3_tudo_aleatorio/180-600s_10-30percent,34,12,12,45,11,1,0.9167,0.0187,0.0155
rl1,cenario3_tudo_aleatorio/180-600s_10-30percent,35,16,12,51,10,5,0.625,0.0162,0.0135
rl2,cenario1_tempo_fixo/310s_10percent,1,13,12,57,11,2,0.8462,0.0178,0.016
rl2,cenario1_tempo_fixo/310s_10percent,2,11,11,70,11,0,1.0,0.0108,0.01
rl2,cenario1_tempo_fixo/310s_10percent,3,12,12,51,11,1,0.9167,0.0162,0.0165
rl2,cenario1_tempo_fixo/310s_10percent,4,12,12,52,11,1,0.9167,0.0177,0.0165
rl2,cenario1_tempo_fixo/310s_10percent,5,21,12,64,9,11,0.4286,0.0224,0.009
rl2,cenario1_tempo_fixo/310s_10percent,6,16,12,45,10,5,0.625,0.0277,0.021
rl2,cenario1_tempo_fixo/310s_10percent,7,11,11,45,11,0,1.0,0.0366,0.037
rl2,cenario1_tempo_fixo/310s_10percent,8,12,12,42,11,1,0.9167,0.0238,0.0175
rl2,cenario1_tempo_fixo/310s_10percent,9,16,12,47,10,5,0.625,0.02,0.007
rl2,cenario1_tempo_fixo/310s_10percent,10,16,12,49,10,5,0.625,0.0148,0.017
rl2,cenario1_tempo_fixo/310s_10percent,11,12,12,56,11,1,0.9167,0.0117,0.012
rl2,cenario1_tempo_fixo/310s_10percent,12,11,11,67,11,0,1.0,0.0202,0.02
rl2,cenario1_tempo_fixo/310s_10percent,13,11,11,43,11,0,1.0,0.024,0.015
rl2,cenario1_tempo_fixo/310s_10percent,14,12,12,47,11,1,0.9167,0.0252,0.0255
rl2,cenario1_tempo_fixo/310s_10percent,15,21,12,62,9,11,0.4286,0.0249,0.02
rl2,cenario1_tempo_fixo/310s_10percent,16,27,12,55,8,18,0.2963,0.011,0.0095
rl2,cenario1_tempo_fixo/310s_10percent,17,27,12,55,8,18,0.2963,0.0358,0.024
rl2,cenario1_tempo_fixo/310s_10percent,18,11,11,60,11,0,1.0,0.0268,0.026
rl2,cenario1_tempo_fixo/310s_10percent,19,21,12,48,9,11,0.4286,0.0237,0.013
rl2,cenario1_tempo_fixo/310s_10percent,20,16,12,39,10,5,0.625,0.0218,0.0225
rl2,cenario1_tempo_fixo/310s_10percent,21,11,11,40,11,0,1.0,0.0442,0.046
rl2,cenario1_tempo_fixo/310s_10percent,22,14,12,53,11,3,0.7857,0.025,0.0185
rl2,cenario1_tempo_fixo/310s_10percent,23,11,11,25,11,0,1.0,0.0455,0.047
rl2,cenario1_tempo_fixo/310s_10percent,24,11,11,51,11,0,1.0,0.0342,0.024
rl2,cenario1_tempo_fixo/310s_10percent,25,16,12,51,10,5,0.625,0.0302,0.029
rl2,cenario1_tempo_fixo/310s_10percent,26,12,12,51,11,1,0.9167,0.037,0.021
rl2,cenario1_tempo_fixo/310s_10percent,27,16,12,37,10,5,0.625,0.0184,0.015
rl2,cenario1_tempo_fixo/310s_10percent,28,16,12,48,10,5,0.625,0.0389,0.033
rl2,cenario1_tempo_fixo/310s_10percent,29,21,12,45,9,11,0.4286,0.0328,0.026
rl2,cenario1_tempo_fixo/310s_10percent,30,14,12,39,11,3,0.7857,0.021,0.0155
rl2,cenario1_tempo_fixo/310s_10percent,31,16,12,37,10,5,0.625,0.0346,0.028
rl2,cenario1_tempo_fixo/310s_10percent,32,17,12,42,10,7,0.5882,0.0127,0.0115
rl2,cenario1_tempo_fixo/310s_10percent,33,12,12,41,11,1,0.9167,0.0117,0.008
rl2,cenario1_tempo_fixo/310s_10percent,34,16,12,43,10,5,0.625,0.0428,0.029
rl2,cenario1_tempo_fixo/310s_10percent,35,18,12,43,10,8,0.5556,0.034,0.021
rl2,cenario1_tempo_fixo/310s_20percent,1,11,11,43,11,0,1.0,0.0168,0.013
rl2,cenario1_tempo_fixo/310s_20percent,2,11,11,44,11,0,1.0,0.026,0.014
rl2,cenario1_tempo_fixo/310s_20percent,3,11,11,43,11,0,1.0,0.0445,0.054
rl2,cenario1_tempo_fixo/310s_20percent,4,16,12,53,10,5,0.625,0.0081,0.0065
rl2,cenario1_tempo_fixo/310s_20percent,5,11,11,50,11,0,1.0,0.0256,0.015
rl2,cenario1_tempo_fixo/310s_20percent,6,11,11,53,11,0,1.0,0.0295,0.03
rl2,cenario1_tempo_fixo/310s_20percent,7,27,12,51,8,18,0.2963,0.0325,0.03
rl2,cenario1_tempo_fixo/310s_20percent,8,11,11,46,11,0,1.0,0.0147,0.013
rl2,cenario1_tempo_fixo/310s_20percent,9,21,12,50,9,11,0.4286,0.0376,0.022
rl2,cenario1_tempo_fixo/310s_20percent,10,21,12,41,9,11,0.4286,0.0238,0.019
rl2,cenario1_tempo_fixo/310s_20percent,11,11,11,41,11,0,1.0,0.0158,0.015
rl2,cenario1_tempo_fixo/310s_20percent,12,16,12,42,10,5,0.625,0.0217,0.0145
rl2,cenario1_tempo_fixo/310s_20percent,13,16,12,53,10,5,0.625,0.5191,0.016
rl2,cenario1_tempo_fixo/310s_20percent,14,21,12,58,9,11,0.4286,0.049,0.0535
rl2,cenario1_tempo_fixo/310s_20percent,15,11,11,55,11,0,1.0,0.0506,0.054
rl2,cenario1_tempo_fixo/310s_20percent,16,13,12,43,11,2,0.8462,0.0191,0.011
rl2,cenario1_tempo_fixo/310s_20percent,17,16,12,51,10,5,0.625,0.1129,0.0115
rl2,cenario1_tempo_fixo/310s_20percent,18,12,12,57,11,1,0.9167,0.0465,0.039
rl2,cenario1_tempo_fixo/310s_20percent,19,12,12,55,11,1,0.9167,0.0168,0.017
rl2,cenario1_tempo_fixo/310s_20percent,20,11,11,41,11,0,1.0,0.0107,0.007
rl2,cenario1_tempo_fixo/310s_20percent,21,11,11,71,11,0,1.0,0.0339,0.022
rl2,cenario1_tempo_fixo/310s_20percent,22,11,11,51,11,0,1.0,0.0185,0.014
rl2,cenario1_tempo_fixo/310s_20percent,23,21,12,44,9,11,0.4286,0.0141,0.012
rl2,cenario1_tempo_fixo/310s_20percent,24,27,12,76,8,18,0.2963,0.0286,0.017
rl2,cenario1_tempo_fixo/310s_20percent,25,27,12,60,8,18,0.2963,0.0145,0.014
rl2,cenario1_tempo_fixo/310s_20percent,26,12,12,36,11,1,0.9167,0.0343,0.0305
rl2,cenario1_tempo_fixo/310s_20percent,27,16,12,41,10,5,0.625,0.0252,0.0125
rl2,cenario1_tempo_fixo/310s_20percent,28,12,12,61,11,1,0.9167,0.0174,0.017
rl2,cenario1_tempo_fixo/310s_20percent,29,11,11,51,11,0,1.0,0.0086,0.007
rl2,cenario1_tempo_fixo/310s_20percent,30,14,12,42,11,3,0.7857,0.0193,0.0185
rl2,cenario1_tempo_fixo/310s_20percent,31,27,12,57,8,18,0.2963,0.0205,0.019
rl2,cenario1_tempo_fixo/310s_20percent,32,12,12,43,11,1,0.9167,0.0094,0.0085
rl2,cenario1_tempo_fixo/310s_20percent,33,21,12,41,9,11,0.4286,0.0684,0.058
rl2,cenario1_tempo_fixo/310s_20percent,34,11,11,45,11,0,1.0,0.0262,0.013
rl2,cenario1_tempo_fixo/310s_20percent,35,11,11,43,11,0,1.0,0.0347,0.034
rl2,cenario1_tempo_fixo/310s_30percent,1,11,11,43,11,0,1.0,0.0417,0.05
rl2,cenario1_tempo_fixo/310s_30percent,2,11,11,36,11,0,1.0,0.0088,0.006
rl2,cenario1_tempo_fixo/310s_30percent,3,16,11,38,10,6,0.625,0.0182,0.019
rl2,cenario1_tempo_fixo/310s_30percent,4,11,11,44,11,0,1.0,0.0435,0.011
rl2,cenario1_tempo_fixo/310s_30percent,5,11,11,45,11,0,1.0,0.016,0.007
rl2,cenario1_tempo_fixo/310s_30percent,6,11,11,55,11,0,1.0,0.0095,0.009
rl2,cenario1_tempo_fixo/310s_30percent,7,11,11,50,11,0,1.0,0.03,0.027
rl2,cenario1_tempo_fixo/310s_30percent,8,11,11,42,11,0,1.0,0.021,0.017
rl2,cenario1_tempo_fixo/310s_30percent,9,14,12,52,11,3,0.7857,0.0136,0.0115
rl2,cenario1_tempo_fixo/310s_30percent,10,11,11,53,11,0,1.0,0.0318,0.02
rl2,cenario1_tempo_fixo/310s_30percent,11,12,12,45,11,1,0.9167,0.0372,0.0245
rl2,cenario1_tempo_fixo/310s_30percent,12,11,11,39,11,0,1.0,0.0229,0.02
rl2,cenario1_tempo_fixo/310s_30percent,13,11,11,65,11,0,1.0,0.0411,0.035
rl2,cenario1_tempo_fixo/310s_30percent,14,12,12,47,11,1,0.9167,0.0306,0.0315
rl2,cenario1_tempo_fixo/310s_30percent,15,11,11,55,11,0,1.0,0.0175,0.017
rl2,cenario1_tempo_fixo/310s_30percent,16,16,12,51,10,5,0.625,0.0337,0.0265
rl2,cenario1_tempo_fixo/310s_30percent,17,16,12,37,10,5,0.625,0.6092,0.0095
rl2,cenario1_tempo_fixo/310s_30percent,18,12,12,54,11,1,0.9167,0.0216,0.0205
rl2,cenario1_tempo_fixo/310s_30percent,19,16,12,49,10,5,0.625,0.0347,0.0205
rl2,cenario1_tempo_fixo/310s_30percent,20,11,11,63,11,0,1.0,0.0269,0.011
rl2,cenario1_tempo_fixo/310s_30percent,21,12,12,47,11,1,0.9167,0.0234,0.018
rl2,cenario1_tempo_fixo/310s_30percent,22,27,12,60,8,18,0.2963,0.0294,0.022
rl2,cenario1_tempo_fixo/310s_30percent,23,16,12,48,10,5,0.625,0.0584,0.0605
rl2,cenario1_tempo_fixo/310s_30percent,24,12,12,46,11,1,0.9167,0.0315,0.0325
rl2,cenario1_tempo_fixo/310s_30percent,25,12,12,57,11,1,0.9167,0.0183,0.0175
rl2,cenario1_tempo_fixo/310s_30percent,26,19,12,53,10,9,0.5263,0.0102,0.009
rl2,cenario1_tempo_fixo/310s_30percent,27,11,11,45,11,0,1.0,0.0211,0.024
rl2,cenario1_tempo_fixo/310s_30percent,28,16,12,42,10,5,0.625,0.0278,0.03
rl2,cenario1_tempo_fixo/310s_30percent,29,16,12,47,10,5,0.625,0.0341,0.027
rl2,cenario1_tempo_fixo/310s_30percent,30,13,12,37,11,2,0.8462,0.0465,0.032
rl2,cenario1_tempo_fixo/310s_30percent,31,12,12,43,11,1,0.9167,0.0247,0.0205
rl2,cenario1_tempo_fixo/310s_30percent,32,11,11,42,11,0,1.0,0.0083,0.009
rl2,cenario1_tempo_fixo/310s_30percent,33,12,12,46,11,1,0.9167,0.0246,0.0275
rl2,cenario1_tempo_fixo/310s_30percent,34,11,11,76,11,0,1.0,0.0167,0.015
rl2,cenario1_tempo_fixo/310s_30percent,35,16,12,59,10,5,0.625,0.0238,0.014
rl2,cenario2_tempo_aleatorio/180-600s_10percent,1,11,11,39,11,0,1.0,0.0175,0.015
rl2,cenario2_tempo_aleatorio/180-600s_10percent,2,11,11,45,11,0,1.0,0.009,0.007
rl2,cenario2_tempo_aleatorio/180-600s_10percent,3,11,11,36,11,0,1.0,0.0403,0.041
rl2,cenario2_tempo_aleatorio/180-600s_10percent,4,11,11,61,11,0,1.0,0.0116,0.011
rl2,cenario2_tempo_aleatorio/180-600s_10percent,5,11,11,51,11,0,1.0,0.015,0.015
rl2,cenario2_tempo_aleatorio/180-600s_10percent,6,13,12,50,11,2,0.8462,0.0285,0.026
rl2,cenario2_tempo_aleatorio/180-600s_10percent,7,16,12,66,10,5,0.625,0.016,0.015
rl2,cenario2_tempo_aleatorio/180-600s_10percent,8,12,12,54,11,1,0.9167,0.0237,0.0175
rl2,cenario2_tempo_aleatorio/180-600s_10percent,9,21,12,40,9,11,0.4286,0.0317,0.028
rl2,cenario2_tempo_aleatorio/180-600s_10percent,10,16,12,47,10,6,0.625,0.037,0.029
rl2,cenario2_tempo_aleatorio/180-600s_10percent,11,11,11,54,11,0,1.0,0.025,0.021
rl2,cenario2_tempo_aleatorio/180-600s_10percent,12,11,11,47,11,0,1.0,0.0076,0.008
rl2,cenario2_tempo_aleatorio/180-600s_10percent,13,11,11,50,11,0,1.0,0.0244,0.024
rl2,cenario2_tempo_aleatorio/180-600s_10percent,14,27,12,56,8,18,0.2963,0.0234,0.024
rl2,cenario2_tempo_aleatorio/180-600s_10percent,15,12,12,38,11,1,0.9167,0.0497,0.036
rl2,cenario2_tempo_aleatorio/180-600s_10percent,16,21,12,59,9,11,0.4286,0.0207,0.015
rl2,cenario2_tempo_aleatorio/180-600s_10percent,17,13,12,42,11,2,0.8462,0.0371,0.033
rl2,cenario2_tempo_aleatorio/180-600s_10percent,18,11,11,55,11,0,1.0,0.0089,0.009
rl2,cenario2_tempo_aleatorio/180-600s_10percent,19,16,12,38,10,5,0.625,0.0123,0.01
rl2,cenario2_tempo_aleatorio/180-600s_10percent,20,11,11,50,11,0,1.0,0.0125,0.01
rl2,cenario2_tempo_aleatorio/180-600s_10percent,21,11,11,59,11,0,1.0,0.0244,0.02
rl2,cenario2_tempo_aleatorio/180-600s_10percent,22,12,12,54,11,1,0.9167,0.0228,0.021
rl2,cenario2_tempo_aleatorio/180-600s_10percent,23,27,12,57,8,18,0.2963,0.0199,0.012
rl2,cenario2_tempo_aleatorio/180-600s_10percent,24,16,12,35,10,5,0.625,0.0181,0.015
rl2,cenario2_tempo_aleatorio/180-600s_10percent,25,27,12,60,8,18,0.2963,0.0554,0.046
rl2,cenario2_tempo_aleatorio/180-600s_10percent,26,21,12,52,9,11,0.4286,0.0272,0.0205
rl2,cenario2_tempo_aleatorio/180-600s_10percent,27,16,12,48,10,5,0.625,0.031,0.0205
rl2,cenario2_tempo_aleatorio/180-600s_10percent,28,17,12,46,10,7,0.5882,0.0282,0.019
rl2,cenario2_tempo_aleatorio/180-600s_10percent,29,16,12,44,10,5,0.625,0.0182,0.02
rl2,cenario2_tempo_aleatorio/180-600s_10percent,30,16,12,39,10,5,0.625,0.0106,0.01
rl2,cenario2_tempo_aleatorio/180-600s_10percent,31,14,12,44,11,3,0.7857,0.0265,0.0315
rl2,cenario2_tempo_aleatorio/180-600s_10percent,32,14,12,61,11,3,0.7857,0.0086,0.006
rl2,cenario2_tempo_aleatorio/180-600s_10percent,33,12,12,42,11,1,0.9167,0.0215,0.0175
rl2,cenario2_tempo_aleatorio/180-600s_10percent,34,21,12,47,9,11,0.4286,0.025,0.025
rl2,cenario2_tempo_aleatorio/180-600s_10percent,35,12,12,49,11,1,0.9167,0.0307,0.0315
rl2,cenario2_tempo_aleatorio/180-600s_20percent,1,16,12,56,10,5,0.625,0.0239,0.023
rl2,cenario2_tempo_aleatorio/180-600s_20percent,2,12,12,32,11,1,0.9167,0.4541,0.039
rl2,cenario2_tempo_aleatorio/180-600s_20percent,3,21,12,47,9,11,0.4286,0.031,0.028
rl2,cenario2_tempo_aleatorio/180-600s_20percent,4,12,12,33,11,1,0.9167,0.0149,0.012
rl2,cenario2_tempo_aleatorio/180-600s_20percent,5,16,12,44,10,5,0.625,0.0132,0.0095
rl2,cenario2_tempo_aleatorio/180-600s_20percent,6,12,12,45,11,1,0.9167,0.0333,0.036
rl2,cenario2_tempo_aleatorio/180-600s_20percent,7,12,12,33,11,1,0.9167,0.0205,0.0165
rl2,cenario2_tempo_aleatorio/180-600s_20percent,8,16,12,42,10,5,0.625,0.0229,0.015
rl2,cenario2_tempo_aleatorio/180-600s_20percent,9,11,11,55,11,0,1.0,0.0295,0.028
rl2,cenario2_tempo_aleatorio/180-600s_20percent,10,12,12,79,11,1,0.9167,0.0367,0.023
rl2,cenario2_tempo_aleatorio/180-600s_20percent,11,16,12,46,10,5,0.625,0.0298,0.033
rl2,cenario2_tempo_aleatorio/180-600s_20percent,12,16,12,37,10,5,0.625,0.0237,0.026
rl2,cenario2_tempo_aleatorio/180-600s_20percent,13,11,11,53,11,0,1.0,0.0155,0.016
rl2,cenario2_tempo_aleatorio/180-600s_20percent,14,21,12,48,9,11,0.4286,0.0289,0.026
rl2,cenario2_tempo_aleatorio/180-600s_20percent,15,16,12,44,10,5,0.625,0.0397,0.0345
rl2,cenario2_tempo_aleatorio/180-600s_20percent,16,25,12,54,9,16,0.36,0.0251,0.026
rl2,cenario2_tempo_aleatorio/180-600s_20percent,17,21,12,67,9,11,0.4286,0.0231,0.018
rl2,cenario2_tempo_aleatorio/180-600s_20percent,18,28,12,65,8,20,0.2857,0.0366,0.034
rl2,cenario2_tempo_aleatorio/180-600s_20percent,19,12,12,44,11,1,0.9167,0.0252,0.028
rl2,cenario2_tempo_aleatorio/180-600s_20percent,20,21,12,44,9,11,0.4286,0.021,0.019
rl2,cenario2_tempo_aleatorio/180-600s_20percent,21,11,11,53,11,0,1.0,0.0112,0.008
rl2,cenario2_tempo_aleatorio/180-600s_20percent,22,12,12,48,11,1,0.9167,0.0287,0.027
rl2,cenario2_tempo_aleatorio/180-600s_20percent,23,11,11,72,11,0,1.0,0.0165,0.016
rl2,cenario2_tempo_aleatorio/180-600s_20percent,24,12,12,50,11,1,0.9167,0.0233,0.014
rl2,cenario2_tempo_aleatorio/180-600s_20percent,25,13,12,49,11,2,0.8462,0.0348,0.035
rl2,cenario2_tempo_aleatorio/180-600s_20percent,26,11,11,43,11,0,1.0,0.0303,0.035
rl2,cenario2_tempo_aleatorio/180-600s_20percent,27,11,11,53,11,0,1.0,0.0088,0.008
rl2,cenario2_tempo_aleatorio/180-600s_20percent,28,16,12,40,10,6,0.625,0.016,0.013
rl2,cenario2_tempo_aleatorio/180-600s_20percent,29,11,11,46,11,0,1.0,0.028,0.028
rl2,cenario2_tempo_aleatorio/180-600s_20percent,30,13,12,45,11,2,0.8462,0.0304,0.029
rl2,cenario2_tempo_aleatorio/180-600s_20percent,31,12,12,42,11,1,0.9167,0.0402,0.039
rl2,cenario2_tempo_aleatorio/180-600s_20percent,32,11,11,40,11,0,1.0,0.0302,0.021
rl2,cenario2_tempo_aleatorio/180-600s_20percent,33,11,11,48,11,0,1.0,0.0091,0.005
rl2,cenario2_tempo_aleatorio/180-600s_20percent,34,11,11,56,11,0,1.0,0.0115,0.01
rl2,cenario2_tempo_aleatorio/180-600s_20percent,35,12,12,39,11,1,0.9167,0.0362,0.03
rl2,cenario2_tempo_aleatorio/180-600s_30percent,1,12,12,48,11,1,0.9167,0.0367,0.037
rl2,cenario2_tempo_aleatorio/180-600s_30percent,2,12,12,31,11,1,0.9167,0.0323,0.037
rl2,cenario2_tempo_aleatorio/180-600s_30percent,3,21,12,57,9,11,0.4286,0.0246,0.021
rl2,cenario2_tempo_aleatorio/180-600s_30percent,4,13,12,40,11,2,0.8462,0.0392,0.02
rl2,cenario2_tempo_aleatorio/180-600s_30percent,5,16,12,56,10,5,0.625,0.0151,0.014
rl2,cenario2_tempo_aleatorio/180-600s_30percent,6,12,12,53,11,1,0.9167,0.0211,0.0195
rl2,cenario2_tempo_aleatorio/180-600s_30percent,7,21,12,50,9,11,0.4286,0.0337,0.024
rl2,cenario2_tempo_aleatorio/180-600s_30percent,8,12,12,56,11,1,0.9167,0.0224,0.0125
rl2,cenario2_tempo_aleatorio/180-600s_30percent,9,16,12,35,10,5,0.625,0.0323,0.024
rl2,cenario2_tempo_aleatorio/180-600s_30percent,10,12,12,58,11,1,0.9167,0.0413,0.0205
rl2,cenario2_tempo_aleatorio/180-600s_30percent,11,11,11,47,11,0,1.0,0.0308,0.022
rl2,cenario2_tempo_aleatorio/180-600s_30percent,12,12,12,45,11,1,0.9167,0.0332,0.031
rl2,cenario2_tempo_aleatorio/180-600s_30percent,13,11,11,50,11,0,1.0,0.0286,0.025
rl2,cenario2_tempo_aleatorio/180-600s_30percent,14,14,12,74,11,3,0.7857,0.0207,0.013
rl2,cenario2_tempo_aleatorio/180-600s_30percent,15,27,12,50,8,18,0.2963,0.0294,0.019
rl2,cenario2_tempo_aleatorio/180-600s_30percent,16,27,12,49,8,18,0.2963,0.0365,0.0335
rl2,cenario2_tempo_aleatorio/180-600s_30percent,17,21,12,57,9,11,0.4286,0.0231,0.014
rl2,cenario2_tempo_aleatorio/180-600s_30percent,18,16,12,57,10,5,0.625,0.0163,0.013
rl2,cenario2_tempo_aleatorio/180-600s_30percent,19,11,11,45,11,0,1.0,0.0369,0.02
rl2,cenario2_tempo_aleatorio/180-600s_30percent,20,13,12,48,11,2,0.8462,0.0161,0.012
rl2,cenario2_tempo_aleatorio/180-600s_30percent,21,13,12,39,11,2,0.8462,0.0178,0.018
rl2,cenario2_tempo_aleatorio/180-600s_30percent,22,12,12,48,11,1,0.9167,0.0255,0.0185
rl2,cenario2_tempo_aleatorio/180-600s_30percent,23,16,12,46,10,5,0.625,0.018,0.0135
rl2,cenario2_tempo_aleatorio/180-600s_30percent,24,11,11,51,11,0,1.0,0.0321,0.026
rl2,cenario2_tempo_aleatorio/180-600s_30percent,25,16,12,38,10,5,0.625,0.0337,0.019
rl2,cenario2_tempo_aleatorio/180-600s_30percent,26,12,12,62,11,1,0.9167,0.029,0.0275
rl2,cenario2_tempo_aleatorio/180-600s_30percent,27,11,11,47,11,0,1.0,0.0118,0.012
rl2,cenario2_tempo_aleatorio/180-600s_30percent,28,24,12,64,9,15,0.375,0.0227,0.021
rl2,cenario2_tempo_aleatorio/180-600s_30percent,29,11,11,52,11,0,1.0,0.0165,0.011
rl2,cenario2_tempo_aleatorio/180-600s_30percent,30,19,12,51,10,9,0.5263,0.0295,0.021
rl2,cenario2_tempo_aleatorio/180-600s_30percent,31,27,12,45,8,18,0.2963,0.0284,0.015
rl2,cenario2_tempo_aleatorio/180-600s_30percent,32,21,12,40,9,11,0.4286,0.0244,0.023
rl2,cenario2_tempo_aleatorio/180-600s_30percent,33,11,11,55,11,0,1.0,0.0089,0.009
rl2,cenario2_tempo_aleatorio/180-600s_30percent,34,11,11,48,11,0,1.0,0.0139,0.014
rl2,cenario2_tempo_aleatorio/180-600s_30percent,35,11,11,50,11,0,1.0,0.0395,0.039
rl2,cenario3_tudo_aleatorio/180-600s_10-30percent,1,11,11,62,11,0,1.0,0.02,0.021
rl2,cenario3_tudo_aleatorio/180-600s_10-30percent,2,21,12,48,9,11,0.4286,0.0247,0.019
rl2,cenario3_tudo_aleatorio/180-600s_10-30percent,3,16,12,42,10,5,0.625,0.0409,0.036
rl2,cenario3_tudo_aleatorio/180-600s_10-30percent,4,12,12,73,11,1,0.9167,0.4362,0.0105
rl2,cenario3_tudo_aleatorio/180-600s_10-30percent,5,21,12,49,9,11,0.4286,0.0244,0.022
rl2,cenario3_tudo_aleatorio/180-600s_10-30percent,6,21,12,45,9,11,0.4286,0.0446,0.04
rl2,cenario3_tudo_aleatorio/180-600s_10-30percent,7,21,12,54,9,11,0.4286,0.0319,0.015
rl2,cenario3_tudo_aleatorio/180-600s_10-30percent,8,21,12,44,9,11,0.4286,0.0247,0.012
rl2,cenario3_tudo_aleatorio/180-600s_10-30percent,9,32,12,54,7,24,0.2188,0.0319,0.021
rl2,cenario3_tudo_aleatorio/180-600s_10-30percent,10,16,12,57,10,5,0.625,0.0248,0.0225
rl2,cenario3_tudo_aleatorio/180-600s_10-30percent,11,11,11,42,11,0,1.0,0.0148,0.011
rl2,cenario3_tudo_aleatorio/180-600s_10-30percent,12,16,12,51,10,5,0.625,0.0228,0.025
rl2,cenario3_tudo_aleatorio/180-600s_10-30percent,13,11,11,32,11,0,1.0,0.0408,0.045
rl2,cenario3_tudo_aleatorio/180-600s_10-30percent,14,11,11,42,11,0,1.0,0.0082,0.007
rl2,cenario3_tudo_aleatorio/180-600s_10-30percent,15,12,12,32,11,1,0.9167,0.0292,0.035
rl2,cenario3_tudo_aleatorio/180-600s_10-30percent,16,21,12,45,9,11,0.4286,0.0284,0.015
rl2,cenario3_tudo_aleatorio/180-600s_10-30percent,17,12,12,38,11,1,0.9167,0.0166,0.0165
rl2,cenario3_tudo_aleatorio/180-600s_10-30percent,18,16,12,56,10,5,0.625,0.0349,0.035
rl2,cenario3_tudo_aleatorio/180-600s_10-30percent,19,12,12,47,11,1,0.9167,0.0346,0.0245
rl2,cenario3_tudo_aleatorio/180-600s_10-30percent,20,12,12,45,11,1,0.9167,0.0137,0.0135
rl2,cenario3_tudo_aleatorio/180-600s_10-30percent,21,11,11,60,11,0,1.0,0.0072,0.006
rl2,cenario3_tudo_aleatorio/180-600s_10-30percent,22,13,12,57,11,2,0.8462,0.0135,0.015
rl2,cenario3_tudo_aleatorio/180-600s_10-30percent,23,11,11,45,11,0,1.0,0.025,0.017
rl2,cenario3_tudo_aleatorio/180-600s_10-30percent,24,13,12,51,11,2,0.8462,0.0331,0.017
rl2,cenario3_tudo_aleatorio/180-600s_10-30percent,25,12,12,35,11,1,0.9167,0.0169,0.006
rl2,cenario3_tudo_aleatorio/180-600s_10-30percent,26,12,12,57,11,1,0.9167,0.0187,0.0135
rl2,cenario3_tudo_aleatorio/180-600s_10-30percent,27,11,11,53,11,0,1.0,0.009,0.008
rl2,cenario3_tudo_aleatorio/180-600s_10-30percent,28,11,11,60,11,0,1.0,0.0217,0.02
rl2,cenario3_tudo_aleatorio/180-600s_10-30percent,29,21,12,38,9,11,0.4286,0.0192,0.019
rl2,cenario3_tudo_aleatorio/180-600s_10-30percent,30,14,12,54,11,3,0.7857,0.0158,0.0135
rl2,cenario3_tudo_aleatorio/180-600s_10-30percent,31,11,11,48,11,0,1.0,0.0274,0.029
rl2,cenario3_tudo_aleatorio/180-600s_10-30percent,32,13,12,34,11,2,0.8462,0.0406,0.049
rl2,cenario3_tudo_aleatorio/180-600s_10-30percent,33,11,11,42,11,0,1.0,0.0251,0.026
rl2,cenario3_tudo_aleatorio/180-600s_10-30percent,34,21,12,55,9,11,0.4286,0.0283,0.0185
rl2,cenario3_tudo_aleatorio/180-600s_10-30percent,35,11,11,69,11,0,1.0,0.0401,0.038
rl3,cenario1_tempo_fixo/310s_10percent,1,11,11,36,11,0,1.0,0.0077,0.006
rl3,cenario1_tempo_fixo/310s_10percent,2,16,12,39,10,5,0.625,0.0277,0.0125
rl3,cenario1_tempo_fixo/310s_10percent,3,12,12,43,11,1,0.9167,0.0283,0.0225
rl3,cenario1_tempo_fixo/310s_10percent,4,16,12,63,10,5,0.625,0.0173,0.014
rl3,cenario1_tempo_fixo/310s_10percent,5,16,12,49,10,5,0.625,0.0242,0.0145
rl3,cenario1_tempo_fixo/310s_10percent,6,13,12,65,11,2,0.8462,0.0223,0.016
rl3,cenario1_tempo_fixo/310s_10percent,7,16,12,42,10,6,0.625,0.03,0.0285
rl3,cenario1_tempo_fixo/310s_10percent,8,17,12,50,10,7,0.5882,0.0473,0.042
rl3,cenario1_tempo_fixo/310s_10percent,9,14,12,44,11,3,0.7857,0.0323,0.02
rl3,cenario1_tempo_fixo/310s_10percent,10,11,11,52,11,0,1.0,0.0255,0.021
rl3,cenario1_tempo_fixo/310s_10percent,11,21,12,50,9,11,0.4286,0.0409,0.042
rl3,cenario1_tempo_fixo/310s_10percent,12,12,12,57,11,1,0.9167,0.0393,0.018
rl3,cenario1_tempo_fixo/310s_10percent,13,16,12,58,10,5,0.625,0.0192,0.018
rl3,cenario1_tempo_fixo/310s_10percent,14,12,12,57,11,1,0.9167,0.0213,0.018
rl3,cenario1_tempo_fixo/310s_10percent,15,12,12,53,11,1,0.9167,0.0309,0.024
rl3,cenario1_tempo_fixo/310s_10percent,16,16,12,41,10,5,0.625,0.0213,0.024
rl3,cenario1_tempo_fixo/310s_10percent,17,14,12,46,11,3,0.7857,0.0343,0.0295
rl3,cenario1_tempo_fixo/310s_10percent,18,16,12,53,10,6,0.625,0.0244,0.01
rl3,cenario1_tempo_fixo/310s_10percent,19,12,12,34,11,1,0.9167,0.0455,0.046
rl3,cenario1_tempo_fixo/310s_10percent,20,12,12,47,11,1,0.9167,0.0127,0.007
rl3,cenario1_tempo_fixo/310s_10percent,21,12,12,30,11,1,0.9167,0.0154,0.012
rl3,cenario1_tempo_fixo/310s_10percent,22,12,12,52,11,1,0.9167,0.0251,0.0205
rl3,cenario1_tempo_fixo/310s_10percent,23,12,12,52,11,1,0.9167,0.0265,0.007
rl3,cenario1_tempo_fixo/310s_10percent,24,11,11,44,11,0,1.0,0.0365,0.047
rl3,cenario1_tempo_fixo/310s_10percent,25,12,12,48,11,1,0.9167,0.0165,0.015
rl3,cenario1_tempo_fixo/310s_10percent,26,16,12,47,10,5,0.625,0.0181,0.023
rl3,cenario1_tempo_fixo/310s_10percent,27,21,12,56,9,11,0.4286,0.0371,0.01
rl3,cenario1_tempo_fixo/310s_10percent,28,21,12,46,9,11,0.4286,0.0334,0.034
rl3,cenario1_tempo_fixo/310s_10percent,29,13,12,53,11,2,0.8462,0.0515,0.05
rl3,cenario1_tempo_fixo/310s_10percent,30,11,11,45,11,0,1.0,0.0075,0.007
rl3,cenario1_tempo_fixo/310s_10percent,31,21,12,39,9,11,0.4286,0.0326,0.013
rl3,cenario1_tempo_fixo/310s_10percent,32,11,11,36,11,0,1.0,0.0132,0.013
rl3,cenario1_tempo_fixo/310s_10percent,33,12,12,50,11,1,0.9167,0.0296,0.025
rl3,cenario1_tempo_fixo/310s_10percent,34,16,12,53,10,5,0.625,0.034,0.035
rl3,cenario1_tempo_fixo/310s_10percent,35,27,12,68,8,18,0.2963,0.0218,0.0185
rl3,cenario1_tempo_fixo/310s_20percent,1,12,12,39,11,1,0.9167,0.0431,0.036
rl3,cenario1_tempo_fixo/310s_20percent,2,16,12,53,10,5,0.625,0.0351,0.0255
rl3,cenario1_tempo_fixo/310s_20percent,3,16,12,51,10,5,0.625,0.0159,0.014
rl3,cenario1_tempo_fixo/310s_20percent,4,19,12,63,10,9,0.5263,0.0328,0.021
rl3,cenario1_tempo_fixo/310s_20percent,5,16,12,46,10,5,0.625,0.0268,0.024
rl3,cenario1_tempo_fixo/310s_20percent,6,12,12,44,11,1,0.9167,0.0337,0.033
rl3,cenario1_tempo_fixo/310s_20percent,7,16,12,37,10,5,0.625,0.0116,0.009
rl3,cenario1_tempo_fixo/310s_20percent,8,16,12,41,10,5,0.625,0.0357,0.041
rl3,cenario1_tempo_fixo/310s_20percent,9,11,11,46,11,0,1.0,0.0221,0.02
rl3,cenario1_tempo_fixo/310s_20percent,10,16,12,44,10,5,0.625,0.0135,0.012
rl3,cenario1_tempo_fixo/310s_20percent,11,16,12,39,10,5,0.625,0.033,0.03
rl3,cenario1_tempo_fixo/310s_20percent,12,16,12,45,10,5,0.625,0.0352,0.0245
rl3,cenario1_tempo_fixo/310s_20percent,13,16,12,46,10,5,0.625,0.029,0.0235
rl3,cenario1_tempo_fixo/310s_20percent,14,18,12,56,10,8,0.5556,0.0168,0.018
rl3,cenario1_tempo_fixo/310s_20percent,15,18,12,47,10,8,0.5556,0.0216,0.02
rl3,cenario1_tempo_fixo/310s_20percent,16,16,12,44,10,6,0.625,0.0232,0.019
rl3,cenario1_tempo_fixo/310s_20percent,17,13,12,42,11,2,0.8462,0.0327,0.023
rl3,cenario1_tempo_fixo/310s_20percent,18,11,11,60,11,0,1.0,0.0144,0.009
rl3,cenario1_tempo_fixo/310s_20percent,19,12,12,60,11,1,0.9167,0.0088,0.0085
rl3,cenario1_tempo_fixo/310s_20percent,20,13,12,40,11,2,0.8462,0.0245,0.015
rl3,cenario1_tempo_fixo/310s_20percent,21,12,12,70,11,1,0.9167,0.0275,0.023
rl3,cenario1_tempo_fixo/310s_20percent,22,12,12,47,11,1,0.9167,0.0251,0.015
rl3,cenario1_tempo_fixo/310s_20percent,23,12,12,41,11,1,0.9167,0.0352,0.038
rl3,cenario1_tempo_fixo/310s_20percent,24,12,12,48,11,1,0.9167,0.0334,0.031
rl3,cenario1_tempo_fixo/310s_20percent,25,16,12,42,10,5,0.625,0.0355,0.0365
rl3,cenario1_tempo_fixo/310s_20percent,26,12,12,46,11,1,0.9167,0.0335,0.026
rl3,cenario1_tempo_fixo/310s_20percent,27,16,12,35,10,5,0.625,0.0629,0.051
rl3,cenario1_tempo_fixo/310s_20percent,28,11,11,48,11,0,1.0,0.0295,0.025
rl3,cenario1_tempo_fixo/310s_20percent,29,11,11,59,11,0,1.0,0.0109,0.008
rl3,cenario1_tempo_fixo/310s_20percent,30,11,11,73,11,0,1.0,0.0215,0.021
rl3,cenario1_tempo_fixo/310s_20percent,31,11,11,42,11,0,1.0,0.0116,0.01
rl3,cenario1_tempo_fixo/310s_20percent,32,13,12,55,11,2,0.8462,0.0492,0.032
rl3,cenario1_tempo_fixo/310s_20percent,33,27,12,66,8,18,0.2963,0.0615,0.0465
rl3,cenario1_tempo_fixo/310s_20percent,34,12,12,43,11,1,0.9167,0.0262,0.016
rl3,cenario1_tempo_fixo/310s_20percent,35,11,11,40,11,0,1.0,0.025,0.025
rl3,cenario1_tempo_fixo/310s_30percent,1,11,11,60,11,0,1.0,0.0123,0.009
rl3,cenario1_tempo_fixo/310s_30percent,2,21,12,47,9,11,0.4286,0.0362,0.022
rl3,cenario1_tempo_fixo/310s_30percent,3,11,11,48,11,0,1.0,0.0086,0.006
rl3,cenario1_tempo_fixo/310s_30percent,4,16,12,40,10,5,0.625,0.033,0.028
rl3,cenario1_tempo_fixo/310s_30percent,5,12,12,44,11,1,0.9167,0.0311,0.0315
rl3,cenario1_tempo_fixo/310s_30percent,6,27,12,51,8,18,0.2963,0.0238,0.0175
rl3,cenario1_tempo_fixo/310s_30percent,7,12,12,44,11,1,0.9167,0.0312,0.028
rl3,cenario1_tempo_fixo/310s_30percent,8,12,12,40,11,1,0.9167,0.0325,0.023
rl3,cenario1_tempo_fixo/310s_30percent,9,16,12,47,10,5,0.625,0.0251,0.0195
rl3,cenario1_tempo_fixo/310s_30percent,10,11,11,84,11,0,1.0,0.0207,0.02
rl3,cenario1_tempo_fixo/310s_30percent,11,21,12,44,9,11,0.4286,0.0377,0.027
rl3,cenario1_tempo_fixo/310s_30percent,12,21,12,43,9,11,0.4286,0.0294,0.017
rl3,cenario1_tempo_fixo/310s_30percent,13,11,11,65,11,0,1.0,0.0246,0.016
rl3,cenario1_tempo_fixo/310s_30percent,14,12,12,42,11,1,0.9167,0.0415,0.029
rl3,cenario1_tempo_fixo/310s_30percent,15,16,12,41,10,5,0.625,0.0244,0.018
rl3,cenario1_tempo_fixo/310s_30percent,16,12,12,48,11,1,0.9167,0.0129,0.011
rl3,cenario1_tempo_fixo/310s_30percent,17,21,12,47,9,11,0.4286,0.0147,0.012
rl3,cenario1_tempo_fixo/310s_30percent,18,14,12,49,11,3,0.7857,0.031,0.0365
rl3,cenario1_tempo_fixo/310s_30percent,19,14,12,41,11,3,0.7857,0.0305,0.0325
rl3,cenario1_tempo_fixo/310s_30percent,20,12,12,41,11,1,0.9167,0.0327,0.0255
rl3,cenario1_tempo_fixo/310s_30percent,21,16,12,40,10,5,0.625,0.0383,0.022
rl3,cenario1_tempo_fixo/310s_30percent,22,11,11,52,11,0,1.0,0.041,0.06
rl3,cenario1_tempo_fixo/310s_30percent,23,12,12,52,11,1,0.9167,0.0447,0.044
rl3,cenario1_tempo_fixo/310s_30percent,24,12,12,50,11,1,0.9167,0.012,0.0095
rl3,cenario1_tempo_fixo/310s_30percent,25,12,12,41,11,1,0.9167,0.0174,0.0155
rl3,cenario1_tempo_fixo/310s_30percent,26,21,12,43,9,11,0.4286,0.1416,0.019
rl3,cenario1_tempo_fixo/310s_30percent,27,12,12,50,11,1,0.9167,0.015,0.0145
rl3,cenario1_tempo_fixo/310s_30percent,28,14,12,58,11,3,0.7857,0.0209,0.0115
rl3,cenario1_tempo_fixo/310s_30percent,29,13,12,43,11,2,0.8462,0.0304,0.025
rl3,cenario1_tempo_fixo/310s_30percent,30,12,12,56,11,1,0.9167,0.0276,0.022
rl3,cenario1_tempo_fixo/310s_30percent,31,14,12,38,11,3,0.7857,0.0258,0.0215
rl3,cenario1_tempo_fixo/310s_30percent,32,27,12,54,8,18,0.2963,0.042,0.025
rl3,cenario1_tempo_fixo/310s_30percent,33,16,12,42,10,5,0.625,0.0261,0.028
rl3,cenario1_tempo_fixo/310s_30percent,34,11,11,59,11,0,1.0,0.0423,0.046
rl3,cenario1_tempo_fixo/310s_30percent,35,11,11,51,11,0,1.0,0.0361,0.038
rl3,cenario2_tempo_aleatorio/180-600s_10percent,1,21,12,49,9,11,0.4286,0.0171,0.011
rl3,cenario2_tempo_aleatorio/180-600s_10percent,2,11,11,44,11,0,1.0,0.046,0.028
rl3,cenario2_tempo_aleatorio/180-600s_10percent,3,16,12,38,10,5,0.625,0.0316,0.0275
rl3,cenario2_tempo_aleatorio/180-600s_10percent,4,16,12,43,10,5,0.625,0.0289,0.025
rl3,cenario2_tempo_aleatorio/180-600s_10percent,5,11,11,85,11,0,1.0,0.0148,0.012
rl3,cenario2_tempo_aleatorio/180-600s_10percent,6,16,12,71,10,5,0.625,0.0088,0.0065
rl3,cenario2_tempo_aleatorio/180-600s_10percent,7,11,11,41,11,0,1.0,0.0325,0.026
rl3,cenario2_tempo_aleatorio/180-600s_10percent,8,16,12,53,10,5,0.625,0.0097,0.009
rl3,cenario2_tempo_aleatorio/180-600s_10percent,9,27,12,55,8,18,0.2963,0.0511,0.0615
rl3,cenario2_tempo_aleatorio/180-600s_10percent,10,16,12,44,10,5,0.625,0.0457,0.04
rl3,cenario2_tempo_aleatorio/180-600s_10percent,11,16,12,29,10,5,0.625,0.0372,0.03
rl3,cenario2_tempo_aleatorio/180-600s_10percent,12,14,12,52,11,3,0.7857,0.0143,0.0105
rl3,cenario2_tempo_aleatorio/180-600s_10percent,13,11,11,40,11,0,1.0,0.0149,0.01
rl3,cenario2_tempo_aleatorio/180-600s_10percent,14,11,11,50,11,0,1.0,0.0154,0.012
rl3,cenario2_tempo_aleatorio/180-600s_10percent,15,12,12,43,11,1,0.9167,0.0237,0.024
rl3,cenario2_tempo_aleatorio/180-600s_10percent,16,18,12,44,10,8,0.5556,0.0528,0.033
rl3,cenario2_tempo_aleatorio/180-600s_10percent,17,11,11,63,11,0,1.0,0.0418,0.031
rl3,cenario2_tempo_aleatorio/180-600s_10percent,18,11,11,41,11,0,1.0,0.0109,0.01
rl3,cenario2_tempo_aleatorio/180-600s_10percent,19,12,12,37,11,1,0.9167,0.0357,0.037
rl3,cenario2_tempo_aleatorio/180-600s_10percent,20,12,12,52,11,1,0.9167,0.0267,0.0165
rl3,cenario2_tempo_aleatorio/180-600s_10percent,21,22,12,53,9,13,0.4091,0.0289,0.027
rl3,cenario2_tempo_aleatorio/180-600s_10percent,22,21,12,57,9,11,0.4286,0.0384,0.018
rl3,cenario2_tempo_aleatorio/180-600s_10percent,23,11,11,29,11,0,1.0,0.037,0.049
rl3,cenario2_tempo_aleatorio/180-600s_10percent,24,11,11,61,11,0,1.0,0.014,0.017
rl3,cenario2_tempo_aleatorio/180-600s_10percent,25,11,11,48,11,0,1.0,0.0195,0.018
rl3,cenario2_tempo_aleatorio/180-600s_10percent,26,37,12,64,6,30,0.1622,0.0353,0.0255
rl3,cenario2_tempo_aleatorio/180-600s_10percent,27,12,12,44,11,1,0.9167,0.0337,0.033
rl3,cenario2_tempo_aleatorio/180-600s_10percent,28,12,12,39,11,1,0.9167,0.0565,0.0615
rl3,cenario2_tempo_aleatorio/180-600s_10percent,29,12,12,42,11,1,0.9167,0.0248,0.0215
rl3,cenario2_tempo_aleatorio/180-600s_10percent,30,21,12,39,9,11,0.4286,0.0194,0.014
rl3,cenario2_tempo_aleatorio/180-600s_10percent,31,11,11,65,11,0,1.0,0.0323,0.03
rl3,cenario2_tempo_aleatorio/180-600s_10percent,32,12,12,45,11,1,0.9167,0.0133,0.0135
rl3,cenario2_tempo_aleatorio/180-600s_10percent,33,16,12,60,10,5,0.625,0.0273,0.021
rl3,cenario2_tempo_aleatorio/180-600s_10percent,34,12,12,40,11,1,0.9167,0.0307,0.0235
rl3,cenario2_tempo_aleatorio/180-600s_10percent,35,16,12,50,10,5,0.625,0.5222,0.0245
rl3,cenario2_tempo_aleatorio/180-600s_20percent,1,11,11,53,11,0,1.0,0.0138,0.013
rl3,cenario2_tempo_aleatorio/180-600s_20percent,2,21,12,44,9,11,0.4286,0.0254,0.026
rl3,cenario2_tempo_aleatorio/180-600s_20percent,3,32,12,62,7,24,0.2188,0.0236,0.018
rl3,cenario2_tempo_aleatorio/180-600s_20percent,4,16,12,46,10,5,0.625,0.0073,0.006
rl3,cenario2_tempo_aleatorio/180-600s_20percent,5,12,12,48,11,1,0.9167,0.0147,0.014
rl3,cenario2_tempo_aleatorio/180-600s_20percent,6,16,12,39,10,5,0.625,0.0294,0.024
rl3,cenario2_tempo_aleatorio/180-600s_20percent,7,11,11,42,11,0,1.0,0.0183,0.017
rl3,cenario2_tempo_aleatorio/180-600s_20percent,8,16,12,41,10,5,0.625,0.0246,0.016
rl3,cenario2_tempo_aleatorio/180-600s_20percent,9,37,11,42,6,30,0.1622,0.02,0.0125
rl3,cenario2_tempo_aleatorio/180-600s_20percent,10,11,11,44,11,0,1.0,0.0156,0.013
rl3,cenario2_tempo_aleatorio/180-600s_20percent,11,11,11,63,11,0,1.0,0.0293,0.027
rl3,cenario2_tempo_aleatorio/180-600s_20percent,12,16,12,41,10,5,0.625,0.0289,0.0245
rl3,cenario2_tempo_aleatorio/180-600s_20percent,13,11,11,25,11,0,1.0,0.0117,0.011
rl3,cenario2_tempo_aleatorio/180-600s_20percent,14,12,12,40,11,1,0.9167,0.0271,0.026
rl3,cenario2_tempo_aleatorio/180-600s_20percent,15,21,12,37,9,11,0.4286,0.0147,0.011
rl3,cenario2_tempo_aleatorio/180-600s_20percent,16,12,12,41,11,1,0.9167,0.0157,0.0155
rl3,cenario2_tempo_aleatorio/180-600s_20percent,17,12,12,45,11,1,0.9167,0.0217,0.022
rl3,cenario2_tempo_aleatorio/180-600s_20percent,18,27,12,59,8,18,0.2963,0.0605,0.0685
rl3,cenario2_tempo_aleatorio/180-600s_20percent,19,16,12,53,10,5,0.625,0.0214,0.023
rl3,cenario2_tempo_aleatorio/180-600s_20percent,20,16,12,66,10,5,0.625,0.0174,0.0125
rl3,cenario2_tempo_aleatorio/180-600s_20percent,21,12,12,42,11,1,0.9167,0.0078,0.0075
rl3,cenario2_tempo_aleatorio/180-600s_20percent,22,12,12,35,11,1,0.9167,0.0365,0.034
rl3,cenario2_tempo_aleatorio/180-600s_20percent,23,11,11,87,11,0,1.0,0.0079,0.008
rl3,cenario2_tempo_aleatorio/180-600s_20percent,24,16,12,41,10,5,0.625,0.0302,0.029
rl3,cenario2_tempo_aleatorio/180-600s_20percent,25,21,12,49,9,12,0.4286,0.0391,0.016
rl3,cenario2_tempo_aleatorio/180-600s_20percent,26,11,11,39,11,0,1.0,0.0352,0.028
rl3,cenario2_tempo_aleatorio/180-600s_20percent,27,21,12,52,9,11,0.4286,0.0287,0.025
rl3,cenario2_tempo_aleatorio/180-600s_20percent,28,16,12,41,10,5,0.625,0.0145,0.0085
rl3,cenario2_tempo_aleatorio/180-600s_20percent,29,12,12,56,11,1,0.9167,0.028,0.0345
rl3,cenario2_tempo_aleatorio/180-600s_20percent,30,16,12,45,10,5,0.625,0.0276,0.021
rl3,cenario2_tempo_aleatorio/180-600s_20percent,31,16,12,62,10,5,0.625,0.0423,0.013
rl3,cenario2_tempo_aleatorio/180-600s_20percent,32,12,12,50,11,1,0.9167,0.0352,0.0295
rl3,cenario2_tempo_aleatorio/180-600s_20percent,33,12,12,47,11,1,0.9167,0.0138,0.012
rl3,cenario2_tempo_aleatorio/180-600s_20percent,34,11,11,52,11,0,1.0,0.0192,0.022
rl3,cenario2_tempo_aleatorio/180-600s_20percent,35,12,12,53,11,1,0.9167,0.0192,0.0115
rl3,cenario2_tempo_aleatorio/180-600s_30percent,1,11,11,37,11,0,1.0,0.0351,0.034
rl3,cenario2_tempo_aleatorio/180-600s_30percent,2,21,12,34,9,11,0.4286,0.0266,0.01
rl3,cenario2_tempo_aleatorio/180-600s_30percent,3,11,11,43,11,0,1.0,0.0165,0.016
rl3,cenario2_tempo_aleatorio/180-600s_30percent,4,16,12,43,10,5,0.625,0.0406,0.011
rl3,cenario2_tempo_aleatorio/180-600s_30percent,5,16,12,39,10,5,0.625,0.0223,0.018
rl3,cenario2_tempo_aleatorio/180-600s_30percent,6,16,12,49,10,5,0.625,0.0151,0.011
rl3,cenario2_tempo_aleatorio/180-600s_30percent,7,12,12,49,11,1,0.9167,0.0194,0.02
rl3,cenario2_tempo_aleatorio/180-600s_30percent,8,21,12,57,9,11,0.4286,0.0158,0.01
rl3,cenario2_tempo_aleatorio/180-600s_30percent,9,11,11,36,11,0,1.0,0.0232,0.03
rl3,cenario2_tempo_aleatorio/180-600s_30percent,10,12,12,38,11,1,0.9167,0.0274,0.0225
rl3,cenario2_tempo_aleatorio/180-600s_30percent,11,11,11,54,11,0,1.0,0.0165,0.015
rl3,cenario2_tempo_aleatorio/180-600s_30percent,12,21,12,44,9,11,0.4286,0.0408,0.033
rl3,cenario2_tempo_aleatorio/180-600s_30percent,13,16,12,41,10,5,0.625,0.0307,0.023
rl3,cenario2_tempo_aleatorio/180-600s_30percent,14,11,11,58,11,0,1.0,0.024,0.021
rl3,cenario2_tempo_aleatorio/180-600s_30percent,15,16,12,36,10,5,0.625,0.0309,0.0235
rl3,cenario2_tempo_aleatorio/180-600s_30percent,16,11,11,35,11,0,1.0,0.0296,0.031
rl3,cenario2_tempo_aleatorio/180-600s_30percent,17,11,11,57,11,0,1.0,0.0385,0.022
rl3,cenario2_tempo_aleatorio/180-600s_30percent,18,16,12,46,10,5,0.625,0.0375,0.0385
rl3,cenario2_tempo_aleatorio/180-600s_30percent,19,16,12,64,10,5,0.625,0.015,0.016
rl3,cenario2_tempo_aleatorio/180-600s_30percent,20,12,12,66,11,1,0.9167,0.0292,0.038
rl3,cenario2_tempo_aleatorio/180-600s_30percent,21,11,11,61,11,0,1.0,0.0273,0.02
rl3,cenario2_tempo_aleatorio/180-600s_30percent,22,11,11,51,11,0,1.0,0.021,0.019
rl3,cenario2_tempo_aleatorio/180-600s_30percent,23,21,12,61,9,11,0.4286,0.0307,0.018
rl3,cenario2_tempo_aleatorio/180-600s_30percent,24,11,11,51,11,0,1.0,0.0118,0.01
rl3,cenario2_tempo_aleatorio/180-600s_30percent,25,11,11,50,11,0,1.0,0.0348,0.024
rl3,cenario2_tempo_aleatorio/180-600s_30percent,26,12,12,41,11,1,0.9167,0.0268,0.016
rl3,cenario2_tempo_aleatorio/180-600s_30percent,27,11,11,30,11,0,1.0,0.0243,0.028
rl3,cenario2_tempo_aleatorio/180-600s_30percent,28,16,12,44,10,6,0.625,0.0264,0.019
rl3,cenario2_tempo_aleatorio/180-600s_30percent,29,11,11,57,11,0,1.0,0.0235,0.011
rl3,cenario2_tempo_aleatorio/180-600s_30percent,30,16,12,55,10,5,0.625,0.0489,0.033
rl3,cenario2_tempo_aleatorio/180-600s_30percent,31,27,12,51,8,18,0.2963,0.0196,0.01
rl3,cenario2_tempo_aleatorio/180-600s_30percent,32,16,12,37,10,5,0.625,0.046,0.039
rl3,cenario2_tempo_aleatorio/180-600s_30percent,33,21,12,51,9,11,0.4286,0.0224,0.0105
rl3,cenario2_tempo_aleatorio/180-600s_30percent,34,21,12,55,9,11,0.4286,0.5783,0.018
rl3,cenario2_tempo_aleatorio/180-600s_30percent,35,12,12,39,11,1,0.9167,0.0124,0.012
rl3,cenario3_tudo_aleatorio/180-600s_10-30percent,1,11,11,51,11,0,1.0,0.0176,0.015
rl3,cenario3_tudo_aleatorio/180-600s_10-30percent,2,11,11,50,11,0,1.0,0.0198,0.015
rl3,cenario3_tudo_aleatorio/180-600s_10-30percent,3,13,12,37,11,2,0.8462,0.0679,0.022
rl3,cenario3_tudo_aleatorio/180-600s_10-30percent,4,12,12,43,11,1,0.9167,0.0206,0.017
rl3,cenario3_tudo_aleatorio/180-600s_10-30percent,5,11,11,68,11,0,1.0,0.025,0.021
rl3,cenario3_tudo_aleatorio/180-600s_10-30percent,6,12,12,42,11,1,0.9167,0.0161,0.0145
rl3,cenario3_tudo_aleatorio/180-600s_10-30percent,7,12,12,48,11,1,0.9167,0.0412,0.0445
rl3,cenario3_tudo_aleatorio/180-600s_10-30percent,8,11,11,42,11,0,1.0,0.0126,0.013
rl3,cenario3_tudo_aleatorio/180-600s_10-30percent,9,16,12,40,10,5,0.625,0.0222,0.02
rl3,cenario3_tudo_aleatorio/180-600s_10-30percent,10,37,10,43,6,30,0.1622,0.0218,0.0105
rl3,cenario3_tudo_aleatorio/180-600s_10-30percent,11,16,12,36,10,5,0.625,0.0384,0.0265
rl3,cenario3_tudo_aleatorio/180-600s_10-30percent,12,21,12,37,9,11,0.4286,0.0409,0.0365
rl3,cenario3_tudo_aleatorio/180-600s_10-30percent,13,12,12,43,11,1,0.9167,0.019,0.015
rl3,cenario3_tudo_aleatorio/180-600s_10-30percent,14,32,11,46,7,24,0.2188,0.0346,0.018
rl3,cenario3_tudo_aleatorio/180-600s_10-30percent,15,16,12,42,10,5,0.625,0.0323,0.018
rl3,cenario3_tudo_aleatorio/180-600s_10-30percent,16,11,11,50,11,0,1.0,0.0122,0.013
rl3,cenario3_tudo_aleatorio/180-600s_10-30percent,17,12,12,37,11,1,0.9167,0.0117,0.0075
rl3,cenario3_tudo_aleatorio/180-600s_10-30percent,18,27,10,51,8,18,0.2963,0.0395,0.0435
rl3,cenario3_tudo_aleatorio/180-600s_10-30percent,19,21,12,34,9,11,0.4286,0.0321,0.034
rl3,cenario3_tudo_aleatorio/180-600s_10-30percent,20,12,12,33,11,1,0.9167,0.0403,0.0435
rl3,cenario3_tudo_aleatorio/180-600s_10-30percent,21,11,11,37,11,0,1.0,0.0231,0.013
rl3,cenario3_tudo_aleatorio/180-600s_10-30percent,22,16,12,45,10,5,0.625,0.0694,0.022
rl3,cenario3_tudo_aleatorio/180-600s_10-30percent,23,21,12,45,9,11,0.4286,0.0276,0.012
rl3,cenario3_tudo_aleatorio/180-600s_10-30percent,24,16,12,48,10,5,0.625,0.0237,0.01
rl3,cenario3_tudo_aleatorio/180-600s_10-30percent,25,27,12,41,8,18,0.2963,0.0215,0.009
rl3,cenario3_tudo_aleatorio/180-600s_10-30percent,26,11,11,42,11,0,1.0,0.0254,0.024
rl3,cenario3_tudo_aleatorio/180-600s_10-30percent,27,11,11,79,11,0,1.0,0.0275,0.04
rl3,cenario3_tudo_aleatorio/180-600s_10-30percent,28,37,10,34,6,30,0.1622,0.0483,0.042
rl3,cenario3_tudo_aleatorio/180-600s_10-30percent,29,14,12,37,11,3,0.7857,0.0212,0.012
rl3,cenario3_tudo_aleatorio/180-600s_10-30percent,30,37,12,47,6,30,0.1622,0.0293,0.023
rl3,cenario3_tudo_aleatorio/180-600s_10-30percent,31,16,12,51,10,5,0.625,0.027,0.013
rl3,cenario3_tudo_aleatorio/180-600s_10-30percent,32,27,12,46,8,18,0.2963,0.0439,0.028
rl3,cenario3_tudo_aleatorio/180-600s_10-30percent,33,27,12,48,8,18,0.2963,0.0205,0.009
rl3,cenario3_tudo_aleatorio/180-600s_10-30percent,34,16,12,36,10,5,0.625,0.0408,0.05
rl3,cenario3_tudo_aleatorio/180-600s_10-30percent,35,16,11,41,10,5,0.625,0.0294,0.025
with-fail,cenario1_tempo_fixo/310s_10percent,1,21,12,29,9,11,0.4286,0.0403,0.049
with-fail,cenario1_tempo_fixo/310s_10percent,2,16,12,38,10,5,0.625,0.0391,0.03
with-fail,cenario1_tempo_fixo/310s_10percent,3,16,12,39,10,5,0.625,0.037,0.041
with-fail,cenario1_tempo_fixo/310s_10percent,4,14,12,49,11,3,0.7857,0.0347,0.0395
with-fail,cenario1_tempo_fixo/310s_10percent,5,12,12,55,11,1,0.9167,0.0135,0.014
with-fail,cenario1_tempo_fixo/310s_10percent,6,11,11,46,11,0,1.0,0.0223,0.023
with-fail,cenario1_tempo_fixo/310s_10percent,7,13,12,57,11,2,0.8462,0.0401,0.041
with-fail,cenario1_tempo_fixo/310s_10percent,8,11,11,64,11,0,1.0,0.0151,0.012
with-fail,cenario1_tempo_fixo/310s_10percent,9,11,11,74,11,0,1.0,0.0242,0.023
with-fail,cenario1_tempo_fixo/310s_10percent,10,16,12,43,10,5,0.625,0.0298,0.023
with-fail,cenario1_tempo_fixo/310s_10percent,11,27,12,52,8,18,0.2963,0.0422,0.0375
with-fail,cenario1_tempo_fixo/310s_10percent,12,21,12,50,9,11,0.4286,0.0206,0.0145
with-fail,cenario1_tempo_fixo/310s_10percent,13,27,12,46,8,18,0.2963,0.0331,0.035
with-fail,cenario1_tempo_fixo/310s_10percent,14,11,11,33,11,0,1.0,0.0143,0.014
with-fail,cenario1_tempo_fixo/310s_10percent,15,21,12,43,9,11,0.4286,0.6534,0.0235
with-fail,cenario1_tempo_fixo/310s_10percent,16,16,12,32,10,5,0.625,0.0479,0.053
with-fail,cenario1_tempo_fixo/310s_10percent,17,27,10,47,8,18,0.2963,0.0326,0.022
with-fail,cenario1_tempo_fixo/310s_10percent,18,21,12,49,9,11,0.4286,0.023,0.007
with-fail,cenario1_tempo_fixo/310s_10percent,19,21,11,46,9,11,0.4286,0.0197,0.019
with-fail,cenario1_tempo_fixo/310s_10percent,20,11,11,48,11,0,1.0,0.0214,0.015
with-fail,cenario1_tempo_fixo/310s_10percent,21,12,12,37,11,1,0.9167,0.0136,0.0075
with-fail,cenario1_tempo_fixo/310s_10percent,22,12,12,39,11,1,0.9167,0.0453,0.038
with-fail,cenario1_tempo_fixo/310s_10percent,23,16,12,46,10,5,0.625,0.0274,0.013
with-fail,cenario1_tempo_fixo/310s_10percent,24,12,12,40,11,1,0.9167,0.0377,0.0395
with-fail,cenario1_tempo_fixo/310s_10percent,25,21,11,45,9,11,0.4286,0.0159,0.006
with-fail,cenario1_tempo_fixo/310s_10percent,26,18,12,53,10,8,0.5556,0.0276,0.024
with-fail,cenario1_tempo_fixo/310s_10percent,27,27,12,45,8,18,0.2963,0.0246,0.021
with-fail,cenario1_tempo_fixo/310s_10percent,28,17,12,40,10,7,0.5882,0.0239,0.02
with-fail,cenario1_tempo_fixo/310s_10percent,29,16,12,40,10,5,0.625,0.0242,0.0225
with-fail,cenario1_tempo_fixo/310s_10percent,30,16,12,39,10,5,0.625,0.0264,0.024
with-fail,cenario1_tempo_fixo/310s_10percent,31,11,11,50,11,0,1.0,0.1135,0.016
with-fail,cenario1_tempo_fixo/310s_10percent,32,16,12,39,10,6,0.625,0.0294,0.014
with-fail,cenario1_tempo_fixo/310s_10percent,33,21,12,40,9,11,0.4286,0.0261,0.014
with-fail,cenario1_tempo_fixo/310s_10percent,34,16,12,34,10,5,0.625,0.0478,0.052
with-fail,cenario1_tempo_fixo/310s_10percent,35,16,12,36,10,5,0.625,0.0272,0.022
with-fail,cenario1_tempo_fixo/310s_20percent,1,21,12,44,9,11,0.4286,0.0277,0.01
with-fail,cenario1_tempo_fixo/310s_20percent,2,16,12,52,10,5,0.625,0.0217,0.0155
with-fail,cenario1_tempo_fixo/310s_20percent,3,32,12,51,7,24,0.2188,0.0256,0.021
with-fail,cenario1_tempo_fixo/310s_20percent,4,32,12,41,7,24,0.2188,0.0351,0.033
with-fail,cenario1_tempo_fixo/310s_20percent,5,32,12,49,7,24,0.2188,0.0209,0.023
with-fail,cenario1_tempo_fixo/310s_20percent,6,16,12,42,10,6,0.625,0.0232,0.019
with-fail,cenario1_tempo_fixo/310s_20percent,7,14,12,50,11,3,0.7857,0.0206,0.0145
with-fail,cenario1_tempo_fixo/310s_20percent,8,12,12,35,11,1,0.9167,0.0293,0.021
with-fail,cenario1_tempo_fixo/310s_20percent,9,16,12,31,10,5,0.625,0.0379,0.032
with-fail,cenario1_tempo_fixo/310s_20percent,10,13,12,49,11,2,0.8462,0.0314,0.033
with-fail,cenario1_tempo_fixo/310s_20percent,11,16,12,38,10,5,0.625,0.0482,0.0535
with-fail,cenario1_tempo_fixo/310s_20percent,12,16,12,42,10,5,0.625,0.0527,0.041
with-fail,cenario1_tempo_fixo/310s_20percent,13,16,12,38,10,5,0.625,0.0294,0.024
with-fail,cenario1_tempo_fixo/310s_20percent,14,16,12,51,10,5,0.625,0.0248,0.025
with-fail,cenario1_tempo_fixo/310s_20percent,15,21,12,53,9,11,0.4286,0.0297,0.018
with-fail,cenario1_tempo_fixo/310s_20percent,16,16,12,37,10,5,0.625,0.0435,0.0515
with-fail,cenario1_tempo_fixo/310s_20percent,17,12,12,41,11,1,0.9167,0.0213,0.014
with-fail,cenario1_tempo_fixo/310s_20percent,18,27,12,53,8,18,0.2963,0.0606,0.0515
with-fail,cenario1_tempo_fixo/310s_20percent,19,22,11,37,9,13,0.4091,0.0261,0.014
with-fail,cenario1_tempo_fixo/310s_20percent,20,12,12,58,11,1,0.9167,0.0278,0.0145
with-fail,cenario1_tempo_fixo/310s_20percent,21,11,11,33,11,0,1.0,0.0089,0.007
with-fail,cenario1_tempo_fixo/310s_20percent,22,12,12,56,11,1,0.9167,0.0269,0.0215
with-fail,cenario1_tempo_fixo/310s_20percent,23,27,12,47,8,18,0.2963,0.035,0.019
with-fail,cenario1_tempo_fixo/310s_20percent,24,37,12,65,6,30,0.1622,0.014,0.009
with-fail,cenario1_tempo_fixo/310s_20percent,25,32,9,36,7,24,0.2188,0.0338,0.021
with-fail,cenario1_tempo_fixo/310s_20percent,26,16,12,35,10,5,0.625,0.0252,0.022
with-fail,cenario1_tempo_fixo/310s_20percent,27,16,12,33,10,5,0.625,0.0373,0.023
with-fail,cenario1_tempo_fixo/310s_20percent,28,16,12,47,10,5,0.625,0.0193,0.016
with-fail,cenario1_tempo_fixo/310s_20percent,29,21,12,37,9,11,0.4286,0.0196,0.013
with-fail,cenario1_tempo_fixo/310s_20percent,30,21,12,51,9,11,0.4286,0.0384,0.03
with-fail,cenario1_tempo_fixo/310s_20percent,31,21,12,54,9,11,0.4286,0.0283,0.027
with-fail,cenario1_tempo_fixo/310s_20percent,32,12,12,62,11,1,0.9167,0.0329,0.026
with-fail,cenario1_tempo_fixo/310s_20percent,33,37,11,64,6,30,0.1622,0.0288,0.023
with-fail,cenario1_tempo_fixo/310s_20percent,34,12,12,30,11,1,0.9167,0.0219,0.023
with-fail,cenario1_tempo_fixo/310s_20percent,35,21,12,37,9,11,0.4286,0.0317,0.015
with-fail,cenario1_tempo_fixo/310s_30percent,1,32,11,31,7,24,0.2188,0.0421,0.043
with-fail,cenario1_tempo_fixo/310s_30percent,2,12,12,33,11,1,0.9167,0.0145,0.011
with-fail,cenario1_tempo_fixo/310s_30percent,3,32,10,35,7,24,0.2188,0.032,0.0265
with-fail,cenario1_tempo_fixo/310s_30percent,4,32,11,43,7,24,0.2188,0.0223,0.0145
with-fail,cenario1_tempo_fixo/310s_30percent,5,13,12,35,11,2,0.8462,0.0546,0.053
with-fail,cenario1_tempo_fixo/310s_30percent,6,27,12,52,8,18,0.2963,0.046,0.0355
with-fail,cenario1_tempo_fixo/310s_30percent,7,16,12,27,10,5,0.625,0.0476,0.038
with-fail,cenario1_tempo_fixo/310s_30percent,8,12,12,33,11,1,0.9167,0.0808,0.043
with-fail,cenario1_tempo_fixo/310s_30percent,9,37,9,33,6,30,0.1622,0.0302,0.023
with-fail,cenario1_tempo_fixo/310s_30percent,10,27,12,45,8,18,0.2963,0.0352,0.0345
with-fail,cenario1_tempo_fixo/310s_30percent,11,12,12,45,11,1,0.9167,0.0217,0.012
with-fail,cenario1_tempo_fixo/310s_30percent,12,21,11,37,9,11,0.4286,0.0311,0.03
with-fail,cenario1_tempo_fixo/310s_30percent,13,32,12,46,7,24,0.2188,0.016,0.011
with-fail,cenario1_tempo_fixo/310s_30percent,14,24,12,56,9,15,0.375,0.0561,0.034
with-fail,cenario1_tempo_fixo/310s_30percent,15,16,12,36,10,5,0.625,0.0461,0.0405
with-fail,cenario1_tempo_fixo/310s_30percent,16,16,12,37,10,5,0.625,0.0286,0.029
with-fail,cenario1_tempo_fixo/310s_30percent,17,21,11,45,9,11,0.4286,0.018,0.0155
with-fail,cenario1_tempo_fixo/310s_30percent,18,16,12,47,10,5,0.625,0.1525,0.048
with-fail,cenario1_tempo_fixo/310s_30percent,19,27,12,42,8,18,0.2963,0.0203,0.018
with-fail,cenario1_tempo_fixo/310s_30percent,20,11,11,48,11,0,1.0,0.035,0.04
with-fail,cenario1_tempo_fixo/310s_30percent,21,27,12,49,8,18,0.2963,0.0559,0.051
with-fail,cenario1_tempo_fixo/310s_30percent,22,21,10,29,9,11,0.4286,0.0368,0.022
with-fail,cenario1_tempo_fixo/310s_30percent,23,27,12,49,8,18,0.2963,0.0391,0.043
with-fail,cenario1_tempo_fixo/310s_30percent,24,12,12,42,11,1,0.9167,0.0226,0.018
with-fail,cenario1_tempo_fixo/310s_30percent,25,14,12,45,11,3,0.7857,0.0217,0.0265
with-fail,cenario1_tempo_fixo/310s_30percent,26,21,12,45,9,11,0.4286,0.0467,0.0355
with-fail,cenario1_tempo_fixo/310s_30percent,27,16,12,51,10,5,0.625,0.0423,0.0475
with-fail,cenario1_tempo_fixo/310s_30percent,28,16,12,37,10,5,0.625,0.0336,0.01
with-fail,cenario1_tempo_fixo/310s_30percent,29,12,12,54,11,1,0.9167,0.0327,0.036
with-fail,cenario1_tempo_fixo/310s_30percent,30,12,12,35,11,1,0.9167,0.0456,0.038
with-fail,cenario1_tempo_fixo/310s_30percent,31,16,12,39,10,5,0.625,0.0255,0.0235
with-fail,cenario1_tempo_fixo/310s_30percent,32,21,12,47,9,11,0.4286,0.0356,0.023
with-fail,cenario1_tempo_fixo/310s_30percent,33,21,10,29,9,11,0.4286,0.0289,0.026
with-fail,cenario1_tempo_fixo/310s_30percent,34,16,11,43,10,5,0.625,0.0184,0.021
with-fail,cenario1_tempo_fixo/310s_30percent,35,21,12,44,9,11,0.4286,0.0246,0.02
with-fail,cenario2_tempo_aleatorio/180-600s_10percent,1,27,12,62,8,18,0.2963,0.03,0.017
with-fail,cenario2_tempo_aleatorio/180-600s_10percent,2,12,12,50,11,1,0.9167,0.03,0.0265
with-fail,cenario2_tempo_aleatorio/180-600s_10percent,3,16,12,39,10,5,0.625,0.0281,0.0305
with-fail,cenario2_tempo_aleatorio/180-600s_10percent,4,32,12,50,7,24,0.2188,0.039,0.023
with-fail,cenario2_tempo_aleatorio/180-600s_10percent,5,37,12,52,6,30,0.1622,0.0417,0.0315
with-fail,cenario2_tempo_aleatorio/180-600s_10percent,6,11,11,34,11,0,1.0,0.0505,0.049
with-fail,cenario2_tempo_aleatorio/180-600s_10percent,7,22,12,47,9,13,0.4091,0.0254,0.018
with-fail,cenario2_tempo_aleatorio/180-600s_10percent,8,16,12,50,10,5,0.625,0.0398,0.027
with-fail,cenario2_tempo_aleatorio/180-600s_10percent,9,21,12,38,9,11,0.4286,0.021,0.018
with-fail,cenario2_tempo_aleatorio/180-600s_10percent,10,11,11,41,11,0,1.0,0.0336,0.029
with-fail,cenario2_tempo_aleatorio/180-600s_10percent,11,32,12,55,7,24,0.2188,0.0231,0.028
with-fail,cenario2_tempo_aleatorio/180-600s_10percent,12,11,11,49,11,0,1.0,0.0315,0.021
with-fail,cenario2_tempo_aleatorio/180-600s_10percent,13,21,12,33,9,11,0.4286,0.0361,0.0305
with-fail,cenario2_tempo_aleatorio/180-600s_10percent,14,19,12,65,10,9,0.5263,0.0199,0.018
with-fail,cenario2_tempo_aleatorio/180-600s_10percent,15,11,11,42,11,0,1.0,0.0179,0.017
with-fail,cenario2_tempo_aleatorio/180-600s_10percent,16,12,12,63,11,1,0.9167,0.0342,0.0355
with-fail,cenario2_tempo_aleatorio/180-600s_10percent,17,21,12,42,9,11,0.4286,0.0184,0.0065
with-fail,cenario2_tempo_aleatorio/180-600s_10percent,18,16,12,59,10,5,0.625,0.0291,0.026
with-fail,cenario2_tempo_aleatorio/180-600s_10percent,19,23,12,41,9,14,0.3913,0.0135,0.0095
with-fail,cenario2_tempo_aleatorio/180-600s_10percent,20,21,12,52,9,11,0.4286,0.0366,0.017
with-fail,cenario2_tempo_aleatorio/180-600s_10percent,21,11,11,40,11,0,1.0,0.0353,0.043
with-fail,cenario2_tempo_aleatorio/180-600s_10percent,22,13,12,30,11,2,0.8462,0.0252,0.03
with-fail,cenario2_tempo_aleatorio/180-600s_10percent,23,27,12,40,8,18,0.2963,0.0214,0.025
with-fail,cenario2_tempo_aleatorio/180-600s_10percent,24,17,12,53,10,7,0.5882,0.0079,0.007
with-fail,cenario2_tempo_aleatorio/180-600s_10percent,25,11,11,41,11,0,1.0,0.0225,0.022
with-fail,cenario2_tempo_aleatorio/180-600s_10percent,26,21,12,44,9,11,0.4286,0.0478,0.048
with-fail,cenario2_tempo_aleatorio/180-600s_10percent,27,14,12,58,11,3,0.7857,0.2357,0.0285
with-fail,cenario2_tempo_aleatorio/180-600s_10percent,28,16,12,35,10,5,0.625,0.0297,0.029
with-fail,cenario2_tempo_aleatorio/180-600s_10percent,29,11,11,38,11,0,1.0,0.0385,0.013
with-fail,cenario2_tempo_aleatorio/180-600s_10percent,30,13,12,36,11,2,0.8462,0.0319,0.033
with-fail,cenario2_tempo_aleatorio/180-600s_10percent,31,12,12,46,11,1,0.9167,0.0288,0.0295
with-fail,cenario2_tempo_aleatorio/180-600s_10percent,32,12,12,42,11,1,0.9167,0.0222,0.0185
with-fail,cenario2_tempo_aleatorio/180-600s_10percent,33,27,11,54,8,18,0.2963,0.0265,0.02
with-fail,cenario2_tempo_aleatorio/180-600s_10percent,34,32,12,59,7,24,0.2188,0.0304,0.019
with-fail,cenario2_tempo_aleatorio/180-600s_10percent,35,12,12,31,11,1,0.9167,0.0138,0.012
with-fail,cenario2_tempo_aleatorio/180-600s_20percent,1,11,11,39,11,0,1.0,0.0139,0.012
with-fail,cenario2_tempo_aleatorio/180-600s_20percent,2,19,12,47,10,9,0.5263,0.0148,0.009
with-fail,cenario2_tempo_aleatorio/180-600s_20percent,3,21,12,56,9,11,0.4286,0.038,0.0385
with-fail,cenario2_tempo_aleatorio/180-600s_20percent,4,12,12,54,11,1,0.9167,0.0412,0.0455
with-fail,cenario2_tempo_aleatorio/180-600s_20percent,5,11,11,41,11,0,1.0,0.0192,0.022
with-fail,cenario2_tempo_aleatorio/180-600s_20percent,6,17,12,42,10,7,0.5882,0.0344,0.015
with-fail,cenario2_tempo_aleatorio/180-600s_20percent,7,16,12,29,10,5,0.625,0.0118,0.0105
with-fail,cenario2_tempo_aleatorio/180-600s_20percent,8,12,12,34,11,1,0.9167,0.0179,0.0165
with-fail,cenario2_tempo_aleatorio/180-600s_20percent,9,21,12,51,9,11,0.4286,0.0399,0.03
with-fail,cenario2_tempo_aleatorio/180-600s_20percent,10,27,12,45,8,18,0.2963,0.0235,0.0125
with-fail,cenario2_tempo_aleatorio/180-600s_20percent,11,27,12,41,8,18,0.2963,0.0349,0.017
with-fail,cenario2_tempo_aleatorio/180-600s_20percent,12,27,12,49,8,18,0.2963,0.0411,0.043
with-fail,cenario2_tempo_aleatorio/180-600s_20percent,13,21,12,43,9,11,0.4286,0.0272,0.023
with-fail,cenario2_tempo_aleatorio/180-600s_20percent,14,32,12,44,7,24,0.2188,0.0283,0.019
with-fail,cenario2_tempo_aleatorio/180-600s_20percent,15,27,11,42,8,18,0.2963,0.0267,0.0255
with-fail,cenario2_tempo_aleatorio/180-600s_20percent,16,13,12,63,11,2,0.8462,0.0152,0.009
with-fail,cenario2_tempo_aleatorio/180-600s_20percent,17,32,12,51,7,24,0.2188,0.0391,0.025
with-fail,cenario2_tempo_aleatorio/180-600s_20percent,18,37,10,40,6,30,0.1622,0.0162,0.014
with-fail,cenario2_tempo_aleatorio/180-600s_20percent,19,21,12,34,9,11,0.4286,0.0272,0.034
with-fail,cenario2_tempo_aleatorio/180-600s_20percent,20,27,11,27,8,18,0.2963,0.0367,0.0415
with-fail,cenario2_tempo_aleatorio/180-600s_20percent,21,12,12,47,11,1,0.9167,0.0313,0.0265
with-fail,cenario2_tempo_aleatorio/180-600s_20percent,22,16,12,43,10,5,0.625,0.6396,0.042
with-fail,cenario2_tempo_aleatorio/180-600s_20percent,23,27,12,49,8,18,0.2963,0.0319,0.0195
with-fail,cenario2_tempo_aleatorio/180-600s_20percent,24,12,12,42,11,1,0.9167,0.0278,0.0305
with-fail,cenario2_tempo_aleatorio/180-600s_20percent,25,12,12,33,11,1,0.9167,0.0368,0.0355
with-fail,cenario2_tempo_aleatorio/180-600s_20percent,26,11,11,51,11,0,1.0,0.0159,0.012
with-fail,cenario2_tempo_aleatorio/180-600s_20percent,27,11,11,58,11,0,1.0,0.0286,0.023
with-fail,cenario2_tempo_aleatorio/180-600s_20percent,28,21,12,47,9,11,0.4286,0.0357,0.032
with-fail,cenario2_tempo_aleatorio/180-600s_20percent,29,12,12,48,11,1,0.9167,0.0538,0.045
with-fail,cenario2_tempo_aleatorio/180-600s_20percent,30,21,12,37,9,11,0.4286,0.0219,0.008
with-fail,cenario2_tempo_aleatorio/180-600s_20percent,31,21,12,42,9,11,0.4286,0.0244,0.014
with-fail,cenario2_tempo_aleatorio/180-600s_20percent,32,16,11,33,10,5,0.625,0.0235,0.0185
with-fail,cenario2_tempo_aleatorio/180-600s_20percent,33,16,12,51,10,5,0.625,0.026,0.019
with-fail,cenario2_tempo_aleatorio/180-600s_20percent,34,32,10,41,7,24,0.2188,0.0301,0.036
with-fail,cenario2_tempo_aleatorio/180-600s_20percent,35,27,12,57,8,18,0.2963,0.0398,0.0455
with-fail,cenario2_tempo_aleatorio/180-600s_30percent,1,16,12,42,10,6,0.625,0.0236,0.018
with-fail,cenario2_tempo_aleatorio/180-600s_30percent,2,21,12,39,9,11,0.4286,0.0417,0.045
with-fail,cenario2_tempo_aleatorio/180-600s_30percent,3,21,12,43,9,11,0.4286,0.0406,0.044
with-fail,cenario2_tempo_aleatorio/180-600s_30percent,4,27,12,48,8,18,0.2963,0.0276,0.028
with-fail,cenario2_tempo_aleatorio/180-600s_30percent,5,27,12,38,8,18,0.2963,0.0391,0.038
with-fail,cenario2_tempo_aleatorio/180-600s_30percent,6,12,12,45,11,1,0.9167,0.0175,0.016
with-fail,cenario2_tempo_aleatorio/180-600s_30percent,7,27,11,42,8,18,0.2963,0.0196,0.014
with-fail,cenario2_tempo_aleatorio/180-600s_30percent,8,21,12,42,9,11,0.4286,0.0189,0.018
with-fail,cenario2_tempo_aleatorio/180-600s_30percent,9,21,12,50,9,11,0.4286,0.0151,0.01
with-fail,cenario2_tempo_aleatorio/180-600s_30percent,10,16,12,36,10,5,0.625,0.0499,0.053
with-fail,cenario2_tempo_aleatorio/180-600s_30percent,11,16,12,53,10,5,0.625,0.0371,0.049
with-fail,cenario2_tempo_aleatorio/180-600s_30percent,12,12,12,44,11,1,0.9167,0.0128,0.009
with-fail,cenario2_tempo_aleatorio/180-600s_30percent,13,16,12,45,10,5,0.625,0.0454,0.0245
with-fail,cenario2_tempo_aleatorio/180-600s_30percent,14,21,12,49,9,11,0.4286,0.0238,0.011
with-fail,cenario2_tempo_aleatorio/180-600s_30percent,15,12,12,45,11,1,0.9167,0.0247,0.026
with-fail,cenario2_tempo_aleatorio/180-600s_30percent,16,27,11,32,8,18,0.2963,0.02,0.01
with-fail,cenario2_tempo_aleatorio/180-600s_30percent,17,27,11,35,8,19,0.2963,0.0459,0.049
with-fail,cenario2_tempo_aleatorio/180-600s_30percent,18,11,11,48,11,0,1.0,0.0196,0.018
with-fail,cenario2_tempo_aleatorio/180-600s_30percent,19,16,12,36,10,5,0.625,0.0407,0.027
with-fail,cenario2_tempo_aleatorio/180-600s_30percent,20,16,12,34,10,5,0.625,0.0603,0.0565
with-fail,cenario2_tempo_aleatorio/180-600s_30percent,21,21,11,27,9,11,0.4286,0.0266,0.016
with-fail,cenario2_tempo_aleatorio/180-600s_30percent,22,32,11,41,7,24,0.2188,0.0385,0.036
with-fail,cenario2_tempo_aleatorio/180-600s_30percent,23,21,12,38,9,11,0.4286,0.0171,0.011
with-fail,cenario2_tempo_aleatorio/180-600s_30percent,24,21,12,40,9,11,0.4286,0.026,0.028
with-fail,cenario2_tempo_aleatorio/180-600s_30percent,25,21,11,25,9,11,0.4286,0.053,0.054
with-fail,cenario2_tempo_aleatorio/180-600s_30percent,26,11,11,44,11,0,1.0,0.0219,0.008
with-fail,cenario2_tempo_aleatorio/180-600s_30percent,27,11,11,31,11,0,1.0,0.0171,0.015
with-fail,cenario2_tempo_aleatorio/180-600s_30percent,28,43,11,37,5,37,0.1163,0.0528,0.041
with-fail,cenario2_tempo_aleatorio/180-600s_30percent,29,12,12,32,11,1,0.9167,0.0349,0.0355
with-fail,cenario2_tempo_aleatorio/180-600s_30percent,30,27,12,42,8,18,0.2963,0.0201,0.0145
with-fail,cenario2_tempo_aleatorio/180-600s_30percent,31,12,12,63,11,1,0.9167,0.0304,0.038
with-fail,cenario2_tempo_aleatorio/180-600s_30percent,32,16,12,44,10,5,0.625,0.0416,0.017
with-fail,cenario2_tempo_aleatorio/180-600s_30percent,33,21,12,50,9,11,0.4286,0.0176,0.017
with-fail,cenario2_tempo_aleatorio/180-600s_30percent,34,12,12,45,11,1,0.9167,0.0478,0.055
with-fail,cenario2_tempo_aleatorio/180-600s_30percent,35,21,12,33,9,11,0.4286,0.027,0.016
with-fail,cenario3_tudo_aleatorio/180-600s_10-30percent,1,16,12,46,10,5,0.625,0.043,0.046
with-fail,cenario3_tudo_aleatorio/180-600s_10-30percent,2,37,11,43,6,30,0.1622,0.0492,0.055
with-fail,cenario3_tudo_aleatorio/180-600s_10-30percent,3,16,12,41,10,5,0.625,0.0338,0.03
with-fail,cenario3_tudo_aleatorio/180-600s_10-30percent,4,12,12,47,11,1,0.9167,0.0179,0.015
with-fail,cenario3_tudo_aleatorio/180-600s_10-30percent,5,16,12,48,10,5,0.625,0.0334,0.025
with-fail,cenario3_tudo_aleatorio/180-600s_10-30percent,6,16,12,36,10,5,0.625,0.0211,0.014
with-fail,cenario3_tudo_aleatorio/180-600s_10-30percent,7,12,12,35,11,1,0.9167,0.0277,0.019
with-fail,cenario3_tudo_aleatorio/180-600s_10-30percent,8,12,12,51,11,1,0.9167,0.0237,0.024
with-fail,cenario3_tudo_aleatorio/180-600s_10-30percent,9,11,11,45,11,0,1.0,0.0075,0.007
with-fail,cenario3_tudo_aleatorio/180-600s_10-30percent,10,27,9,34,8,18,0.2963,0.0235,0.0265
with-fail,cenario3_tudo_aleatorio/180-600s_10-30percent,11,21,12,40,9,11,0.4286,0.0539,0.048
with-fail,cenario3_tudo_aleatorio/180-600s_10-30percent,12,16,12,45,10,5,0.625,0.0186,0.017
with-fail,cenario3_tudo_aleatorio/180-600s_10-30percent,13,16,12,55,10,5,0.625,0.0387,0.041
with-fail,cenario3_tudo_aleatorio/180-600s_10-30percent,14,11,11,35,11,0,1.0,0.0385,0.021
with-fail,cenario3_tudo_aleatorio/180-600s_10-30percent,15,16,12,30,10,5,0.625,0.015,0.016
with-fail,cenario3_tudo_aleatorio/180-600s_10-30percent,16,37,11,44,6,30,0.1622,0.04,0.04
with-fail,cenario3_tudo_aleatorio/180-600s_10-30percent,17,27,11,33,8,18,0.2963,0.0266,0.0245
with-fail,cenario3_tudo_aleatorio/180-600s_10-30percent,18,12,12,44,11,1,0.9167,0.0153,0.015
with-fail,cenario3_tudo_aleatorio/180-600s_10-30percent,19,37,12,45,6,30,0.1622,0.887,0.04
with-fail,cenario3_tudo_aleatorio/180-600s_10-30percent,20,37,11,37,6,30,0.1622,0.0485,0.0475
with-fail,cenario3_tudo_aleatorio/180-600s_10-30percent,21,16,12,46,10,5,0.625,0.0355,0.0325
with-fail,cenario3_tudo_aleatorio/180-600s_10-30percent,22,27,12,45,8,18,0.2963,0.0453,0.045
with-fail,cenario3_tudo_aleatorio/180-600s_10-30percent,23,16,12,50,10,5,0.625,0.0334,0.028
with-fail,cenario3_tudo_aleatorio/180-600s_10-30percent,24,12,12,40,11,1,0.9167,0.0294,0.026
with-fail,cenario3_tudo_aleatorio/180-600s_10-30percent,25,11,11,48,11,0,1.0,0.0262,0.028
with-fail,cenario3_tudo_aleatorio/180-600s_10-30percent,26,13,12,37,11,2,0.8462,0.046,0.046
with-fail,cenario3_tudo_aleatorio/180-600s_10-30percent,27,11,11,34,11,0,1.0,0.0299,0.035
with-fail,cenario3_tudo_aleatorio/180-600s_10-30percent,28,21,12,48,9,11,0.4286,0.0278,0.023
with-fail,cenario3_tudo_aleatorio/180-600s_10-30percent,29,11,11,39,11,0,1.0,0.0377,0.041
with-fail,cenario3_tudo_aleatorio/180-600s_10-30percent,30,11,11,39,11,0,1.0,0.0441,0.048
with-fail,cenario3_tudo_aleatorio/180-600s_10-30percent,31,11,11,40,11,0,1.0,0.0287,0.029
with-fail,cenario3_tudo_aleatorio/180-600s_10-30percent,32,11,11,64,11,0,1.0,0.025,0.024
with-fail,cenario3_tudo_aleatorio/180-600s_10-30percent,33,32,10,26,7,24,0.2188,0.0377,0.032
with-fail,cenario3_tudo_aleatorio/180-600s_10-30percent,34,16,12,44,10,5,0.625,0.0174,0.0135
with-fail,cenario3_tudo_aleatorio/180-600s_10-30percent,35,13,12,48,11,2,0.8462,0.0361,0.022
optimal,sem_falha,1,21,12,47,9,11,0.4286,0.0447,0.063
optimal,sem_falha,2,12,12,55,11,1,0.9167,0.026,0.0325
optimal,sem_falha,3,13,12,43,11,2,0.8462,0.0368,0.032
optimal,sem_falha,4,11,11,59,11,0,1.0,0.0101,0.01
optimal,sem_falha,5,32,12,50,7,24,0.2188,0.0221,0.015
optimal,sem_falha,6,11,11,48,11,0,1.0,0.035,0.036
optimal,sem_falha,7,12,11,41,11,1,0.9167,0.0382,0.017
optimal,sem_falha,8,27,12,65,8,18,0.2963,0.0169,0.0095
optimal,sem_falha,9,12,12,60,11,1,0.9167,0.0248,0.016
optimal,sem_falha,10,12,12,49,11,1,0.9167,0.0309,0.03
optimal,sem_falha,11,21,12,52,9,11,0.4286,0.1218,0.008
optimal,sem_falha,12,11,11,59,11,0,1.0,0.0409,0.033
optimal,sem_falha,13,19,12,49,10,9,0.5263,0.0324,0.031
optimal,sem_falha,14,27,12,70,8,18,0.2963,0.032,0.0285
optimal,sem_falha,15,16,12,37,10,5,0.625,0.0376,0.05
optimal,sem_falha,16,11,11,44,11,0,1.0,0.0221,0.024
optimal,sem_falha,17,11,11,54,11,0,1.0,0.0329,0.022
optimal,sem_falha,18,16,12,52,10,5,0.625,0.0319,0.034
optimal,sem_falha,19,16,12,49,10,5,0.625,0.0149,0.01
optimal,sem_falha,20,16,12,51,10,5,0.625,0.1124,0.0075
optimal,sem_falha,21,19,12,46,10,9,0.5263,0.0274,0.024
optimal,sem_falha,22,12,12,30,11,1,0.9167,0.0351,0.0395
optimal,sem_falha,23,16,12,43,10,5,0.625,0.0177,0.0185
optimal,sem_falha,24,16,12,48,10,5,0.625,0.5826,0.023
optimal,sem_falha,25,16,12,40,10,5,0.625,0.0287,0.024
optimal,sem_falha,26,11,11,66,11,0,1.0,0.0172,0.011
optimal,sem_falha,27,16,12,33,10,5,0.625,0.0268,0.0145
optimal,sem_falha,28,11,11,45,11,0,1.0,0.0229,0.01
optimal,sem_falha,29,16,12,43,10,5,0.625,0.038,0.0355
optimal,sem_falha,30,27,12,47,8,18,0.2963,0.0182,0.0205
optimal,sem_falha,31,16,12,43,10,5,0.625,0.0178,0.015
optimal,sem_falha,32,12,12,47,11,1,0.9167,0.0263,0.0285
optimal,sem_falha,33,16,12,44,10,5,0.625,0.0531,0.069
optimal,sem_falha,34,11,11,63,11,0,1.0,0.0315,0.041
optimal,sem_falha,35,14,12,45,11,3,0.7857,0.0257,0.019
