approach,scenario,run,num_leader_failures,orphan_total,rl_successful_realloc,rl_failed_realloc,realloc_rate,rl_new_clusters,rl_realloc_existing
rl1,cenario1_tempo_fixo/310s_10percent,1,1,17,13,4,0.7647,0,13
rl1,cenario1_tempo_fixo/310s_10percent,2,1,21,21,0,1.0,0,21
rl1,cenario1_tempo_fixo/310s_10percent,3,1,22,21,1,0.9545,0,21
rl1,cenario1_tempo_fixo/310s_10percent,4,1,36,35,1,0.9722,0,35
rl1,cenario1_tempo_fixo/310s_10percent,5,1,8,8,0,1.0,0,8
rl1,cenario1_tempo_fixo/310s_10percent,6,1,20,20,0,1.0,0,20
rl1,cenario1_tempo_fixo/310s_10percent,7,1,11,11,0,1.0,0,11
rl1,cenario1_tempo_fixo/310s_10percent,8,1,21,20,1,0.9524,0,20
rl1,cenario1_tempo_fixo/310s_10percent,9,1,32,29,3,0.9062,0,29
rl1,cenario1_tempo_fixo/310s_10percent,10,1,12,11,1,0.9167,0,11
rl1,cenario1_tempo_fixo/310s_10percent,11,1,23,22,1,0.9565,0,22
rl1,cenario1_tempo_fixo/310s_10percent,12,1,24,23,1,0.9583,0,23
rl1,cenario1_tempo_fixo/310s_10percent,13,1,22,20,2,0.9091,0,20
rl1,cenario1_tempo_fixo/310s_10percent,14,1,19,19,0,1.0,0,19
rl1,cenario1_tempo_fixo/310s_10percent,15,1,8,8,0,1.0,0,8
rl1,cenario1_tempo_fixo/310s_10percent,16,1,18,18,0,1.0,0,18
rl1,cenario1_tempo_fixo/310s_10percent,17,1,16,16,0,1.0,0,16
rl1,cenario1_tempo_fixo/310s_10percent,18,1,10,9,1,0.9,0,9
rl1,cenario1_tempo_fixo/310s_10percent,19,1,5,5,0,1.0,0,5
rl1,cenario1_tempo_fixo/310s_10percent,20,1,28,24,4,0.8571,0,24
rl1,cenario1_tempo_fixo/310s_10percent,21,1,30,29,1,0.9667,0,29
rl1,cenario1_tempo_fixo/310s_10percent,22,1,24,23,1,0.9583,0,23
rl1,cenario1_tempo_fixo/310s_10percent,23,1,12,11,1,0.9167,0,11
rl1,cenario1_tempo_fixo/310s_10percent,24,1,30,26,4,0.8667,0,26
rl1,cenario1_tempo_fixo/310s_10percent,25,1,37,31,6,0.8378,0,31
rl1,cenario1_tempo_fixo/310s_10percent,26,1,9,8,1,0.8889,0,8
rl1,cenario1_tempo_fixo/310s_10percent,27,1,15,15,0,1.0,0,15
rl1,cenario1_tempo_fixo/310s_10percent,28,1,24,23,1,0.9583,0,23
rl1,cenario1_tempo_fixo/310s_10percent,29,1,25,25,0,1.0,0,25
rl1,cenario1_tempo_fixo/310s_10percent,30,1,27,27,0,1.0,0,27
rl1,cenario1_tempo_fixo/310s_10percent,31,1,18,16,2,0.8889,0,16
rl1,cenario1_tempo_fixo/310s_10percent,32,1,20,19,1,0.95,0,19
rl1,cenario1_tempo_fixo/310s_10percent,33,1,7,6,1,0.8571,0,6
rl1,cenario1_tempo_fixo/310s_10percent,34,1,31,29,2,0.9355,0,29
rl1,cenario1_tempo_fixo/310s_10percent,35,1,25,24,1,0.96,0,24
rl1,cenario1_tempo_fixo/310s_20percent,1,2,27,24,3,0.8889,0,24
rl1,cenario1_tempo_fixo/310s_20percent,2,1,17,17,0,1.0,0,17
rl1,cenario1_tempo_fixo/310s_20percent,3,1,15,14,1,0.9333,0,14
rl1,cenario1_tempo_fixo/310s_20percent,4,2,32,31,1,0.9688,0,31
rl1,cenario1_tempo_fixo/310s_20percent,5,2,22,21,1,0.9545,0,21
rl1,cenario1_tempo_fixo/310s_20percent,6,1,24,23,1,0.9583,0,23
rl1,cenario1_tempo_fixo/310s_20percent,7,2,27,24,3,0.8889,0,24
rl1,cenario1_tempo_fixo/310s_20percent,8,1,17,16,1,0.9412,0,16
rl1,cenario1_tempo_fixo/310s_20percent,9,2,51,48,3,0.9412,0,48
rl1,cenario1_tempo_fixo/310s_20percent,10,1,17,17,0,1.0,0,17
rl1,cenario1_tempo_fixo/310s_20percent,11,2,23,21,2,0.913,0,21
rl1,cenario1_tempo_fixo/310s_20percent,12,1,30,29,1,0.9667,0,29
rl1,cenario1_tempo_fixo/310s_20percent,13,2,35,33,2,0.9429,0,33
rl1,cenario1_tempo_fixo/310s_20percent,14,2,35,33,2,0.9429,0,33
rl1,cenario1_tempo_fixo/310s_20percent,15,1,17,16,1,0.9412,0,16
rl1,cenario1_tempo_fixo/310s_20percent,16,2,43,42,1,0.9767,0,42
rl1,cenario1_tempo_fixo/310s_20percent,17,1,22,20,2,0.9091,0,20
rl1,cenario1_tempo_fixo/310s_20percent,18,2,35,34,1,0.9714,0,34
rl1,cenario1_tempo_fixo/310s_20percent,19,1,32,30,2,0.9375,0,30
rl1,cenario1_tempo_fixo/310s_20percent,20,1,8,7,1,0.875,0,7
rl1,cenario1_tempo_fixo/310s_20percent,21,2,42,42,0,1.0,0,42
rl1,cenario1_tempo_fixo/310s_20percent,22,2,27,26,1,0.963,0,26
rl1,cenario1_tempo_fixo/310s_20percent,23,2,42,42,0,1.0,0,42
rl1,cenario1_tempo_fixo/310s_20percent,24,1,29,27,2,0.931,0,27
rl1,cenario1_tempo_fixo/310s_20percent,25,2,40,37,3,0.925,0,37
rl1,cenario1_tempo_fixo/310s_20percent,26,1,28,28,0,1.0,0,28
rl1,cenario1_tempo_fixo/310s_20percent,27,1,30,28,2,0.9333,0,28
rl1,cenario1_tempo_fixo/310s_20percent,28,2,12,12,0,1.0,0,12
rl1,cenario1_tempo_fixo/310s_20percent,29,1,23,23,0,1.0,0,23
rl1,cenario1_tempo_fixo/310s_20percent,30,1,7,7,0,1.0,0,7
rl1,cenario1_tempo_fixo/310s_20percent,31,1,32,29,3,0.9062,0,29
rl1,cenario1_tempo_fixo/310s_20percent,32,1,9,9,0,1.0,0,9
rl1,cenario1_tempo_fixo/310s_20percent,33,1,25,25,0,1.0,0,25
rl1,cenario1_tempo_fixo/310s_20percent,34,1,27,26,1,0.963,0,26
rl1,cenario1_tempo_fixo/310s_20percent,35,1,21,19,2,0.9048,0,19
rl1,cenario1_tempo_fixo/310s_30percent,1,3,84,82,2,0.9762,0,82
rl1,cenario1_tempo_fixo/310s_30percent,2,3,65,61,4,0.9385,0,61
rl1,cenario1_tempo_fixo/310s_30percent,3,2,61,60,1,0.9836,0,60
rl1,cenario1_tempo_fixo/310s_30percent,4,3,51,50,1,0.9804,0,50
rl1,cenario1_tempo_fixo/310s_30percent,5,2,45,43,2,0.9556,0,43
rl1,cenario1_tempo_fixo/310s_30percent,6,1,32,30,2,0.9375,0,30
rl1,cenario1_tempo_fixo/310s_30percent,7,2,36,35,1,0.9722,0,35
rl1,cenario1_tempo_fixo/310s_30percent,8,1,27,25,2,0.9259,0,25
rl1,cenario1_tempo_fixo/310s_30percent,9,2,42,37,5,0.881,0,37
rl1,cenario1_tempo_fixo/310s_30percent,10,2,31,30,1,0.9677,0,30
rl1,cenario1_tempo_fixo/310s_30percent,11,2,48,43,5,0.8958,0,43
rl1,cenario1_tempo_fixo/310s_30percent,12,1,21,16,5,0.7619,0,16
rl1,cenario1_tempo_fixo/310s_30percent,13,3,68,67,1,0.9853,0,67
rl1,cenario1_tempo_fixo/310s_30percent,14,2,28,26,2,0.9286,0,26
rl1,cenario1_tempo_fixo/310s_30percent,15,2,47,45,2,0.9574,0,45
rl1,cenario1_tempo_fixo/310s_30percent,16,2,39,37,2,0.9487,0,37
rl1,cenario1_tempo_fixo/310s_30percent,17,2,58,58,0,1.0,0,58
rl1,cenario1_tempo_fixo/310s_30percent,18,3,56,54,2,0.9643,0,54
rl1,cenario1_tempo_fixo/310s_30percent,19,2,49,47,2,0.9592,0,47
rl1,cenario1_tempo_fixo/310s_30percent,20,2,43,42,1,0.9767,0,42
rl1,cenario1_tempo_fixo/310s_30percent,21,3,30,30,0,1.0,0,30
rl1,cenario1_tempo_fixo/310s_30percent,22,2,27,26,1,0.963,0,26
rl1,cenario1_tempo_fixo/310s_30percent,23,2,29,28,1,0.9655,0,28
rl1,cenario1_tempo_fixo/310s_30percent,24,2,63,60,3,0.9524,0,60
rl1,cenario1_tempo_fixo/310s_30percent,25,2,29,28,1,0.9655,0,28
rl1,cenario1_tempo_fixo/310s_30percent,26,1,34,30,4,0.8824,0,30
rl1,cenario1_tempo_fixo/310s_30percent,27,2,32,31,1,0.9688,0,31
rl1,cenario1_tempo_fixo/310s_30percent,28,3,56,54,2,0.9643,0,54
rl1,cenario1_tempo_fixo/310s_30percent,29,2,49,45,4,0.9184,0,45
rl1,cenario1_tempo_fixo/310s_30percent,30,3,74,64,10,0.8649,0,64
rl1,cenario1_tempo_fixo/310s_30percent,31,2,20,20,0,1.0,0,20
rl1,cenario1_tempo_fixo/310s_30percent,32,2,41,37,4,0.9024,0,37
rl1,cenario1_tempo_fixo/310s_30percent,33,2,43,42,1,0.9767,0,42
rl1,cenario1_tempo_fixo/310s_30percent,34,2,49,48,1,0.9796,0,48
rl1,cenario1_tempo_fixo/310s_30percent,35,2,30,29,1,0.9667,0,29
rl1,cenario2_tempo_aleatorio/180-600s_10percent,1,1,12,11,1,0.9167,0,11
rl1,cenario2_tempo_aleatorio/180-600s_10percent,2,1,18,18,0,1.0,0,18
rl1,cenario2_tempo_aleatorio/180-600s_10percent,3,1,26,25,1,0.9615,0,25
rl1,cenario2_tempo_aleatorio/180-600s_10percent,4,1,8,7,1,0.875,0,7
rl1,cenario2_tempo_aleatorio/180-600s_10percent,5,1,12,12,0,1.0,0,12
rl1,cenario2_tempo_aleatorio/180-600s_10percent,6,1,27,24,3,0.8889,0,24
rl1,cenario2_tempo_aleatorio/180-600s_10percent,7,1,14,13,1,0.9286,0,13
rl1,cenario2_tempo_aleatorio/180-600s_10percent,8,1,28,25,3,0.8929,0,25
rl1,cenario2_tempo_aleatorio/180-600s_10percent,9,1,10,9,1,0.9,0,9
rl1,cenario2_tempo_aleatorio/180-600s_10percent,10,1,8,8,0,1.0,0,8
rl1,cenario2_tempo_aleatorio/180-600s_10percent,11,1,31,29,2,0.9355,0,29
rl1,cenario2_tempo_aleatorio/180-600s_10percent,12,1,15,15,0,1.0,0,15
rl1,cenario2_tempo_aleatorio/180-600s_10percent,13,1,9,9,0,1.0,0,9
rl1,cenario2_tempo_aleatorio/180-600s_10percent,14,1,31,29,2,0.9355,0,29
rl1,cenario2_tempo_aleatorio/180-600s_10percent,15,1,16,16,0,1.0,0,16
rl1,cenario2_tempo_aleatorio/180-600s_10percent,16,1,26,24,2,0.9231,0,24
rl1,cenario2_tempo_aleatorio/180-600s_10percent,17,1,17,17,0,1.0,0,17
rl1,cenario2_tempo_aleatorio/180-600s_10percent,18,1,22,20,2,0.9091,0,20
rl1,cenario2_tempo_aleatorio/180-600s_10percent,19,1,13,12,1,0.9231,0,12
rl1,cenario2_tempo_aleatorio/180-600s_10percent,20,1,30,28,2,0.9333,0,28
rl1,cenario2_tempo_aleatorio/180-600s_10percent,21,1,17,17,0,1.0,0,17
rl1,cenario2_tempo_aleatorio/180-600s_10percent,22,1,20,18,2,0.9,0,18
rl1,cenario2_tempo_aleatorio/180-600s_10percent,23,1,28,26,2,0.9286,0,26
rl1,cenario2_tempo_aleatorio/180-600s_10percent,24,1,8,7,1,0.875,0,7
rl1,cenario2_tempo_aleatorio/180-600s_10percent,25,1,29,26,3,0.8966,0,26
rl1,cenario2_tempo_aleatorio/180-600s_10percent,26,1,25,25,0,1.0,0,25
rl1,cenario2_tempo_aleatorio/180-600s_10percent,27,1,32,31,1,0.9688,0,31
rl1,cenario2_tempo_aleatorio/180-600s_10percent,28,1,20,20,0,1.0,0,20
rl1,cenario2_tempo_aleatorio/180-600s_10percent,29,1,34,34,0,1.0,0,34
rl1,cenario2_tempo_aleatorio/180-600s_10percent,30,1,11,10,1,0.9091,0,10
rl1,cenario2_tempo_aleatorio/180-600s_10percent,31,1,25,22,3,0.88,0,22
rl1,cenario2_tempo_aleatorio/180-600s_10percent,32,1,23,22,1,0.9565,0,22
rl1,cenario2_tempo_aleatorio/180-600s_10percent,33,1,12,11,1,0.9167,0,11
rl1,cenario2_tempo_aleatorio/180-600s_10percent,34,1,30,30,0,1.0,0,30
rl1,cenario2_tempo_aleatorio/180-600s_10percent,35,1,25,23,2,0.92,0,23
rl1,cenario2_tempo_aleatorio/180-600s_20percent,1,2,20,16,4,0.8,0,16
rl1,cenario2_tempo_aleatorio/180-600s_20percent,2,1,25,25,0,1.0,0,25
rl1,cenario2_tempo_aleatorio/180-600s_20percent,3,2,33,31,2,0.9394,0,31
rl1,cenario2_tempo_aleatorio/180-600s_20percent,4,2,37,37,0,1.0,0,37
rl1,cenario2_tempo_aleatorio/180-600s_20percent,5,1,22,20,2,0.9091,0,20
rl1,cenario2_tempo_aleatorio/180-600s_20percent,6,1,10,10,0,1.0,0,10
rl1,cenario2_tempo_aleatorio/180-600s_20percent,7,1,28,26,2,0.9286,0,26
rl1,cenario2_tempo_aleatorio/180-600s_20percent,8,2,31,29,2,0.9355,0,29
rl1,cenario2_tempo_aleatorio/180-600s_20percent,9,2,53,51,2,0.9623,0,51
rl1,cenario2_tempo_aleatorio/180-600s_20percent,10,1,31,29,2,0.9355,0,29
rl1,cenario2_tempo_aleatorio/180-600s_20percent,11,2,41,41,0,1.0,0,41
rl1,cenario2_tempo_aleatorio/180-600s_20percent,12,1,22,18,4,0.8182,0,18
rl1,cenario2_tempo_aleatorio/180-600s_20percent,13,1,10,9,1,0.9,0,9
rl1,cenario2_tempo_aleatorio/180-600s_20percent,14,1,28,28,0,1.0,0,28
rl1,cenario2_tempo_aleatorio/180-600s_20percent,15,2,30,28,2,0.9333,0,28
rl1,cenario2_tempo_aleatorio/180-600s_20percent,16,2,25,25,0,1.0,0,25
rl1,cenario2_tempo_aleatorio/180-600s_20percent,17,2,37,33,4,0.8919,0,33
rl1,cenario2_tempo_aleatorio/180-600s_20percent,18,2,44,41,3,0.9318,0,41
rl1,cenario2_tempo_aleatorio/180-600s_20percent,19,1,17,17,0,1.0,0,17
rl1,cenario2_tempo_aleatorio/180-600s_20percent,20,1,27,27,0,1.0,0,27
rl1,cenario2_tempo_aleatorio/180-600s_20percent,21,1,15,15,0,1.0,0,15
rl1,cenario2_tempo_aleatorio/180-600s_20percent,22,2,44,43,1,0.9773,0,43
rl1,cenario2_tempo_aleatorio/180-600s_20percent,23,1,14,14,0,1.0,0,14
rl1,cenario2_tempo_aleatorio/180-600s_20percent,24,1,20,20,0,1.0,0,20
rl1,cenario2_tempo_aleatorio/180-600s_20percent,25,2,29,29,0,1.0,0,29
rl1,cenario2_tempo_aleatorio/180-600s_20percent,26,1,8,7,1,0.875,0,7
rl1,cenario2_tempo_aleatorio/180-600s_20percent,27,1,7,6,1,0.8571,0,6
rl1,cenario2_tempo_aleatorio/180-600s_20percent,28,1,26,24,2,0.9231,0,24
rl1,cenario2_tempo_aleatorio/180-600s_20percent,29,2,27,24,3,0.8889,0,24
rl1,cenario2_tempo_aleatorio/180-600s_20percent,30,2,59,54,5,0.9153,0,54
rl1,cenario2_tempo_aleatorio/180-600s_20percent,31,2,51,47,4,0.9216,0,47
rl1,cenario2_tempo_aleatorio/180-600s_20percent,32,2,42,39,3,0.9286,0,39
rl1,cenario2_tempo_aleatorio/180-600s_20percent,33,2,43,42,1,0.9767,0,42
rl1,cenario2_tempo_aleatorio/180-600s_20percent,34,1,32,30,2,0.9375,0,30
rl1,cenario2_tempo_aleatorio/180-600s_20percent,35,1,13,13,0,1.0,0,13
rl1,cenario2_tempo_aleatorio/180-600s_30percent,1,2,49,48,1,0.9796,0,48
rl1,cenario2_tempo_aleatorio/180-600s_30percent,2,2,35,34,1,0.9714,0,34
rl1,cenario2_tempo_aleatorio/180-600s_30percent,3,3,33,32,1,0.9697,0,32
rl1,cenario2_tempo_aleatorio/180-600s_30percent,4,2,57,52,5,0.9123,0,52
rl1,cenario2_tempo_aleatorio/180-600s_30percent,5,3,61,59,2,0.9672,0,59
rl1,cenario2_tempo_aleatorio/180-600s_30percent,6,2,47,43,4,0.9149,0,43
rl1,cenario2_tempo_aleatorio/180-600s_30percent,7,2,50,49,1,0.98,0,49
rl1,cenario2_tempo_aleatorio/180-600s_30percent,8,2,33,32,1,0.9697,0,32
rl1,cenario2_tempo_aleatorio/180-600s_30percent,9,1,22,20,2,0.9091,0,20
rl1,cenario2_tempo_aleatorio/180-600s_30percent,10,2,31,30,1,0.9677,0,30
rl1,cenario2_tempo_aleatorio/180-600s_30percent,11,2,43,41,2,0.9535,0,41
rl1,cenario2_tempo_aleatorio/180-600s_30percent,12,3,50,50,0,1.0,0,50
rl1,cenario2_tempo_aleatorio/180-600s_30percent,13,1,12,10,2,0.8333,0,10
rl1,cenario2_tempo_aleatorio/180-600s_30percent,14,2,55,54,1,0.9818,0,54
rl1,cenario2_tempo_aleatorio/180-600s_30percent,15,1,26,25,1,0.9615,0,25
rl1,cenario2_tempo_aleatorio/180-600s_30percent,16,3,50,46,4,0.92,0,46
rl1,cenario2_tempo_aleatorio/180-600s_30percent,17,1,25,24,1,0.96,0,24
rl1,cenario2_tempo_aleatorio/180-600s_30percent,18,2,43,41,2,0.9535,0,41
rl1,cenario2_tempo_aleatorio/180-600s_30percent,19,2,44,42,2,0.9545,0,42
rl1,cenario2_tempo_aleatorio/180-600s_30percent,20,3,40,37,3,0.925,0,37
rl1,cenario2_tempo_aleatorio/180-600s_30percent,21,1,29,27,2,0.931,0,27
rl1,cenario2_tempo_aleatorio/180-600s_30percent,22,3,62,58,4,0.9355,0,58
rl1,cenario2_tempo_aleatorio/180-600s_30percent,23,2,67,62,5,0.9254,0,62
rl1,cenario2_tempo_aleatorio/180-600s_30percent,24,3,65,60,5,0.9231,0,60
rl1,cenario2_tempo_aleatorio/180-600s_30percent,25,3,72,65,7,0.9028,0,65
rl1,cenario2_tempo_aleatorio/180-600s_30percent,26,2,46,44,2,0.9565,0,44
rl1,cenario2_tempo_aleatorio/180-600s_30percent,27,3,56,53,3,0.9464,0,53
rl1,cenario2_tempo_aleatorio/180-600s_30percent,28,2,31,30,1,0.9677,0,30
rl1,cenario2_tempo_aleatorio/180-600s_30percent,29,1,19,15,4,0.7895,0,15
rl1,cenario2_tempo_aleatorio/180-600s_30percent,30,2,32,32,0,1.0,0,32
rl1,cenario2_tempo_aleatorio/180-600s_30percent,31,2,60,58,2,0.9667,0,58
rl1,cenario2_tempo_aleatorio/180-600s_30percent,32,2,32,28,4,0.875,0,28
rl1,cenario2_tempo_aleatorio/180-600s_30percent,33,1,18,17,1,0.9444,0,17
rl1,cenario2_tempo_aleatorio/180-600s_30percent,34,2,18,16,2,0.8889,0,16
rl1,cenario2_tempo_aleatorio/180-600s_30percent,35,3,71,66,5,0.9296,0,66
rl1,cenario3_tudo_aleatorio/180-600s_10-30percent,1,1,13,13,0,1.0,0,13
rl1,cenario3_tudo_aleatorio/180-600s_10-30percent,2,2,38,35,3,0.9211,0,35
rl1,cenario3_tudo_aleatorio/180-600s_10-30percent,3,1,27,27,0,1.0,0,27
rl1,cenario3_tudo_aleatorio/180-600s_10-30percent,4,1,24,23,1,0.9583,0,23
rl1,cenario3_tudo_aleatorio/180-600s_10-30percent,5,1,17,16,1,0.9412,0,16
rl1,cenario3_tudo_aleatorio/180-600s_10-30percent,6,1,22,21,1,0.9545,0,21
rl1,cenario3_tudo_aleatorio/180-600s_10-30percent,7,2,38,36,2,0.9474,0,36
rl1,cenario3_tudo_aleatorio/180-600s_10-30percent,8,1,8,8,0,1.0,0,8
rl1,cenario3_tudo_aleatorio/180-600s_10-30percent,9,1,16,14,2,0.875,0,14
rl1,cenario3_tudo_aleatorio/180-600s_10-30percent,10,2,43,41,2,0.9535,0,41
rl1,cenario3_tudo_aleatorio/180-600s_10-30percent,11,2,45,44,1,0.9778,0,44
rl1,cenario3_tudo_aleatorio/180-600s_10-30percent,12,1,30,27,3,0.9,0,27
rl1,cenario3_tudo_aleatorio/180-600s_10-30percent,13,1,23,22,1,0.9565,0,22
rl1,cenario3_tudo_aleatorio/180-600s_10-30percent,14,1,31,29,2,0.9355,0,29
rl1,cenario3_tudo_aleatorio/180-600s_10-30percent,15,2,9,9,0,1.0,0,9
rl1,cenario3_tudo_aleatorio/180-600s_10-30percent,16,2,56,53,3,0.9464,0,53
rl1,cenario3_tudo_aleatorio/180-600s_10-30percent,17,2,21,21,0,1.0,0,21
rl1,cenario3_tudo_aleatorio/180-600s_10-30percent,18,2,32,29,3,0.9062,0,29
rl1,cenario3_tudo_aleatorio/180-600s_10-30percent,19,2,29,28,1,0.9655,0,28
rl1,cenario3_tudo_aleatorio/180-600s_10-30percent,20,2,55,55,0,1.0,0,55
rl1,cenario3_tudo_aleatorio/180-600s_10-30percent,21,1,17,17,0,1.0,0,17
rl1,cenario3_tudo_aleatorio/180-600s_10-30percent,22,2,67,65,2,0.9701,0,65
rl1,cenario3_tudo_aleatorio/180-600s_10-30percent,23,1,25,24,1,0.96,0,24
rl1,cenario3_tudo_aleatorio/180-600s_10-30percent,24,2,36,34,2,0.9444,0,34
rl1,cenario3_tudo_aleatorio/180-600s_10-30percent,25,1,18,17,1,0.9444,0,17
rl1,cenario3_tudo_aleatorio/180-600s_10-30percent,26,2,39,37,2,0.9487,0,37
rl1,cenario3_tudo_aleatorio/180-600s_10-30percent,27,1,11,11,0,1.0,0,11
rl1,cenario3_tudo_aleatorio/180-600s_10-30percent,28,2,34,33,1,0.9706,0,33
rl1,cenario3_tudo_aleatorio/180-600s_10-30percent,29,2,51,46,5,0.902,0,46
rl1,cenario3_tudo_aleatorio/180-600s_10-30percent,30,2,35,34,1,0.9714,0,34
rl1,cenario3_tudo_aleatorio/180-600s_10-30percent,31,1,28,27,1,0.9643,0,27
rl1,cenario3_tudo_aleatorio/180-600s_10-30percent,32,2,43,43,0,1.0,0,43
rl1,cenario3_tudo_aleatorio/180-600s_10-30percent,33,2,36,36,0,1.0,0,36
rl1,cenario3_tudo_aleatorio/180-600s_10-30percent,34,1,8,8,0,1.0,0,8
rl1,cenario3_tudo_aleatorio/180-600s_10-30percent,35,2,39,37,2,0.9487,0,37
rl2,cenario1_tempo_fixo/310s_10percent,1,1,13,11,2,0.8462,1,0
rl2,cenario1_tempo_fixo/310s_10percent,2,1,5,5,0,1.0,1,0
rl2,cenario1_tempo_fixo/310s_10percent,3,1,8,8,0,1.0,1,0
rl2,cenario1_tempo_fixo/310s_10percent,4,1,12,12,0,1.0,1,0
rl2,cenario1_tempo_fixo/310s_10percent,5,1,14,13,1,0.9286,1,0
rl2,cenario1_tempo_fixo/310s_10percent,6,1,4,3,1,0.75,1,0
rl2,cenario1_tempo_fixo/310s_10percent,7,1,24,23,1,0.9583,1,0
rl2,cenario1_tempo_fixo/310s_10percent,8,1,11,11,0,1.0,1,0
rl2,cenario1_tempo_fixo/310s_10percent,9,1,8,8,0,1.0,1,0
rl2,cenario1_tempo_fixo/310s_10percent,10,1,10,10,0,1.0,1,0
rl2,cenario1_tempo_fixo/310s_10percent,11,1,8,8,0,1.0,1,0
rl2,cenario1_tempo_fixo/310s_10percent,12,1,34,31,3,0.9118,1,0
rl2,cenario1_tempo_fixo/310s_10percent,13,1,8,6,2,0.75,1,0
rl2,cenario1_tempo_fixo/310s_10percent,14,1,19,19,0,1.0,1,0
rl2,cenario1_tempo_fixo/310s_10percent,15,1,21,20,1,0.9524,1,0
rl2,cenario1_tempo_fixo/310s_10percent,16,1,15,14,1,0.9333,1,0
rl2,cenario1_tempo_fixo/310s_10percent,17,1,5,5,0,1.0,1,0
rl2,cenario1_tempo_fixo/310s_10percent,18,1,10,9,1,0.9,1,0
rl2,cenario1_tempo_fixo/310s_10percent,19,1,15,14,1,0.9333,1,0
rl2,cenario1_tempo_fixo/310s_10percent,20,1,32,29,3,0.9062,1,0
rl2,cenario1_tempo_fixo/310s_10percent,21,1,21,21,0,1.0,1,0
rl2,cenario1_tempo_fixo/310s_10percent,22,1,21,20,1,0.9524,1,0
rl2,cenario1_tempo_fixo/310s_10percent,23,1,30,29,1,0.9667,1,0
rl2,cenario1_tempo_fixo/310s_10percent,24,1,26,25,1,0.9615,1,0
rl2,cenario1_tempo_fixo/310s_10percent,25,1,14,13,1,0.9286,1,0
rl2,cenario1_tempo_fixo/310s_10percent,26,1,25,25,0,1.0,1,0
rl2,cenario1_tempo_fixo/310s_10percent,27,1,30,28,2,0.9333,1,0
rl2,cenario1_tempo_fixo/310s_10percent,28,1,35,34,1,0.9714,1,0
rl2,cenario1_tempo_fixo/310s_10percent,29,1,16,13,3,0.8125,1,0
rl2,cenario1_tempo_fixo/310s_10percent,30,1,10,10,0,1.0,1,0
rl2,cenario1_tempo_fixo/310s_10percent,31,1,30,26,4,0.8667,1,0
rl2,cenario1_tempo_fixo/310s_10percent,32,1,6,6,0,1.0,1,0
rl2,cenario1_tempo_fixo/310s_10percent,33,1,25,25,0,1.0,1,0
rl2,cenario1_tempo_fixo/310s_10percent,34,1,8,8,0,1.0,1,0
rl2,cenario1_tempo_fixo/310s_10percent,35,1,14,14,0,1.0,1,0
rl2,cenario1_tempo_fixo/310s_20percent,1,1,31,29,2,0.9355,1,0
rl2,cenario1_tempo_fixo/310s_20percent,2,1,23,21,2,0.913,1,0
rl2,cenario1_tempo_fixo/310s_20percent,3,1,18,17,1,0.9444,1,0
rl2,cenario1_tempo_fixo/310s_20percent,4,1,22,21,1,0.9545,1,0
rl2,cenario1_tempo_fixo/310s_20percent,5,2,26,22,4,0.8462,2,0
rl2,cenario1_tempo_fixo/310s_20percent,6,1,25,24,1,0.96,1,0
rl2,cenario1_tempo_fixo/310s_20percent,7,1,22,22,0,1.0,1,0
rl2,cenario1_tempo_fixo/310s_20percent,8,1,32,30,2,0.9375,1,0
rl2,cenario1_tempo_fixo/310s_20percent,9,1,23,22,1,0.9565,1,0
rl2,cenario1_tempo_fixo/310s_20percent,10,1,27,25,2,0.9259,1,0
rl2,cenario1_tempo_fixo/310s_20percent,11,2,60,58,2,0.9667,2,0
rl2,cenario1_tempo_fixo/310s_20percent,12,1,22,20,2,0.9091,1,0
rl2,cenario1_tempo_fixo/310s_20percent,13,2,49,48,1,0.9796,2,0
rl2,cenario1_tempo_fixo/310s_20percent,14,1,33,31,2,0.9394,1,0
rl2,cenario1_tempo_fixo/310s_20percent,15,1,23,20,3,0.8696,1,0
rl2,cenario1_tempo_fixo/310s_20percent,16,1,20,20,0,1.0,1,0
rl2,cenario1_tempo_fixo/310s_20percent,17,2,28,26,2,0.9286,1,0
rl2,cenario1_tempo_fixo/310s_20percent,18,2,32,32,0,1.0,2,0
rl2,cenario1_tempo_fixo/310s_20percent,19,1,30,28,2,0.9333,1,0
rl2,cenario1_tempo_fixo/310s_20percent,20,2,21,21,0,1.0,2,0
rl2,cenario1_tempo_fixo/310s_20percent,21,2,26,25,1,0.9615,2,0
rl2,cenario1_tempo_fixo/310s_20percent,22,1,26,25,1,0.9615,1,0
rl2,cenario1_tempo_fixo/310s_20percent,23,2,69,66,3,0.9565,2,0
rl2,cenario1_tempo_fixo/310s_20percent,24,1,19,18,1,0.9474,1,0
rl2,cenario1_tempo_fixo/310s_20percent,25,2,13,13,0,1.0,2,0
rl2,cenario1_tempo_fixo/310s_20percent,26,1,17,17,0,1.0,1,0
rl2,cenario1_tempo_fixo/310s_20percent,27,1,24,23,1,0.9583,1,0
rl2,cenario1_tempo_fixo/310s_20percent,28,1,31,29,2,0.9355,1,0
rl2,cenario1_tempo_fixo/310s_20percent,29,2,34,32,2,0.9412,2,0
rl2,cenario1_tempo_fixo/310s_20percent,30,1,7,6,1,0.8571,1,0
rl2,cenario1_tempo_fixo/310s_20percent,31,2,58,54,4,0.931,2,0
rl2,cenario1_tempo_fixo/310s_20percent,32,1,33,29,4,0.8788,1,0
rl2,cenario1_tempo_fixo/310s_20percent,33,1,20,19,1,0.95,1,0
rl2,cenario1_tempo_fixo/310s_20percent,34,2,41,38,3,0.9268,2,0
rl2,cenario1_tempo_fixo/310s_20percent,35,1,19,17,2,0.8947,1,0
rl2,cenario1_tempo_fixo/310s_30percent,1,3,64,58,6,0.9062,3,0
rl2,cenario1_tempo_fixo/310s_30percent,2,2,41,41,0,1.0,2,0
rl2,cenario1_tempo_fixo/310s_30percent,3,2,31,30,1,0.9677,2,0
rl2,cenario1_tempo_fixo/310s_30percent,4,1,31,29,2,0.9355,1,0
rl2,cenario1_tempo_fixo/310s_30percent,5,2,54,50,4,0.9259,2,0
rl2,cenario1_tempo_fixo/310s_30percent,6,2,38,33,5,0.8684,2,0
rl2,cenario1_tempo_fixo/310s_30percent,7,2,51,49,2,0.9608,2,0
rl2,cenario1_tempo_fixo/310s_30percent,8,2,48,45,3,0.9375,2,0
rl2,cenario1_tempo_fixo/310s_30percent,9,1,30,29,1,0.9667,1,0
rl2,cenario1_tempo_fixo/310s_30percent,10,2,49,47,2,0.9592,2,0
rl2,cenario1_tempo_fixo/310s_30percent,11,3,44,43,1,0.9773,3,0
rl2,cenario1_tempo_fixo/310s_30percent,12,2,29,28,1,0.9655,1,0
rl2,cenario1_tempo_fixo/310s_30percent,13,1,11,10,1,0.9091,1,0
rl2,cenario1_tempo_fixo/310s_30percent,14,2,55,53,2,0.9636,2,0
rl2,cenario1_tempo_fixo/310s_30percent,15,2,41,40,1,0.9756,2,0
rl2,cenario1_tempo_fixo/310s_30percent,16,2,39,38,1,0.9744,2,0
rl2,cenario1_tempo_fixo/310s_30percent,17,2,60,56,4,0.9333,2,0
rl2,cenario1_tempo_fixo/310s_30percent,18,2,30,28,2,0.9333,1,0
rl2,cenario1_tempo_fixo/310s_30percent,19,2,44,42,2,0.9545,2,0
rl2,cenario1_tempo_fixo/310s_30percent,20,1,14,13,1,0.9286,1,0
rl2,cenario1_tempo_fixo/310s_30percent,21,2,43,39,4,0.907,2,0
rl2,cenario1_tempo_fixo/310s_30percent,22,2,32,32,0,1.0,2,0
rl2,cenario1_tempo_fixo/310s_30percent,23,3,58,55,3,0.9483,3,0
rl2,cenario1_tempo_fixo/310s_30percent,24,2,54,49,5,0.9074,2,0
rl2,cenario1_tempo_fixo/310s_30percent,25,2,34,30,4,0.8824,2,0
rl2,cenario1_tempo_fixo/310s_30percent,26,1,28,28,0,1.0,1,0
rl2,cenario1_tempo_fixo/310s_30percent,27,2,36,34,2,0.9444,2,0
rl2,cenario1_tempo_fixo/310s_30percent,28,2,23,21,2,0.913,2,0
rl2,cenario1_tempo_fixo/310s_30percent,29,2,35,32,3,0.9143,2,0
rl2,cenario1_tempo_fixo/310s_30percent,30,2,40,37,3,0.925,2,0
rl2,cenario1_tempo_fixo/310s_30percent,31,3,42,39,3,0.9286,2,0
rl2,cenario1_tempo_fixo/310s_30percent,32,1,21,20,1,0.9524,1,0
rl2,cenario1_tempo_fixo/310s_30percent,33,2,45,43,2,0.9556,2,0
rl2,cenario1_tempo_fixo/310s_30percent,34,3,50,48,2,0.96,3,0
rl2,cenario1_tempo_fixo/310s_30percent,35,3,62,62,0,1.0,3,0
rl2,cenario2_tempo_aleatorio/180-600s_10percent,1,1,25,24,1,0.96,1,0
rl2,cenario2_tempo_aleatorio/180-600s_10percent,2,1,15,13,2,0.8667,1,0
rl2,cenario2_tempo_aleatorio/180-600s_10percent,3,1,26,26,0,1.0,1,0
rl2,cenario2_tempo_aleatorio/180-600s_10percent,4,1,31,30,1,0.9677,1,0
rl2,cenario2_tempo_aleatorio/180-600s_10percent,5,1,22,21,1,0.9545,1,0
rl2,cenario2_tempo_aleatorio/180-600s_10percent,6,1,8,8,0,1.0,1,0
rl2,cenario2_tempo_aleatorio/180-600s_10percent,7,1,21,20,1,0.9524,1,0
rl2,cenario2_tempo_aleatorio/180-600s_10percent,8,1,28,24,4,0.8571,1,0
rl2,cenario2_tempo_aleatorio/180-600s_10percent,9,1,28,27,1,0.9643,1,0
rl2,cenario2_tempo_aleatorio/180-600s_10percent,10,1,20,18,2,0.9,1,0
rl2,cenario2_tempo_aleatorio/180-600s_10percent,11,1,25,22,3,0.88,1,0
rl2,cenario2_tempo_aleatorio/180-600s_10percent,12,1,1,0,1,0.0,0,0
rl2,cenario2_tempo_aleatorio/180-600s_10percent,13,1,10,9,1,0.9,1,0
rl2,cenario2_tempo_aleatorio/180-600s_10percent,14,1,22,22,0,1.0,1,0
rl2,cenario2_tempo_aleatorio/180-600s_10percent,15,1,16,14,2,0.875,1,0
rl2,cenario2_tempo_aleatorio/180-600s_10percent,16,1,17,17,0,1.0,1,0
rl2,cenario2_tempo_aleatorio/180-600s_10percent,17,1,4,4,0,1.0,1,0
rl2,cenario2_tempo_aleatorio/180-600s_10percent,18,1,18,18,0,1.0,1,0
rl2,cenario2_tempo_aleatorio/180-600s_10percent,19,1,24,23,1,0.9583,1,0
rl2,cenario2_tempo_aleatorio/180-600s_10percent,20,1,8,8,0,1.0,1,0
rl2,cenario2_tempo_aleatorio/180-600s_10percent,21,1,8,7,1,0.875,1,0
rl2,cenario2_tempo_aleatorio/180-600s_10percent,22,1,26,26,0,1.0,1,0
rl2,cenario2_tempo_aleatorio/180-600s_10percent,23,1,21,20,1,0.9524,1,0
rl2,cenario2_tempo_aleatorio/180-600s_10percent,24,1,16,15,1,0.9375,1,0
rl2,cenario2_tempo_aleatorio/180-600s_10percent,25,1,9,9,0,1.0,1,0
rl2,cenario2_tempo_aleatorio/180-600s_10percent,26,1,30,29,1,0.9667,1,0
rl2,cenario2_tempo_aleatorio/180-600s_10percent,27,1,31,28,3,0.9032,1,0
rl2,cenario2_tempo_aleatorio/180-600s_10percent,28,1,20,18,2,0.9,1,0
rl2,cenario2_tempo_aleatorio/180-600s_10percent,29,1,30,29,1,0.9667,1,0
rl2,cenario2_tempo_aleatorio/180-600s_10percent,30,1,32,31,1,0.9688,1,0
rl2,cenario2_tempo_aleatorio/180-600s_10percent,31,1,15,14,1,0.9333,1,0
rl2,cenario2_tempo_aleatorio/180-600s_10percent,32,1,25,24,1,0.96,1,0
rl2,cenario2_tempo_aleatorio/180-600s_10percent,33,1,20,19,1,0.95,1,0
rl2,cenario2_tempo_aleatorio/180-600s_10percent,34,1,31,31,0,1.0,1,0
rl2,cenario2_tempo_aleatorio/180-600s_10percent,35,1,9,9,0,1.0,1,0
rl2,cenario2_tempo_aleatorio/180-600s_20percent,1,1,31,27,4,0.871,1,0
rl2,cenario2_tempo_aleatorio/180-600s_20percent,2,1,12,10,2,0.8333,1,0
rl2,cenario2_tempo_aleatorio/180-600s_20percent,3,1,23,23,0,1.0,1,0
rl2,cenario2_tempo_aleatorio/180-600s_20percent,4,2,61,59,2,0.9672,2,0
rl2,cenario2_tempo_aleatorio/180-600s_20percent,5,2,47,45,2,0.9574,2,0
rl2,cenario2_tempo_aleatorio/180-600s_20percent,6,1,19,18,1,0.9474,1,0
rl2,cenario2_tempo_aleatorio/180-600s_20percent,7,1,24,24,0,1.0,1,0
rl2,cenario2_tempo_aleatorio/180-600s_20percent,8,2,38,36,2,0.9474,2,0
rl2,cenario2_tempo_aleatorio/180-600s_20percent,9,1,19,19,0,1.0,1,0
rl2,cenario2_tempo_aleatorio/180-600s_20percent,10,1,16,16,0,1.0,1,0
rl2,cenario2_tempo_aleatorio/180-600s_20percent,11,1,33,32,1,0.9697,1,0
rl2,cenario2_tempo_aleatorio/180-600s_20percent,12,2,51,51,0,1.0,2,0
rl2,cenario2_tempo_aleatorio/180-600s_20percent,13,1,28,28,0,1.0,1,0
rl2,cenario2_tempo_aleatorio/180-600s_20percent,14,2,62,59,3,0.9516,2,0
rl2,cenario2_tempo_aleatorio/180-600s_20percent,15,2,47,46,1,0.9787,2,0
rl2,cenario2_tempo_aleatorio/180-600s_20percent,16,2,18,17,1,0.9444,2,0
rl2,cenario2_tempo_aleatorio/180-600s_20percent,17,1,28,27,1,0.9643,1,0
rl2,cenario2_tempo_aleatorio/180-600s_20percent,18,1,27,27,0,1.0,1,0
rl2,cenario2_tempo_aleatorio/180-600s_20percent,19,1,11,11,0,1.0,1,0
rl2,cenario2_tempo_aleatorio/180-600s_20percent,20,2,19,19,0,1.0,2,0
rl2,cenario2_tempo_aleatorio/180-600s_20percent,21,2,57,56,1,0.9825,2,0
rl2,cenario2_tempo_aleatorio/180-600s_20percent,22,2,52,47,5,0.9038,2,0
rl2,cenario2_tempo_aleatorio/180-600s_20percent,23,2,24,23,1,0.9583,1,0
rl2,cenario2_tempo_aleatorio/180-600s_20percent,24,2,44,43,1,0.9773,2,0
rl2,cenario2_tempo_aleatorio/180-600s_20percent,25,2,53,49,4,0.9245,2,0
rl2,cenario2_tempo_aleatorio/180-600s_20percent,26,2,39,36,3,0.9231,2,0
rl2,cenario2_tempo_aleatorio/180-600s_20percent,27,1,21,21,0,1.0,1,0
rl2,cenario2_tempo_aleatorio/180-600s_20percent,28,1,32,29,3,0.9062,1,0
rl2,cenario2_tempo_aleatorio/180-600s_20percent,29,2,45,44,1,0.9778,2,0
rl2,cenario2_tempo_aleatorio/180-600s_20percent,30,2,41,39,2,0.9512,2,0
rl2,cenario2_tempo_aleatorio/180-600s_20percent,31,2,47,46,1,0.9787,2,0
rl2,cenario2_tempo_aleatorio/180-600s_20percent,32,1,27,25,2,0.9259,1,0
rl2,cenario2_tempo_aleatorio/180-600s_20percent,33,2,60,58,2,0.9667,2,0
rl2,cenario2_tempo_aleatorio/180-600s_20percent,34,2,34,32,2,0.9412,2,0
rl2,cenario2_tempo_aleatorio/180-600s_20percent,35,2,58,55,3,0.9483,2,0
rl2,cenario2_tempo_aleatorio/180-600s_30percent,1,2,56,52,4,0.9286,2,0
rl2,cenario2_tempo_aleatorio/180-600s_30percent,2,1,31,28,3,0.9032,1,0
rl2,cenario2_tempo_aleatorio/180-600s_30percent,3,1,30,30,0,1.0,1,0
rl2,cenario2_tempo_aleatorio/180-600s_30percent,4,2,45,45,0,1.0,2,0
rl2,cenario2_tempo_aleatorio/180-600s_30percent,5,2,37,35,2,0.9459,2,0
rl2,cenario2_tempo_aleatorio/180-600s_30percent,6,1,30,28,2,0.9333,1,0
rl2,cenario2_tempo_aleatorio/180-600s_30percent,7,2,41,40,1,0.9756,2,0
rl2,cenario2_tempo_aleatorio/180-600s_30percent,8,3,42,42,0,1.0,3,0
rl2,cenario2_tempo_aleatorio/180-600s_30percent,9,2,59,57,2,0.9661,2,0
rl2,cenario2_tempo_aleatorio/180-600s_30percent,10,1,22,20,2,0.9091,1,0
rl2,cenario2_tempo_aleatorio/180-600s_30percent,11,2,31,29,2,0.9355,2,0
rl2,cenario2_tempo_aleatorio/180-600s_30percent,12,3,63,62,1,0.9841,3,0
rl2,cenario2_tempo_aleatorio/180-600s_30percent,13,2,48,47,1,0.9792,2,0
rl2,cenario2_tempo_aleatorio/180-600s_30percent,14,2,22,21,1,0.9545,2,0
rl2,cenario2_tempo_aleatorio/180-600s_30percent,15,3,83,81,2,0.9759,3,0
rl2,cenario2_tempo_aleatorio/180-600s_30percent,16,1,16,16,0,1.0,1,0
rl2,cenario2_tempo_aleatorio/180-600s_30percent,17,2,36,34,2,0.9444,2,0
rl2,cenario2_tempo_aleatorio/180-600s_30percent,18,3,47,44,3,0.9362,3,0
rl2,cenario2_tempo_aleatorio/180-600s_30percent,19,2,52,49,3,0.9423,2,0
rl2,cenario2_tempo_aleatorio/180-600s_30percent,20,2,53,50,3,0.9434,2,0
rl2,cenario2_tempo_aleatorio/180-600s_30percent,21,2,49,44,5,0.898,2,0
rl2,cenario2_tempo_aleatorio/180-600s_30percent,22,2,25,25,0,1.0,2,0
rl2,cenario2_tempo_aleatorio/180-600s_30percent,23,2,55,53,2,0.9636,2,0
rl2,cenario2_tempo_aleatorio/180-600s_30percent,24,3,72,67,5,0.9306,3,0
rl2,cenario2_tempo_aleatorio/180-600s_30percent,25,3,38,36,2,0.9474,2,0
rl2,cenario2_tempo_aleatorio/180-600s_30percent,26,2,33,32,1,0.9697,2,0
rl2,cenario2_tempo_aleatorio/180-600s_30percent,27,2,30,30,0,1.0,2,0
rl2,cenario2_tempo_aleatorio/180-600s_30percent,28,3,61,59,2,0.9672,3,0
rl2,cenario2_tempo_aleatorio/180-600s_30percent,29,2,56,55,1,0.9821,2,0
rl2,cenario2_tempo_aleatorio/180-600s_30percent,30,3,75,72,3,0.96,3,0
rl2,cenario2_tempo_aleatorio/180-600s_30percent,31,2,29,29,0,1.0,2,0
rl2,cenario2_tempo_aleatorio/180-600s_30percent,32,3,65,62,3,0.9538,3,0
rl2,cenario2_tempo_aleatorio/180-600s_30percent,33,3,53,48,5,0.9057,3,0
rl2,cenario2_tempo_aleatorio/180-600s_30percent,34,3,77,69,8,0.8961,3,0
rl2,cenario2_tempo_aleatorio/180-600s_30percent,35,2,23,22,1,0.9565,1,0
rl2,cenario3_tudo_aleatorio/180-600s_10-30percent,1,2,38,36,2,0.9474,2,0
rl2,cenario3_tudo_aleatorio/180-600s_10-30percent,2,1,23,23,0,1.0,1,0
rl2,cenario3_tudo_aleatorio/180-600s_10-30percent,3,2,26,24,2,0.9231,2,0
rl2,cenario3_tudo_aleatorio/180-600s_10-30percent,4,2,27,23,4,0.8519,1,0
rl2,cenario3_tudo_aleatorio/180-600s_10-30percent,5,3,65,62,3,0.9538,3,0
rl2,cenario3_tudo_aleatorio/180-600s_10-30percent,6,1,23,23,0,1.0,1,0
rl2,cenario3_tudo_aleatorio/180-600s_10-30percent,7,2,43,39,4,0.907,2,0
rl2,cenario3_tudo_aleatorio/180-600s_10-30percent,8,3,89,85,4,0.9551,3,0
rl2,cenario3_tudo_aleatorio/180-600s_10-30percent,9,1,13,13,0,1.0,1,0
rl2,cenario3_tudo_aleatorio/180-600s_10-30percent,10,1,28,27,1,0.9643,1,0
rl2,cenario3_tudo_aleatorio/180-600s_10-30percent,11,1,16,16,0,1.0,1,0
rl2,cenario3_tudo_aleatorio/180-600s_10-30percent,12,1,14,13,1,0.9286,1,0
rl2,cenario3_tudo_aleatorio/180-600s_10-30percent,13,2,52,49,3,0.9423,2,0
rl2,cenario3_tudo_aleatorio/180-600s_10-30percent,14,1,19,19,0,1.0,1,0
rl2,cenario3_tudo_aleatorio/180-600s_10-30percent,15,1,22,21,1,0.9545,1,0
rl2,cenario3_tudo_aleatorio/180-600s_10-30percent,16,1,20,19,1,0.95,1,0
rl2,cenario3_tudo_aleatorio/180-600s_10-30percent,17,2,37,37,0,1.0,2,0
rl2,cenario3_tudo_aleatorio/180-600s_10-30percent,18,3,61,59,2,0.9672,3,0
rl2,cenario3_tudo_aleatorio/180-600s_10-30percent,19,2,51,48,3,0.9412,2,0
rl2,cenario3_tudo_aleatorio/180-600s_10-30percent,20,1,27,25,2,0.9259,1,0
rl2,cenario3_tudo_aleatorio/180-600s_10-30percent,21,2,51,50,1,0.9804,2,0
rl2,cenario3_tudo_aleatorio/180-600s_10-30percent,22,2,36,34,2,0.9444,2,0
rl2,cenario3_tudo_aleatorio/180-600s_10-30percent,23,2,52,49,3,0.9423,2,0
rl2,cenario3_tudo_aleatorio/180-600s_10-30percent,24,1,13,13,0,1.0,1,0
rl2,cenario3_tudo_aleatorio/180-600s_10-30percent,25,1,36,33,3,0.9167,1,0
rl2,cenario3_tudo_aleatorio/180-600s_10-30percent,26,1,17,16,1,0.9412,1,0
rl2,cenario3_tudo_aleatorio/180-600s_10-30percent,27,2,32,31,1,0.9688,2,0
rl2,cenario3_tudo_aleatorio/180-600s_10-30percent,28,1,25,24,1,0.96,1,0
rl2,cenario3_tudo_aleatorio/180-600s_10-30percent,29,2,39,37,2,0.9487,2,0
rl2,cenario3_tudo_aleatorio/180-600s_10-30percent,30,1,30,26,4,0.8667,1,0
rl2,cenario3_tudo_aleatorio/180-600s_10-30percent,31,1,25,23,2,0.92,1,0
rl2,cenario3_tudo_aleatorio/180-600s_10-30percent,32,1,26,26,0,1.0,1,0
rl2,cenario3_tudo_aleatorio/180-600s_10-30percent,33,2,44,41,3,0.9318,2,0
rl2,cenario3_tudo_aleatorio/180-600s_10-30percent,34,1,25,24,1,0.96,1,0
rl2,cenario3_tudo_aleatorio/180-600s_10-30percent,35,1,24,23,1,0.9583,1,0
rl3,cenario1_tempo_fixo/310s_10percent,1,1,19,18,1,0.9474,1,0
rl3,cenario1_tempo_fixo/310s_10percent,2,1,14,14,0,1.0,1,0
rl3,cenario1_tempo_fixo/310s_10percent,3,1,17,14,3,0.8235,1,1
rl3,cenario1_tempo_fixo/310s_10percent,4,1,4,4,0,1.0,1,0
rl3,cenario1_tempo_fixo/310s_10percent,5,1,24,24,0,1.0,1,1
rl3,cenario1_tempo_fixo/310s_10percent,6,1,15,15,0,1.0,1,0
rl3,cenario1_tempo_fixo/310s_10percent,7,1,21,19,2,0.9048,1,0
rl3,cenario1_tempo_fixo/310s_10percent,8,1,33,32,1,0.9697,1,0
rl3,cenario1_tempo_fixo/310s_10percent,9,1,29,28,1,0.9655,1,1
rl3,cenario1_tempo_fixo/310s_10percent,10,1,29,29,0,1.0,1,0
rl3,cenario1_tempo_fixo/310s_10percent,11,1,13,12,1,0.9231,1,0
rl3,cenario1_tempo_fixo/310s_10percent,12,1,17,17,0,1.0,1,0
rl3,cenario1_tempo_fixo/310s_10percent,13,1,14,13,1,0.9286,1,0
rl3,cenario1_tempo_fixo/310s_10percent,14,1,13,12,1,0.9231,1,0
rl3,cenario1_tempo_fixo/310s_10percent,15,1,20,19,1,0.95,1,1
rl3,cenario1_tempo_fixo/310s_10percent,16,1,26,25,1,0.9615,1,1
rl3,cenario1_tempo_fixo/310s_10percent,17,1,11,11,0,1.0,1,0
rl3,cenario1_tempo_fixo/310s_10percent,18,1,27,27,0,1.0,1,1
rl3,cenario1_tempo_fixo/310s_10percent,19,1,11,11,0,1.0,1,1
rl3,cenario1_tempo_fixo/310s_10percent,20,1,30,29,1,0.9667,1,0
rl3,cenario1_tempo_fixo/310s_10percent,21,1,22,22,0,1.0,1,3
rl3,cenario1_tempo_fixo/310s_10percent,22,1,5,5,0,1.0,0,5
rl3,cenario1_tempo_fixo/310s_10percent,23,1,9,8,1,0.8889,0,8
rl3,cenario1_tempo_fixo/310s_10percent,24,1,22,21,1,0.9545,1,2
rl3,cenario1_tempo_fixo/310s_10percent,25,1,23,23,0,1.0,1,0
rl3,cenario1_tempo_fixo/310s_10percent,26,1,19,19,0,1.0,1,0
rl3,cenario1_tempo_fixo/310s_10percent,27,1,32,31,1,0.9688,1,1
rl3,cenario1_tempo_fixo/310s_10percent,28,1,22,22,0,1.0,1,0
rl3,cenario1_tempo_fixo/310s_10percent,29,1,21,20,1,0.9524,1,0
rl3,cenario1_tempo_fixo/310s_10percent,30,1,28,27,1,0.9643,1,2
rl3,cenario1_tempo_fixo/310s_10percent,31,1,4,4,0,1.0,0,4
rl3,cenario1_tempo_fixo/310s_10percent,32,1,23,23,0,1.0,1,0
rl3,cenario1_tempo_fixo/310s_10percent,33,1,24,24,0,1.0,1,0
rl3,cenario1_tempo_fixo/310s_10percent,34,1,6,5,1,0.8333,1,0
rl3,cenario1_tempo_fixo/310s_10percent,35,1,14,14,0,1.0,1,1
rl3,cenario1_tempo_fixo/310s_20percent,1,1,21,17,4,0.8095,1,0
rl3,cenario1_tempo_fixo/310s_20percent,2,1,9,9,0,1.0,1,1
rl3,cenario1_tempo_fixo/310s_20percent,3,1,32,31,1,0.9688,1,2
rl3,cenario1_tempo_fixo/310s_20percent,4,1,8,7,1,0.875,0,7
rl3,cenario1_tempo_fixo/310s_20percent,5,2,47,46,1,0.9787,2,2
rl3,cenario1_tempo_fixo/310s_20percent,6,1,30,29,1,0.9667,1,0
rl3,cenario1_tempo_fixo/310s_20percent,7,1,29,26,3,0.8966,1,1
rl3,cenario1_tempo_fixo/310s_20percent,8,1,34,33,1,0.9706,1,2
rl3,cenario1_tempo_fixo/310s_20percent,9,2,42,41,1,0.9762,1,13
rl3,cenario1_tempo_fixo/310s_20percent,10,2,22,21,1,0.9545,0,21
rl3,cenario1_tempo_fixo/310s_20percent,11,2,37,37,0,1.0,1,24
rl3,cenario1_tempo_fixo/310s_20percent,12,2,39,38,1,0.9744,2,3
rl3,cenario1_tempo_fixo/310s_20percent,13,1,27,26,1,0.963,1,0
rl3,cenario1_tempo_fixo/310s_20percent,14,2,52,47,5,0.9038,2,1
rl3,cenario1_tempo_fixo/310s_20percent,15,1,21,20,1,0.9524,1,2
rl3,cenario1_tempo_fixo/310s_20percent,16,1,31,30,1,0.9677,1,1
rl3,cenario1_tempo_fixo/310s_20percent,17,2,54,54,0,1.0,2,2
rl3,cenario1_tempo_fixo/310s_20percent,18,2,44,43,1,0.9773,2,2
rl3,cenario1_tempo_fixo/310s_20percent,19,1,6,6,0,1.0,1,0
rl3,cenario1_tempo_fixo/310s_20percent,20,1,34,32,2,0.9412,1,2
rl3,cenario1_tempo_fixo/310s_20percent,21,1,18,17,1,0.9444,1,0
rl3,cenario1_tempo_fixo/310s_20percent,22,2,26,25,1,0.9615,2,2
rl3,cenario1_tempo_fixo/310s_20percent,23,1,26,26,0,1.0,1,1
rl3,cenario1_tempo_fixo/310s_20percent,24,1,9,9,0,1.0,0,9
rl3,cenario1_tempo_fixo/310s_20percent,25,2,13,11,2,0.8462,1,0
rl3,cenario1_tempo_fixo/310s_20percent,26,1,15,13,2,0.8667,1,1
rl3,cenario1_tempo_fixo/310s_20percent,27,1,26,25,1,0.9615,1,1
rl3,cenario1_tempo_fixo/310s_20percent,28,1,23,20,3,0.8696,1,0
rl3,cenario1_tempo_fixo/310s_20percent,29,1,14,12,2,0.8571,1,0
rl3,cenario1_tempo_fixo/310s_20percent,30,2,31,31,0,1.0,2,2
rl3,cenario1_tempo_fixo/310s_20percent,31,1,26,24,2,0.9231,1,0
rl3,cenario1_tempo_fixo/310s_20percent,32,2,11,9,2,0.8182,1,0
rl3,cenario1_tempo_fixo/310s_20percent,33,2,50,48,2,0.96,2,1
rl3,cenario1_tempo_fixo/310s_20percent,34,2,53,51,2,0.9623,2,1
rl3,cenario1_tempo_fixo/310s_20percent,35,1,31,27,4,0.871,1,1
rl3,cenario1_tempo_fixo/310s_30percent,1,3,51,50,1,0.9804,3,4
rl3,cenario1_tempo_fixo/310s_30percent,2,2,41,38,3,0.9268,1,29
rl3,cenario1_tempo_fixo/310s_30percent,3,3,57,54,3,0.9474,1,23
rl3,cenario1_tempo_fixo/310s_30percent,4,2,61,55,6,0.9016,2,0
rl3,cenario1_tempo_fixo/310s_30percent,5,2,47,46,1,0.9787,2,0
rl3,cenario1_tempo_fixo/310s_30percent,6,1,14,14,0,1.0,1,0
rl3,cenario1_tempo_fixo/310s_30percent,7,2,40,38,2,0.95,1,11
rl3,cenario1_tempo_fixo/310s_30percent,8,2,43,42,1,0.9767,2,1
rl3,cenario1_tempo_fixo/310s_30percent,9,2,45,44,1,0.9778,2,0
rl3,cenario1_tempo_fixo/310s_30percent,10,2,51,51,0,1.0,2,1
rl3,cenario1_tempo_fixo/310s_30percent,11,2,37,36,1,0.973,2,0
rl3,cenario1_tempo_fixo/310s_30percent,12,2,37,36,1,0.973,2,19
rl3,cenario1_tempo_fixo/310s_30percent,13,2,48,45,3,0.9375,2,1
rl3,cenario1_tempo_fixo/310s_30percent,14,2,53,49,4,0.9245,2,2
rl3,cenario1_tempo_fixo/310s_30percent,15,2,34,30,4,0.8824,1,10
rl3,cenario1_tempo_fixo/310s_30percent,16,2,41,37,4,0.9024,1,14
rl3,cenario1_tempo_fixo/310s_30percent,17,2,27,26,1,0.963,1,11
rl3,cenario1_tempo_fixo/310s_30percent,18,2,39,38,1,0.9744,2,2
rl3,cenario1_tempo_fixo/310s_30percent,19,2,55,55,0,1.0,2,5
rl3,cenario1_tempo_fixo/310s_30percent,20,2,46,45,1,0.9783,2,2
rl3,cenario1_tempo_fixo/310s_30percent,21,2,49,46,3,0.9388,2,1
rl3,cenario1_tempo_fixo/310s_30percent,22,2,45,44,1,0.9778,2,1
rl3,cenario1_tempo_fixo/310s_30percent,23,2,56,52,4,0.9286,1,34
rl3,cenario1_tempo_fixo/310s_30percent,24,2,45,45,0,1.0,2,1
rl3,cenario1_tempo_fixo/310s_30percent,25,1,22,22,0,1.0,1,1
rl3,cenario1_tempo_fixo/310s_30percent,26,2,37,37,0,1.0,2,0
rl3,cenario1_tempo_fixo/310s_30percent,27,2,43,41,2,0.9535,1,11
rl3,cenario1_tempo_fixo/310s_30percent,28,2,25,25,0,1.0,1,16
rl3,cenario1_tempo_fixo/310s_30percent,29,2,50,50,0,1.0,2,1
rl3,cenario1_tempo_fixo/310s_30percent,30,2,47,47,0,1.0,2,3
rl3,cenario1_tempo_fixo/310s_30percent,31,2,35,32,3,0.9143,1,18
rl3,cenario1_tempo_fixo/310s_30percent,32,2,23,22,1,0.9565,2,2
rl3,cenario1_tempo_fixo/310s_30percent,33,2,38,37,1,0.9737,2,1
rl3,cenario1_tempo_fixo/310s_30percent,34,2,47,46,1,0.9787,2,0
rl3,cenario1_tempo_fixo/310s_30percent,35,1,15,13,2,0.8667,1,0
rl3,cenario2_tempo_aleatorio/180-600s_10percent,1,1,28,26,2,0.9286,1,1
rl3,cenario2_tempo_aleatorio/180-600s_10percent,2,1,29,28,1,0.9655,1,2
rl3,cenario2_tempo_aleatorio/180-600s_10percent,3,1,24,24,0,1.0,1,1
rl3,cenario2_tempo_aleatorio/180-600s_10percent,4,1,5,4,1,0.8,1,0
rl3,cenario2_tempo_aleatorio/180-600s_10percent,5,1,21,21,0,1.0,1,0
rl3,cenario2_tempo_aleatorio/180-600s_10percent,6,1,27,26,1,0.963,1,1
rl3,cenario2_tempo_aleatorio/180-600s_10percent,7,1,16,15,1,0.9375,1,1
rl3,cenario2_tempo_aleatorio/180-600s_10percent,8,1,25,24,1,0.96,1,1
rl3,cenario2_tempo_aleatorio/180-600s_10percent,9,1,18,18,0,1.0,1,1
rl3,cenario2_tempo_aleatorio/180-600s_10percent,10,1,15,15,0,1.0,1,0
rl3,cenario2_tempo_aleatorio/180-600s_10percent,11,1,25,25,0,1.0,1,1
rl3,cenario2_tempo_aleatorio/180-600s_10percent,12,1,11,11,0,1.0,1,0
rl3,cenario2_tempo_aleatorio/180-600s_10percent,13,1,4,4,0,1.0,1,0
rl3,cenario2_tempo_aleatorio/180-600s_10percent,14,1,16,14,2,0.875,1,1
rl3,cenario2_tempo_aleatorio/180-600s_10percent,15,1,11,10,1,0.9091,1,0
rl3,cenario2_tempo_aleatorio/180-600s_10percent,16,1,36,33,3,0.9167,1,1
rl3,cenario2_tempo_aleatorio/180-600s_10percent,17,1,26,26,0,1.0,1,1
rl3,cenario2_tempo_aleatorio/180-600s_10percent,18,1,7,7,0,1.0,1,1
rl3,cenario2_tempo_aleatorio/180-600s_10percent,19,1,29,27,2,0.931,1,1
rl3,cenario2_tempo_aleatorio/180-600s_10percent,20,1,19,17,2,0.8947,1,0
rl3,cenario2_tempo_aleatorio/180-600s_10percent,21,1,10,7,3,0.7,1,0
rl3,cenario2_tempo_aleatorio/180-600s_10percent,22,1,31,30,1,0.9677,1,3
rl3,cenario2_tempo_aleatorio/180-600s_10percent,23,1,29,28,1,0.9655,1,0
rl3,cenario2_tempo_aleatorio/180-600s_10percent,24,1,27,27,0,1.0,1,1
rl3,cenario2_tempo_aleatorio/180-600s_10percent,25,1,28,26,2,0.9286,1,0
rl3,cenario2_tempo_aleatorio/180-600s_10percent,26,1,14,14,0,1.0,1,1
rl3,cenario2_tempo_aleatorio/180-600s_10percent,27,1,24,22,2,0.9167,1,0
rl3,cenario2_tempo_aleatorio/180-600s_10percent,28,1,28,28,0,1.0,1,1
rl3,cenario2_tempo_aleatorio/180-600s_10percent,29,1,29,29,0,1.0,1,1
rl3,cenario2_tempo_aleatorio/180-600s_10percent,30,1,30,29,1,0.9667,1,1
rl3,cenario2_tempo_aleatorio/180-600s_10percent,31,1,17,16,1,0.9412,1,0
rl3,cenario2_tempo_aleatorio/180-600s_10percent,32,1,10,9,1,0.9,1,0
rl3,cenario2_tempo_aleatorio/180-600s_10percent,33,1,11,10,1,0.9091,1,1
rl3,cenario2_tempo_aleatorio/180-600s_10percent,34,1,14,14,0,1.0,1,0
rl3,cenario2_tempo_aleatorio/180-600s_10percent,35,1,31,30,1,0.9677,1,1
rl3,cenario2_tempo_aleatorio/180-600s_20percent,1,1,21,21,0,1.0,0,21
rl3,cenario2_tempo_aleatorio/180-600s_20percent,2,2,7,6,1,0.8571,0,6
rl3,cenario2_tempo_aleatorio/180-600s_20percent,3,2,13,12,1,0.9231,0,12
rl3,cenario2_tempo_aleatorio/180-600s_20percent,4,1,5,5,0,1.0,0,5
rl3,cenario2_tempo_aleatorio/180-600s_20percent,5,1,12,11,1,0.9167,0,11
rl3,cenario2_tempo_aleatorio/180-600s_20percent,6,1,24,23,1,0.9583,1,20
rl3,cenario2_tempo_aleatorio/180-600s_20percent,7,1,11,10,1,0.9091,0,10
rl3,cenario2_tempo_aleatorio/180-600s_20percent,8,2,31,30,1,0.9677,0,30
rl3,cenario2_tempo_aleatorio/180-600s_20percent,9,2,29,24,5,0.8276,0,24
rl3,cenario2_tempo_aleatorio/180-600s_20percent,10,2,41,39,2,0.9512,0,39
rl3,cenario2_tempo_aleatorio/180-600s_20percent,11,1,13,12,1,0.9231,0,12
rl3,cenario2_tempo_aleatorio/180-600s_20percent,12,2,48,43,5,0.8958,0,43
rl3,cenario2_tempo_aleatorio/180-600s_20percent,13,1,19,19,0,1.0,0,19
rl3,cenario2_tempo_aleatorio/180-600s_20percent,14,1,26,26,0,1.0,0,26
rl3,cenario2_tempo_aleatorio/180-600s_20percent,15,2,28,27,1,0.9643,0,27
rl3,cenario2_tempo_aleatorio/180-600s_20percent,16,1,24,21,3,0.875,0,21
rl3,cenario2_tempo_aleatorio/180-600s_20percent,17,2,50,48,2,0.96,1,45
rl3,cenario2_tempo_aleatorio/180-600s_20percent,18,2,45,44,1,0.9778,1,42
rl3,cenario2_tempo_aleatorio/180-600s_20percent,19,2,34,34,0,1.0,1,32
rl3,cenario2_tempo_aleatorio/180-600s_20percent,20,2,13,12,1,0.9231,0,12
rl3,cenario2_tempo_aleatorio/180-600s_20percent,21,1,7,7,0,1.0,0,7
rl3,cenario2_tempo_aleatorio/180-600s_20percent,22,1,10,10,0,1.0,0,10
rl3,cenario2_tempo_aleatorio/180-600s_20percent,23,2,35,30,5,0.8571,0,30
rl3,cenario2_tempo_aleatorio/180-600s_20percent,24,2,49,45,4,0.9184,0,45
rl3,cenario2_tempo_aleatorio/180-600s_20percent,25,1,17,16,1,0.9412,0,16
rl3,cenario2_tempo_aleatorio/180-600s_20percent,26,1,23,22,1,0.9565,0,22
rl3,cenario2_tempo_aleatorio/180-600s_20percent,27,1,24,24,0,1.0,1,22
rl3,cenario2_tempo_aleatorio/180-600s_20percent,28,1,9,8,1,0.8889,0,8
rl3,cenario2_tempo_aleatorio/180-600s_20percent,29,1,20,20,0,1.0,1,18
rl3,cenario2_tempo_aleatorio/180-600s_20percent,30,1,24,22,2,0.9167,0,22
rl3,cenario2_tempo_aleatorio/180-600s_20percent,31,2,40,40,0,1.0,1,38
rl3,cenario2_tempo_aleatorio/180-600s_20percent,32,2,50,47,3,0.94,0,47
rl3,cenario2_tempo_aleatorio/180-600s_20percent,33,1,19,18,1,0.9474,0,18
rl3,cenario2_tempo_aleatorio/180-600s_20percent,34,1,13,13,0,1.0,0,13
rl3,cenario2_tempo_aleatorio/180-600s_20percent,35,2,56,53,3,0.9464,0,53
rl3,cenario2_tempo_aleatorio/180-600s_30percent,1,1,22,21,1,0.9545,1,0
rl3,cenario2_tempo_aleatorio/180-600s_30percent,2,2,42,41,1,0.9762,1,24
rl3,cenario2_tempo_aleatorio/180-600s_30percent,3,2,38,36,2,0.9474,2,2
rl3,cenario2_tempo_aleatorio/180-600s_30percent,4,3,48,46,2,0.9583,2,27
rl3,cenario2_tempo_aleatorio/180-600s_30percent,5,2,44,40,4,0.9091,2,0
rl3,cenario2_tempo_aleatorio/180-600s_30percent,6,3,52,52,0,1.0,2,11
rl3,cenario2_tempo_aleatorio/180-600s_30percent,7,3,65,64,1,0.9846,3,3
rl3,cenario2_tempo_aleatorio/180-600s_30percent,8,1,22,20,2,0.9091,1,1
rl3,cenario2_tempo_aleatorio/180-600s_30percent,9,2,28,27,1,0.9643,2,6
rl3,cenario2_tempo_aleatorio/180-600s_30percent,10,2,42,40,2,0.9524,2,1
rl3,cenario2_tempo_aleatorio/180-600s_30percent,11,3,54,53,1,0.9815,2,1
rl3,cenario2_tempo_aleatorio/180-600s_30percent,12,2,48,47,1,0.9792,2,22
rl3,cenario2_tempo_aleatorio/180-600s_30percent,13,2,61,58,3,0.9508,2,3
rl3,cenario2_tempo_aleatorio/180-600s_30percent,14,1,19,19,0,1.0,1,2
rl3,cenario2_tempo_aleatorio/180-600s_30percent,15,3,66,63,3,0.9545,2,12
rl3,cenario2_tempo_aleatorio/180-600s_30percent,16,3,72,70,2,0.9722,3,1
rl3,cenario2_tempo_aleatorio/180-600s_30percent,17,2,76,74,2,0.9737,2,2
rl3,cenario2_tempo_aleatorio/180-600s_30percent,18,1,20,20,0,1.0,1,2
rl3,cenario2_tempo_aleatorio/180-600s_30percent,19,2,39,39,0,1.0,1,18
rl3,cenario2_tempo_aleatorio/180-600s_30percent,20,2,36,34,2,0.9444,2,1
rl3,cenario2_tempo_aleatorio/180-600s_30percent,21,3,50,48,2,0.96,2,7
rl3,cenario2_tempo_aleatorio/180-600s_30percent,22,3,38,36,2,0.9474,1,11
rl3,cenario2_tempo_aleatorio/180-600s_30percent,23,2,40,39,1,0.975,2,2
rl3,cenario2_tempo_aleatorio/180-600s_30percent,24,3,58,56,2,0.9655,2,8
rl3,cenario2_tempo_aleatorio/180-600s_30percent,25,3,62,60,2,0.9677,3,3
rl3,cenario2_tempo_aleatorio/180-600s_30percent,26,3,29,28,1,0.9655,3,7
rl3,cenario2_tempo_aleatorio/180-600s_30percent,27,2,44,42,2,0.9545,2,0
rl3,cenario2_tempo_aleatorio/180-600s_30percent,28,3,38,38,0,1.0,2,4
rl3,cenario2_tempo_aleatorio/180-600s_30percent,29,3,62,59,3,0.9516,3,4
rl3,cenario2_tempo_aleatorio/180-600s_30percent,30,2,37,36,1,0.973,2,1
rl3,cenario2_tempo_aleatorio/180-600s_30percent,31,3,49,47,2,0.9592,1,32
rl3,cenario2_tempo_aleatorio/180-600s_30percent,32,2,42,40,2,0.9524,1,10
rl3,cenario2_tempo_aleatorio/180-600s_30percent,33,2,20,18,2,0.9,2,0
rl3,cenario2_tempo_aleatorio/180-600s_30percent,34,3,42,41,1,0.9762,2,27
rl3,cenario2_tempo_aleatorio/180-600s_30percent,35,2,65,63,2,0.9692,2,1
rl3,cenario3_tudo_aleatorio/180-600s_10-30percent,1,2,37,35,2,0.9459,2,30
rl3,cenario3_tudo_aleatorio/180-600s_10-30percent,2,1,33,32,1,0.9697,1,29
rl3,cenario3_tudo_aleatorio/180-600s_10-30percent,3,1,2,2,0,1.0,0,2
rl3,cenario3_tudo_aleatorio/180-600s_10-30percent,4,1,31,31,0,1.0,0,31
rl3,cenario3_tudo_aleatorio/180-600s_10-30percent,5,2,32,31,1,0.9688,1,29
rl3,cenario3_tudo_aleatorio/180-600s_10-30percent,6,1,10,10,0,1.0,0,10
rl3,cenario3_tudo_aleatorio/180-600s_10-30percent,7,2,14,13,1,0.9286,0,13
rl3,cenario3_tudo_aleatorio/180-600s_10-30percent,8,2,45,43,2,0.9556,1,40
rl3,cenario3_tudo_aleatorio/180-600s_10-30percent,9,2,33,32,1,0.9697,0,32
rl3,cenario3_tudo_aleatorio/180-600s_10-30percent,10,2,42,40,2,0.9524,1,36
rl3,cenario3_tudo_aleatorio/180-600s_10-30percent,11,1,3,3,0,1.0,0,3
rl3,cenario3_tudo_aleatorio/180-600s_10-30percent,12,1,25,23,2,0.92,0,23
rl3,cenario3_tudo_aleatorio/180-600s_10-30percent,13,1,6,5,1,0.8333,0,5
rl3,cenario3_tudo_aleatorio/180-600s_10-30percent,14,2,58,57,1,0.9828,1,54
rl3,cenario3_tudo_aleatorio/180-600s_10-30percent,15,1,12,12,0,1.0,0,12
rl3,cenario3_tudo_aleatorio/180-600s_10-30percent,16,1,20,20,0,1.0,0,20
rl3,cenario3_tudo_aleatorio/180-600s_10-30percent,17,1,23,21,2,0.913,0,21
rl3,cenario3_tudo_aleatorio/180-600s_10-30percent,18,2,39,38,1,0.9744,0,38
rl3,cenario3_tudo_aleatorio/180-600s_10-30percent,19,1,25,24,1,0.96,0,24
rl3,cenario3_tudo_aleatorio/180-600s_10-30percent,20,2,32,29,3,0.9062,1,27
rl3,cenario3_tudo_aleatorio/180-600s_10-30percent,21,1,29,28,1,0.9655,0,28
rl3,cenario3_tudo_aleatorio/180-600s_10-30percent,22,2,31,30,1,0.9677,1,28
rl3,cenario3_tudo_aleatorio/180-600s_10-30percent,23,3,68,64,4,0.9412,0,64
rl3,cenario3_tudo_aleatorio/180-600s_10-30percent,24,1,23,23,0,1.0,1,21
rl3,cenario3_tudo_aleatorio/180-600s_10-30percent,25,2,31,28,3,0.9032,0,28
rl3,cenario3_tudo_aleatorio/180-600s_10-30percent,26,2,45,43,2,0.9556,0,43
rl3,cenario3_tudo_aleatorio/180-600s_10-30percent,27,1,25,23,2,0.92,0,23
rl3,cenario3_tudo_aleatorio/180-600s_10-30percent,28,1,15,15,0,1.0,0,15
rl3,cenario3_tudo_aleatorio/180-600s_10-30percent,29,1,24,24,0,1.0,0,24
rl3,cenario3_tudo_aleatorio/180-600s_10-30percent,30,2,53,52,1,0.9811,1,50
rl3,cenario3_tudo_aleatorio/180-600s_10-30percent,31,2,38,37,1,0.9737,1,35
rl3,cenario3_tudo_aleatorio/180-600s_10-30percent,32,2,48,44,4,0.9167,0,44
rl3,cenario3_tudo_aleatorio/180-600s_10-30percent,33,1,24,23,1,0.9583,0,23
rl3,cenario3_tudo_aleatorio/180-600s_10-30percent,34,2,52,49,3,0.9423,0,49
rl3,cenario3_tudo_aleatorio/180-600s_10-30percent,35,3,32,30,2,0.9375,0,30
with-fail,cenario1_tempo_fixo/310s_10percent,1,2,13,0,0,0.0,0,0
with-fail,cenario1_tempo_fixo/310s_10percent,2,2,14,0,0,0.0,0,0
with-fail,cenario1_tempo_fixo/310s_10percent,3,2,23,0,0,0.0,0,0
with-fail,cenario1_tempo_fixo/310s_10percent,4,2,24,0,0,0.0,0,0
with-fail,cenario1_tempo_fixo/310s_10percent,5,2,23,0,0,0.0,0,0
with-fail,cenario1_tempo_fixo/310s_10percent,6,2,12,0,0,0.0,0,0
with-fail,cenario1_tempo_fixo/310s_10percent,7,2,6,0,0,0.0,0,0
with-fail,cenario1_tempo_fixo/310s_10percent,8,4,15,0,0,0.0,0,0
with-fail,cenario1_tempo_fixo/310s_10percent,9,4,54,0,0,0.0,0,0
with-fail,cenario1_tempo_fixo/310s_10percent,10,2,12,0,0,0.0,0,0
with-fail,cenario1_tempo_fixo/310s_10percent,11,2,13,0,0,0.0,0,0
with-fail,cenario1_tempo_fixo/310s_10percent,12,2,26,0,0,0.0,0,0
with-fail,cenario1_tempo_fixo/310s_10percent,13,2,8,0,0,0.0,0,0
with-fail,cenario1_tempo_fixo/310s_10percent,14,2,16,0,0,0.0,0,0
with-fail,cenario1_tempo_fixo/310s_10percent,15,2,23,0,0,0.0,0,0
with-fail,cenario1_tempo_fixo/310s_10percent,16,2,9,0,0,0.0,0,0
with-fail,cenario1_tempo_fixo/310s_10percent,17,4,39,0,0,0.0,0,0
with-fail,cenario1_tempo_fixo/310s_10percent,18,4,59,0,0,0.0,0,0
with-fail,cenario1_tempo_fixo/310s_10percent,19,2,21,0,0,0.0,0,0
with-fail,cenario1_tempo_fixo/310s_10percent,20,2,8,0,0,0.0,0,0
with-fail,cenario1_tempo_fixo/310s_10percent,21,2,18,0,0,0.0,0,0
with-fail,cenario1_tempo_fixo/310s_10percent,22,2,18,0,0,0.0,0,0
with-fail,cenario1_tempo_fixo/310s_10percent,23,2,23,0,0,0.0,0,0
with-fail,cenario1_tempo_fixo/310s_10percent,24,2,11,0,0,0.0,0,0
with-fail,cenario1_tempo_fixo/310s_10percent,25,2,12,0,0,0.0,0,0
with-fail,cenario1_tempo_fixo/310s_10percent,26,2,23,0,0,0.0,0,0
with-fail,cenario1_tempo_fixo/310s_10percent,27,2,27,0,0,0.0,0,0
with-fail,cenario1_tempo_fixo/310s_10percent,28,2,27,0,0,0.0,0,0
with-fail,cenario1_tempo_fixo/310s_10percent,29,2,24,0,0,0.0,0,0
with-fail,cenario1_tempo_fixo/310s_10percent,30,2,16,0,0,0.0,0,0
with-fail,cenario1_tempo_fixo/310s_10percent,31,2,22,0,0,0.0,0,0
with-fail,cenario1_tempo_fixo/310s_10percent,32,2,21,0,0,0.0,0,0
with-fail,cenario1_tempo_fixo/310s_10percent,33,2,12,0,0,0.0,0,0
with-fail,cenario1_tempo_fixo/310s_10percent,34,2,26,0,0,0.0,0,0
with-fail,cenario1_tempo_fixo/310s_10percent,35,2,33,0,0,0.0,0,0
with-fail,cenario1_tempo_fixo/310s_20percent,1,4,22,0,0,0.0,0,0
with-fail,cenario1_tempo_fixo/310s_20percent,2,4,31,0,0,0.0,0,0
with-fail,cenario1_tempo_fixo/310s_20percent,3,4,28,0,0,0.0,0,0
with-fail,cenario1_tempo_fixo/310s_20percent,4,4,36,0,0,0.0,0,0
with-fail,cenario1_tempo_fixo/310s_20percent,5,4,44,0,0,0.0,0,0
with-fail,cenario1_tempo_fixo/310s_20percent,6,4,44,0,0,0.0,0,0
with-fail,cenario1_tempo_fixo/310s_20percent,7,4,39,0,0,0.0,0,0
with-fail,cenario1_tempo_fixo/310s_20percent,8,4,43,0,0,0.0,0,0
with-fail,cenario1_tempo_fixo/310s_20percent,9,4,23,0,0,0.0,0,0
with-fail,cenario1_tempo_fixo/310s_20percent,10,6,64,0,0,0.0,0,0
with-fail,cenario1_tempo_fixo/310s_20percent,11,6,19,0,0,0.0,0,0
with-fail,cenario1_tempo_fixo/310s_20percent,12,6,63,0,0,0.0,0,0
with-fail,cenario1_tempo_fixo/310s_20percent,13,4,43,0,0,0.0,0,0
with-fail,cenario1_tempo_fixo/310s_20percent,14,4,48,0,0,0.0,0,0
with-fail,cenario1_tempo_fixo/310s_20percent,15,4,45,0,0,0.0,0,0
with-fail,cenario1_tempo_fixo/310s_20percent,16,4,36,0,0,0.0,0,0
with-fail,cenario1_tempo_fixo/310s_20percent,17,2,12,0,0,0.0,0,0
with-fail,cenario1_tempo_fixo/310s_20percent,18,4,19,0,0,0.0,0,0
with-fail,cenario1_tempo_fixo/310s_20percent,19,2,15,0,0,0.0,0,0
with-fail,cenario1_tempo_fixo/310s_20percent,20,6,37,0,0,0.0,0,0
with-fail,cenario1_tempo_fixo/310s_20percent,21,2,24,0,0,0.0,0,0
with-fail,cenario1_tempo_fixo/310s_20percent,22,4,30,0,0,0.0,0,0
with-fail,cenario1_tempo_fixo/310s_20percent,23,4,25,0,0,0.0,0,0
with-fail,cenario1_tempo_fixo/310s_20percent,24,4,31,0,0,0.0,0,0
with-fail,cenario1_tempo_fixo/310s_20percent,25,4,39,0,0,0.0,0,0
with-fail,cenario1_tempo_fixo/310s_20percent,26,4,29,0,0,0.0,0,0
with-fail,cenario1_tempo_fixo/310s_20percent,27,4,39,0,0,0.0,0,0
with-fail,cenario1_tempo_fixo/310s_20percent,28,4,39,0,0,0.0,0,0
with-fail,cenario1_tempo_fixo/310s_20percent,29,2,28,0,0,0.0,0,0
with-fail,cenario1_tempo_fixo/310s_20percent,30,4,43,0,0,0.0,0,0
with-fail,cenario1_tempo_fixo/310s_20percent,31,4,22,0,0,0.0,0,0
with-fail,cenario1_tempo_fixo/310s_20percent,32,4,20,0,0,0.0,0,0
with-fail,cenario1_tempo_fixo/310s_20percent,33,8,68,0,0,0.0,0,0
with-fail,cenario1_tempo_fixo/310s_20percent,34,4,46,0,0,0.0,0,0
with-fail,cenario1_tempo_fixo/310s_20percent,35,2,17,0,0,0.0,0,0
with-fail,cenario1_tempo_fixo/310s_30percent,1,4,29,0,0,0.0,0,0
with-fail,cenario1_tempo_fixo/310s_30percent,2,4,43,0,0,0.0,0,0
with-fail,cenario1_tempo_fixo/310s_30percent,3,4,39,0,0,0.0,0,0
with-fail,cenario1_tempo_fixo/310s_30percent,4,6,65,0,0,0.0,0,0
with-fail,cenario1_tempo_fixo/310s_30percent,5,6,74,0,0,0.0,0,0
with-fail,cenario1_tempo_fixo/310s_30percent,6,6,52,0,0,0.0,0,0
with-fail,cenario1_tempo_fixo/310s_30percent,7,4,41,0,0,0.0,0,0
with-fail,cenario1_tempo_fixo/310s_30percent,8,4,36,0,0,0.0,0,0
with-fail,cenario1_tempo_fixo/310s_30percent,9,6,63,0,0,0.0,0,0
with-fail,cenario1_tempo_fixo/310s_30percent,10,4,49,0,0,0.0,0,0
with-fail,cenario1_tempo_fixo/310s_30percent,11,4,48,0,0,0.0,0,0
with-fail,cenario1_tempo_fixo/310s_30percent,12,6,62,0,0,0.0,0,0
with-fail,cenario1_tempo_fixo/310s_30percent,13,4,29,0,0,0.0,0,0
with-fail,cenario1_tempo_fixo/310s_30percent,14,6,67,0,0,0.0,0,0
with-fail,cenario1_tempo_fixo/310s_30percent,15,4,35,0,0,0.0,0,0
with-fail,cenario1_tempo_fixo/310s_30percent,16,4,36,0,0,0.0,0,0
with-fail,cenario1_tempo_fixo/310s_30percent,17,6,73,0,0,0.0,0,0
with-fail,cenario1_tempo_fixo/310s_30percent,18,6,63,0,0,0.0,0,0
with-fail,cenario1_tempo_fixo/310s_30percent,19,6,63,0,0,0.0,0,0
with-fail,cenario1_tempo_fixo/310s_30percent,20,6,58,0,0,0.0,0,0
with-fail,cenario1_tempo_fixo/310s_30percent,21,4,47,0,0,0.0,0,0
with-fail,cenario1_tempo_fixo/310s_30percent,22,6,48,0,0,0.0,0,0
with-fail,cenario1_tempo_fixo/310s_30percent,23,4,40,0,0,0.0,0,0
with-fail,cenario1_tempo_fixo/310s_30percent,24,8,102,0,0,0.0,0,0
with-fail,cenario1_tempo_fixo/310s_30percent,25,6,38,0,0,0.0,0,0
with-fail,cenario1_tempo_fixo/310s_30percent,26,4,43,0,0,0.0,0,0
with-fail,cenario1_tempo_fixo/310s_30percent,27,6,57,0,0,0.0,0,0
with-fail,cenario1_tempo_fixo/310s_30percent,28,4,33,0,0,0.0,0,0
with-fail,cenario1_tempo_fixo/310s_30percent,29,6,54,0,0,0.0,0,0
with-fail,cenario1_tempo_fixo/310s_30percent,30,6,66,0,0,0.0,0,0
with-fail,cenario1_tempo_fixo/310s_30percent,31,4,30,0,0,0.0,0,0
with-fail,cenario1_tempo_fixo/310s_30percent,32,6,52,0,0,0.0,0,0
with-fail,cenario1_tempo_fixo/310s_30percent,33,6,62,0,0,0.0,0,0
with-fail,cenario1_tempo_fixo/310s_30percent,34,6,37,0,0,0.0,0,0
with-fail,cenario1_tempo_fixo/310s_30percent,35,4,29,0,0,0.0,0,0
with-fail,cenario2_tempo_aleatorio/180-600s_10percent,1,1,0,0,0,0.0,0,0
with-fail,cenario2_tempo_aleatorio/180-600s_10percent,2,1,0,0,0,0.0,0,0
with-fail,cenario2_tempo_aleatorio/180-600s_10percent,3,1,0,0,0,0.0,0,0
with-fail,cenario2_tempo_aleatorio/180-600s_10percent,4,1,0,0,0,0.0,0,0
with-fail,cenario2_tempo_aleatorio/180-600s_10percent,5,1,0,0,0,0.0,0,0
with-fail,cenario2_tempo_aleatorio/180-600s_10percent,6,1,0,0,0,0.0,0,0
with-fail,cenario2_tempo_aleatorio/180-600s_10percent,7,1,0,0,0,0.0,0,0
with-fail,cenario2_tempo_aleatorio/180-600s_10percent,8,1,0,0,0,0.0,0,0
with-fail,cenario2_tempo_aleatorio/180-600s_10percent,9,1,0,0,0,0.0,0,0
with-fail,cenario2_tempo_aleatorio/180-600s_10percent,10,2,0,0,0,0.0,0,0
with-fail,cenario2_tempo_aleatorio/180-600s_10percent,11,1,0,0,0,0.0,0,0
with-fail,cenario2_tempo_aleatorio/180-600s_10percent,12,2,0,0,0,0.0,0,0
with-fail,cenario2_tempo_aleatorio/180-600s_10percent,13,1,0,0,0,0.0,0,0
with-fail,cenario2_tempo_aleatorio/180-600s_10percent,14,2,0,0,0,0.0,0,0
with-fail,cenario2_tempo_aleatorio/180-600s_10percent,15,1,0,0,0,0.0,0,0
with-fail,cenario2_tempo_aleatorio/180-600s_10percent,16,1,0,0,0,0.0,0,0
with-fail,cenario2_tempo_aleatorio/180-600s_10percent,17,1,0,0,0,0.0,0,0
with-fail,cenario2_tempo_aleatorio/180-600s_10percent,18,1,0,0,0,0.0,0,0
with-fail,cenario2_tempo_aleatorio/180-600s_10percent,19,1,0,0,0,0.0,0,0
with-fail,cenario2_tempo_aleatorio/180-600s_10percent,20,2,0,0,0,0.0,0,0
with-fail,cenario2_tempo_aleatorio/180-600s_10percent,21,1,0,0,0,0.0,0,0
with-fail,cenario2_tempo_aleatorio/180-600s_10percent,22,1,0,0,0,0.0,0,0
with-fail,cenario2_tempo_aleatorio/180-600s_10percent,23,1,0,0,0,0.0,0,0
with-fail,cenario2_tempo_aleatorio/180-600s_10percent,24,1,0,0,0,0.0,0,0
with-fail,cenario2_tempo_aleatorio/180-600s_10percent,25,2,0,0,0,0.0,0,0
with-fail,cenario2_tempo_aleatorio/180-600s_10percent,26,1,0,0,0,0.0,0,0
with-fail,cenario2_tempo_aleatorio/180-600s_10percent,27,2,0,0,0,0.0,0,0
with-fail,cenario2_tempo_aleatorio/180-600s_10percent,28,1,0,0,0,0.0,0,0
with-fail,cenario2_tempo_aleatorio/180-600s_10percent,29,1,0,0,0,0.0,0,0
with-fail,cenario2_tempo_aleatorio/180-600s_10percent,30,1,0,0,0,0.0,0,0
with-fail,cenario2_tempo_aleatorio/180-600s_10percent,31,1,0,0,0,0.0,0,0
with-fail,cenario2_tempo_aleatorio/180-600s_10percent,32,2,0,0,0,0.0,0,0
with-fail,cenario2_tempo_aleatorio/180-600s_10percent,33,1,0,0,0,0.0,0,0
with-fail,cenario2_tempo_aleatorio/180-600s_10percent,34,1,0,0,0,0.0,0,0
with-fail,cenario2_tempo_aleatorio/180-600s_10percent,35,1,0,0,0,0.0,0,0
with-fail,cenario2_tempo_aleatorio/180-600s_20percent,1,2,0,0,0,0.0,0,0
with-fail,cenario2_tempo_aleatorio/180-600s_20percent,2,1,0,0,0,0.0,0,0
with-fail,cenario2_tempo_aleatorio/180-600s_20percent,3,2,0,0,0,0.0,0,0
with-fail,cenario2_tempo_aleatorio/180-600s_20percent,4,2,0,0,0,0.0,0,0
with-fail,cenario2_tempo_aleatorio/180-600s_20percent,5,2,0,0,0,0.0,0,0
with-fail,cenario2_tempo_aleatorio/180-600s_20percent,6,1,0,0,0,0.0,0,0
with-fail,cenario2_tempo_aleatorio/180-600s_20percent,7,1,0,0,0,0.0,0,0
with-fail,cenario2_tempo_aleatorio/180-600s_20percent,8,1,0,0,0,0.0,0,0
with-fail,cenario2_tempo_aleatorio/180-600s_20percent,9,3,0,0,0,0.0,0,0
with-fail,cenario2_tempo_aleatorio/180-600s_20percent,10,2,0,0,0,0.0,0,0
with-fail,cenario2_tempo_aleatorio/180-600s_20percent,11,2,0,0,0,0.0,0,0
with-fail,cenario2_tempo_aleatorio/180-600s_20percent,12,2,0,0,0,0.0,0,0
with-fail,cenario2_tempo_aleatorio/180-600s_20percent,13,3,0,0,0,0.0,0,0
with-fail,cenario2_tempo_aleatorio/180-600s_20percent,14,2,0,0,0,0.0,0,0
with-fail,cenario2_tempo_aleatorio/180-600s_20percent,15,1,0,0,0,0.0,0,0
with-fail,cenario2_tempo_aleatorio/180-600s_20percent,16,1,0,0,0,0.0,0,0
with-fail,cenario2_tempo_aleatorio/180-600s_20percent,17,2,0,0,0,0.0,0,0
with-fail,cenario2_tempo_aleatorio/180-600s_20percent,18,2,0,0,0,0.0,0,0
with-fail,cenario2_tempo_aleatorio/180-600s_20percent,19,2,0,0,0,0.0,0,0
with-fail,cenario2_tempo_aleatorio/180-600s_20percent,20,1,0,0,0,0.0,0,0
with-fail,cenario2_tempo_aleatorio/180-600s_20percent,21,2,0,0,0,0.0,0,0
with-fail,cenario2_tempo_aleatorio/180-600s_20percent,22,3,0,0,0,0.0,0,0
with-fail,cenario2_tempo_aleatorio/180-600s_20percent,23,2,0,0,0,0.0,0,0
with-fail,cenario2_tempo_aleatorio/180-600s_20percent,24,3,0,0,0,0.0,0,0
with-fail,cenario2_tempo_aleatorio/180-600s_20percent,25,1,0,0,0,0.0,0,0
with-fail,cenario2_tempo_aleatorio/180-600s_20percent,26,1,0,0,0,0.0,0,0
with-fail,cenario2_tempo_aleatorio/180-600s_20percent,27,1,0,0,0,0.0,0,0
with-fail,cenario2_tempo_aleatorio/180-600s_20percent,28,2,0,0,0,0.0,0,0
with-fail,cenario2_tempo_aleatorio/180-600s_20percent,29,3,0,0,0,0.0,0,0
with-fail,cenario2_tempo_aleatorio/180-600s_20percent,30,2,0,0,0,0.0,0,0
with-fail,cenario2_tempo_aleatorio/180-600s_20percent,31,2,0,0,0,0.0,0,0
with-fail,cenario2_tempo_aleatorio/180-600s_20percent,32,2,0,0,0,0.0,0,0
with-fail,cenario2_tempo_aleatorio/180-600s_20percent,33,3,0,0,0,0.0,0,0
with-fail,cenario2_tempo_aleatorio/180-600s_20percent,34,2,0,0,0,0.0,0,0
with-fail,cenario2_tempo_aleatorio/180-600s_20percent,35,2,0,0,0,0.0,0,0
with-fail,cenario2_tempo_aleatorio/180-600s_30percent,1,3,0,0,0,0.0,0,0
with-fail,cenario2_tempo_aleatorio/180-600s_30percent,2,1,0,0,0,0.0,0,0
with-fail,cenario2_tempo_aleatorio/180-600s_30percent,3,2,0,0,0,0.0,0,0
with-fail,cenario2_tempo_aleatorio/180-600s_30percent,4,3,0,0,0,0.0,0,0
with-fail,cenario2_tempo_aleatorio/180-600s_30percent,5,2,0,0,0,0.0,0,0
with-fail,cenario2_tempo_aleatorio/180-600s_30percent,6,4,0,0,0,0.0,0,0
with-fail,cenario2_tempo_aleatorio/180-600s_30percent,7,3,0,0,0,0.0,0,0
with-fail,cenario2_tempo_aleatorio/180-600s_30percent,8,3,0,0,0,0.0,0,0
with-fail,cenario2_tempo_aleatorio/180-600s_30percent,9,4,0,0,0,0.0,0,0
with-fail,cenario2_tempo_aleatorio/180-600s_30percent,10,3,0,0,0,0.0,0,0
with-fail,cenario2_tempo_aleatorio/180-600s_30percent,11,4,0,0,0,0.0,0,0
with-fail,cenario2_tempo_aleatorio/180-600s_30percent,12,4,0,0,0,0.0,0,0
with-fail,cenario2_tempo_aleatorio/180-600s_30percent,13,4,0,0,0,0.0,0,0
with-fail,cenario2_tempo_aleatorio/180-600s_30percent,14,3,0,0,0,0.0,0,0
with-fail,cenario2_tempo_aleatorio/180-600s_30percent,15,3,0,0,0,0.0,0,0
with-fail,cenario2_tempo_aleatorio/180-600s_30percent,16,2,0,0,0,0.0,0,0
with-fail,cenario2_tempo_aleatorio/180-600s_30percent,17,2,0,0,0,0.0,0,0
with-fail,cenario2_tempo_aleatorio/180-600s_30percent,18,3,0,0,0,0.0,0,0
with-fail,cenario2_tempo_aleatorio/180-600s_30percent,19,3,0,0,0,0.0,0,0
with-fail,cenario2_tempo_aleatorio/180-600s_30percent,20,3,0,0,0,0.0,0,0
with-fail,cenario2_tempo_aleatorio/180-600s_30percent,21,2,0,0,0,0.0,0,0
with-fail,cenario2_tempo_aleatorio/180-600s_30percent,22,1,0,0,0,0.0,0,0
with-fail,cenario2_tempo_aleatorio/180-600s_30percent,23,3,0,0,0,0.0,0,0
with-fail,cenario2_tempo_aleatorio/180-600s_30percent,24,2,0,0,0,0.0,0,0
with-fail,cenario2_tempo_aleatorio/180-600s_30percent,25,3,0,0,0,0.0,0,0
with-fail,cenario2_tempo_aleatorio/180-600s_30percent,26,2,0,0,0,0.0,0,0
with-fail,cenario2_tempo_aleatorio/180-600s_30percent,27,1,0,0,0,0.0,0,0
with-fail,cenario2_tempo_aleatorio/180-600s_30percent,28,3,0,0,0,0.0,0,0
with-fail,cenario2_tempo_aleatorio/180-600s_30percent,29,2,0,0,0,0.0,0,0
with-fail,cenario2_tempo_aleatorio/180-600s_30percent,30,4,0,0,0,0.0,0,0
with-fail,cenario2_tempo_aleatorio/180-600s_30percent,31,5,0,0,0,0.0,0,0
with-fail,cenario2_tempo_aleatorio/180-600s_30percent,32,2,0,0,0,0.0,0,0
with-fail,cenario2_tempo_aleatorio/180-600s_30percent,33,2,0,0,0,0.0,0,0
with-fail,cenario2_tempo_aleatorio/180-600s_30percent,34,5,0,0,0,0.0,0,0
with-fail,cenario2_tempo_aleatorio/180-600s_30percent,35,3,0,0,0,0.0,0,0
with-fail,cenario3_tudo_aleatorio/180-600s_10-30percent,1,2,0,0,0,0.0,0,0
with-fail,cenario3_tudo_aleatorio/180-600s_10-30percent,2,2,0,0,0,0.0,0,0
with-fail,cenario3_tudo_aleatorio/180-600s_10-30percent,3,0,0,0,0,0.0,0,0
with-fail,cenario3_tudo_aleatorio/180-600s_10-30percent,4,3,0,0,0,0.0,0,0
with-fail,cenario3_tudo_aleatorio/180-600s_10-30percent,5,2,0,0,0,0.0,0,0
with-fail,cenario3_tudo_aleatorio/180-600s_10-30percent,6,2,0,0,0,0.0,0,0
with-fail,cenario3_tudo_aleatorio/180-600s_10-30percent,7,2,0,0,0,0.0,0,0
with-fail,cenario3_tudo_aleatorio/180-600s_10-30percent,8,2,0,0,0,0.0,0,0
with-fail,cenario3_tudo_aleatorio/180-600s_10-30percent,9,1,0,0,0,0.0,0,0
with-fail,cenario3_tudo_aleatorio/180-600s_10-30percent,10,3,0,0,0,0.0,0,0
with-fail,cenario3_tudo_aleatorio/180-600s_10-30percent,11,2,0,0,0,0.0,0,0
with-fail,cenario3_tudo_aleatorio/180-600s_10-30percent,12,2,0,0,0,0.0,0,0
with-fail,cenario3_tudo_aleatorio/180-600s_10-30percent,13,2,0,0,0,0.0,0,0
with-fail,cenario3_tudo_aleatorio/180-600s_10-30percent,14,2,0,0,0,0.0,0,0
with-fail,cenario3_tudo_aleatorio/180-600s_10-30percent,15,2,0,0,0,0.0,0,0
with-fail,cenario3_tudo_aleatorio/180-600s_10-30percent,16,1,0,0,0,0.0,0,0
with-fail,cenario3_tudo_aleatorio/180-600s_10-30percent,17,1,0,0,0,0.0,0,0
with-fail,cenario3_tudo_aleatorio/180-600s_10-30percent,18,3,0,0,0,0.0,0,0
with-fail,cenario3_tudo_aleatorio/180-600s_10-30percent,19,1,0,0,0,0.0,0,0
with-fail,cenario3_tudo_aleatorio/180-600s_10-30percent,20,1,0,0,0,0.0,0,0
with-fail,cenario3_tudo_aleatorio/180-600s_10-30percent,21,0,0,0,0,0.0,0,0
with-fail,cenario3_tudo_aleatorio/180-600s_10-30percent,22,2,0,0,0,0.0,0,0
with-fail,cenario3_tudo_aleatorio/180-600s_10-30percent,23,3,0,0,0,0.0,0,0
with-fail,cenario3_tudo_aleatorio/180-600s_10-30percent,24,3,0,0,0,0.0,0,0
with-fail,cenario3_tudo_aleatorio/180-600s_10-30percent,25,3,0,0,0,0.0,0,0
with-fail,cenario3_tudo_aleatorio/180-600s_10-30percent,26,3,0,0,0,0.0,0,0
with-fail,cenario3_tudo_aleatorio/180-600s_10-30percent,27,2,0,0,0,0.0,0,0
with-fail,cenario3_tudo_aleatorio/180-600s_10-30percent,28,2,0,0,0,0.0,0,0
with-fail,cenario3_tudo_aleatorio/180-600s_10-30percent,29,1,0,0,0,0.0,0,0
with-fail,cenario3_tudo_aleatorio/180-600s_10-30percent,30,2,0,0,0,0.0,0,0
with-fail,cenario3_tudo_aleatorio/180-600s_10-30percent,31,0,0,0,0,0.0,0,0
with-fail,cenario3_tudo_aleatorio/180-600s_10-30percent,32,3,0,0,0,0.0,0,0
with-fail,cenario3_tudo_aleatorio/180-600s_10-30percent,33,1,0,0,0,0.0,0,0
with-fail,cenario3_tudo_aleatorio/180-600s_10-30percent,34,3,0,0,0,0.0,0,0
with-fail,cenario3_tudo_aleatorio/180-600s_10-30percent,35,0,0,0,0,0.0,0,0
