approach,scenario,run,failure_time,orphan_total,successful_realloc,failed_realloc,tasks_quorum_ok,tasks_quorum_fail,connectivity_index
rl1,cenario1_tempo_fixo/310s_10percent,1,320.0,17,13,4,11,2,0.7647
rl1,cenario1_tempo_fixo/310s_10percent,2,320.0,21,21,0,11,3,1.0
rl1,cenario1_tempo_fixo/310s_10percent,3,320.0,22,21,1,11,1,0.9545
rl1,cenario1_tempo_fixo/310s_10percent,4,320.0,36,35,1,8,18,0.9722
rl1,cenario1_tempo_fixo/310s_10percent,5,320.0,8,8,0,8,20,1.0
rl1,cenario1_tempo_fixo/310s_10percent,6,320.0,20,20,0,11,0,1.0
rl1,cenario1_tempo_fixo/310s_10percent,7,320.0,11,11,0,8,18,1.0
rl1,cenario1_tempo_fixo/310s_10percent,8,320.0,21,20,1,11,3,0.9524
rl1,cenario1_tempo_fixo/310s_10percent,9,320.0,32,29,3,10,5,0.9062
rl1,cenario1_tempo_fixo/310s_10percent,10,320.0,12,11,1,10,6,0.9167
rl1,cenario1_tempo_fixo/310s_10percent,11,320.0,23,22,1,8,18,0.9565
rl1,cenario1_tempo_fixo/310s_10percent,12,320.0,24,23,1,11,1,0.9583
rl1,cenario1_tempo_fixo/310s_10percent,13,320.0,22,20,2,10,9,0.9091
rl1,cenario1_tempo_fixo/310s_10percent,14,320.0,19,19,0,6,30,1.0
rl1,cenario1_tempo_fixo/310s_10percent,15,320.0,8,8,0,10,5,1.0
rl1,cenario1_tempo_fixo/310s_10percent,16,320.0,18,18,0,9,11,1.0
rl1,cenario1_tempo_fixo/310s_10percent,17,320.0,16,16,0,9,11,1.0
rl1,cenario1_tempo_fixo/310s_10percent,18,320.0,10,9,1,9,11,0.9
rl1,cenario1_tempo_fixo/310s_10percent,19,320.0,5,5,0,10,5,1.0
rl1,cenario1_tempo_fixo/310s_10percent,20,320.0,28,24,4,11,0,0.8571
rl1,cenario1_tempo_fixo/310s_10percent,21,320.0,30,29,1,11,1,0.9667
rl1,cenario1_tempo_fixo/310s_10percent,22,320.0,24,23,1,9,11,0.9583
rl1,cenario1_tempo_fixo/310s_10percent,23,320.0,12,11,1,11,1,0.9167
rl1,cenario1_tempo_fixo/310s_10percent,24,320.0,30,26,4,8,18,0.8667
rl1,cenario1_tempo_fixo/310s_10percent,25,320.0,37,31,6,11,1,0.8378
rl1,cenario1_tempo_fixo/310s_10percent,26,320.0,9,8,1,8,18,0.8889
rl1,cenario1_tempo_fixo/310s_10percent,27,320.0,15,15,0,11,1,1.0
rl1,cenario1_tempo_fixo/310s_10percent,28,320.0,24,23,1,10,5,0.9583
rl1,cenario1_tempo_fixo/310s_10percent,29,320.0,25,25,0,10,5,1.0
rl1,cenario1_tempo_fixo/310s_10percent,30,320.0,27,27,0,10,5,1.0
rl1,cenario1_tempo_fixo/310s_10percent,31,320.0,18,16,2,10,5,0.8889
rl1,cenario1_tempo_fixo/310s_10percent,32,320.0,20,19,1,10,5,0.95
rl1,cenario1_tempo_fixo/310s_10percent,33,320.0,7,6,1,11,1,0.8571
rl1,cenario1_tempo_fixo/310s_10percent,34,320.0,31,29,2,11,0,0.9355
rl1,cenario1_tempo_fixo/310s_10percent,35,320.0,25,24,1,11,1,0.96
rl1,cenario1_tempo_fixo/310s_20percent,1,320.0,27,24,3,11,1,0.8889
rl1,cenario1_tempo_fixo/310s_20percent,2,320.0,17,17,0,11,0,1.0
rl1,cenario1_tempo_fixo/310s_20percent,3,320.0,15,14,1,10,5,0.9333
rl1,cenario1_tempo_fixo/310s_20percent,4,320.0,32,31,1,11,0,0.9688
rl1,cenario1_tempo_fixo/310s_20percent,5,320.0,22,21,1,11,0,0.9545
rl1,cenario1_tempo_fixo/310s_20percent,6,320.0,24,23,1,11,1,0.9583
rl1,cenario1_tempo_fixo/310s_20percent,7,320.0,27,24,3,11,1,0.8889
rl1,cenario1_tempo_fixo/310s_20percent,8,320.0,17,16,1,11,1,0.9412
rl1,cenario1_tempo_fixo/310s_20percent,9,320.0,51,48,3,9,11,0.9412
rl1,cenario1_tempo_fixo/310s_20percent,10,320.0,17,17,0,11,1,1.0
rl1,cenario1_tempo_fixo/310s_20percent,11,320.0,23,21,2,8,18,0.913
rl1,cenario1_tempo_fixo/310s_20percent,12,320.0,30,29,1,11,0,0.9667
rl1,cenario1_tempo_fixo/310s_20percent,13,320.0,35,33,2,11,1,0.9429
rl1,cenario1_tempo_fixo/310s_20percent,14,320.0,35,33,2,11,3,0.9429
rl1,cenario1_tempo_fixo/310s_20percent,15,320.0,17,16,1,8,18,0.9412
rl1,cenario1_tempo_fixo/310s_20percent,16,320.0,43,42,1,11,1,0.9767
rl1,cenario1_tempo_fixo/310s_20percent,17,320.0,22,20,2,8,18,0.9091
rl1,cenario1_tempo_fixo/310s_20percent,18,320.0,35,34,1,8,18,0.9714
rl1,cenario1_tempo_fixo/310s_20percent,19,320.0,32,30,2,11,1,0.9375
rl1,cenario1_tempo_fixo/310s_20percent,20,320.0,8,7,1,10,5,0.875
rl1,cenario1_tempo_fixo/310s_20percent,21,320.0,42,42,0,9,11,1.0
rl1,cenario1_tempo_fixo/310s_20percent,22,320.0,27,26,1,7,24,0.963
rl1,cenario1_tempo_fixo/310s_20percent,23,320.0,42,42,0,11,0,1.0
rl1,cenario1_tempo_fixo/310s_20percent,24,320.0,29,27,2,8,21,0.931
rl1,cenario1_tempo_fixo/310s_20percent,25,320.0,40,37,3,11,3,0.925
rl1,cenario1_tempo_fixo/310s_20percent,26,320.0,28,28,0,8,18,1.0
rl1,cenario1_tempo_fixo/310s_20percent,27,320.0,30,28,2,11,1,0.9333
rl1,cenario1_tempo_fixo/310s_20percent,28,320.0,12,12,0,9,11,1.0
rl1,cenario1_tempo_fixo/310s_20percent,29,320.0,23,23,0,11,1,1.0
rl1,cenario1_tempo_fixo/310s_20percent,30,320.0,7,7,0,11,0,1.0
rl1,cenario1_tempo_fixo/310s_20percent,31,320.0,32,29,3,11,0,0.9062
rl1,cenario1_tempo_fixo/310s_20percent,32,320.0,9,9,0,11,0,1.0
rl1,cenario1_tempo_fixo/310s_20percent,33,320.0,25,25,0,11,1,1.0
rl1,cenario1_tempo_fixo/310s_20percent,34,320.0,27,26,1,11,1,0.963
rl1,cenario1_tempo_fixo/310s_20percent,35,320.0,21,19,2,10,5,0.9048
rl1,cenario1_tempo_fixo/310s_30percent,1,320.0,84,82,2,7,24,0.9762
rl1,cenario1_tempo_fixo/310s_30percent,2,320.0,65,61,4,8,18,0.9385
rl1,cenario1_tempo_fixo/310s_30percent,3,320.0,61,60,1,8,18,0.9836
rl1,cenario1_tempo_fixo/310s_30percent,4,320.0,51,50,1,9,11,0.9804
rl1,cenario1_tempo_fixo/310s_30percent,5,320.0,45,43,2,8,18,0.9556
rl1,cenario1_tempo_fixo/310s_30percent,6,320.0,32,30,2,11,1,0.9375
rl1,cenario1_tempo_fixo/310s_30percent,7,320.0,36,35,1,10,6,0.9722
rl1,cenario1_tempo_fixo/310s_30percent,8,320.0,27,25,2,8,18,0.9259
rl1,cenario1_tempo_fixo/310s_30percent,9,320.0,42,37,5,11,0,0.881
rl1,cenario1_tempo_fixo/310s_30percent,10,320.0,31,30,1,11,0,0.9677
rl1,cenario1_tempo_fixo/310s_30percent,11,320.0,48,43,5,10,5,0.8958
rl1,cenario1_tempo_fixo/310s_30percent,12,320.0,21,16,5,11,1,0.7619
rl1,cenario1_tempo_fixo/310s_30percent,13,320.0,68,67,1,7,24,0.9853
rl1,cenario1_tempo_fixo/310s_30percent,14,320.0,28,26,2,11,0,0.9286
rl1,cenario1_tempo_fixo/310s_30percent,15,320.0,47,45,2,10,9,0.9574
rl1,cenario1_tempo_fixo/310s_30percent,16,320.0,39,37,2,9,16,0.9487
rl1,cenario1_tempo_fixo/310s_30percent,17,320.0,58,58,0,7,24,1.0
rl1,cenario1_tempo_fixo/310s_30percent,18,320.0,56,54,2,9,11,0.9643
rl1,cenario1_tempo_fixo/310s_30percent,19,320.0,49,47,2,8,18,0.9592
rl1,cenario1_tempo_fixo/310s_30percent,20,320.0,43,42,1,7,24,0.9767
rl1,cenario1_tempo_fixo/310s_30percent,21,320.0,30,30,0,10,9,1.0
rl1,cenario1_tempo_fixo/310s_30percent,22,320.0,27,26,1,11,0,0.963
rl1,cenario1_tempo_fixo/310s_30percent,23,320.0,29,28,1,11,0,0.9655
rl1,cenario1_tempo_fixo/310s_30percent,24,320.0,63,60,3,8,18,0.9524
rl1,cenario1_tempo_fixo/310s_30percent,25,320.0,29,28,1,10,5,0.9655
rl1,cenario1_tempo_fixo/310s_30percent,26,320.0,34,30,4,10,5,0.8824
rl1,cenario1_tempo_fixo/310s_30percent,27,320.0,32,31,1,10,5,0.9688
rl1,cenario1_tempo_fixo/310s_30percent,28,320.0,56,54,2,5,37,0.9643
rl1,cenario1_tempo_fixo/310s_30percent,29,320.0,49,45,4,7,24,0.9184
rl1,cenario1_tempo_fixo/310s_30percent,30,320.0,74,64,10,11,1,0.8649
rl1,cenario1_tempo_fixo/310s_30percent,31,320.0,20,20,0,11,0,1.0
rl1,cenario1_tempo_fixo/310s_30percent,32,320.0,41,37,4,10,5,0.9024
rl1,cenario1_tempo_fixo/310s_30percent,33,320.0,43,42,1,10,5,0.9767
rl1,cenario1_tempo_fixo/310s_30percent,34,320.0,49,48,1,11,1,0.9796
rl1,cenario1_tempo_fixo/310s_30percent,35,320.0,30,29,1,4,43,0.9667
rl1,cenario2_tempo_aleatorio/180-600s_10percent,1,513.0,12,11,1,11,0,0.9167
rl1,cenario2_tempo_aleatorio/180-600s_10percent,2,444.0,18,18,0,10,5,1.0
rl1,cenario2_tempo_aleatorio/180-600s_10percent,3,472.0,26,25,1,11,3,0.9615
rl1,cenario2_tempo_aleatorio/180-600s_10percent,4,365.0,8,7,1,8,18,0.875
rl1,cenario2_tempo_aleatorio/180-600s_10percent,5,313.0,12,12,0,11,2,1.0
rl1,cenario2_tempo_aleatorio/180-600s_10percent,6,303.0,27,24,3,11,3,0.8889
rl1,cenario2_tempo_aleatorio/180-600s_10percent,7,460.0,14,13,1,9,15,0.9286
rl1,cenario2_tempo_aleatorio/180-600s_10percent,8,389.0,28,25,3,10,5,0.8929
rl1,cenario2_tempo_aleatorio/180-600s_10percent,9,308.0,10,9,1,9,11,0.9
rl1,cenario2_tempo_aleatorio/180-600s_10percent,10,458.0,8,8,0,11,1,1.0
rl1,cenario2_tempo_aleatorio/180-600s_10percent,11,593.0,31,29,2,7,24,0.9355
rl1,cenario2_tempo_aleatorio/180-600s_10percent,12,368.0,15,15,0,11,3,1.0
rl1,cenario2_tempo_aleatorio/180-600s_10percent,13,194.0,9,9,0,11,0,1.0
rl1,cenario2_tempo_aleatorio/180-600s_10percent,14,231.0,31,29,2,10,5,0.9355
rl1,cenario2_tempo_aleatorio/180-600s_10percent,15,590.0,16,16,0,8,18,1.0
rl1,cenario2_tempo_aleatorio/180-600s_10percent,16,240.0,26,24,2,10,5,0.9231
rl1,cenario2_tempo_aleatorio/180-600s_10percent,17,509.0,17,17,0,11,2,1.0
rl1,cenario2_tempo_aleatorio/180-600s_10percent,18,360.0,22,20,2,11,0,0.9091
rl1,cenario2_tempo_aleatorio/180-600s_10percent,19,454.0,13,12,1,7,24,0.9231
rl1,cenario2_tempo_aleatorio/180-600s_10percent,20,427.0,30,28,2,11,0,0.9333
rl1,cenario2_tempo_aleatorio/180-600s_10percent,21,554.0,17,17,0,8,18,1.0
rl1,cenario2_tempo_aleatorio/180-600s_10percent,22,207.0,20,18,2,7,24,0.9
rl1,cenario2_tempo_aleatorio/180-600s_10percent,23,262.0,28,26,2,11,0,0.9286
rl1,cenario2_tempo_aleatorio/180-600s_10percent,24,511.0,8,7,1,11,2,0.875
rl1,cenario2_tempo_aleatorio/180-600s_10percent,25,599.0,29,26,3,11,1,0.8966
rl1,cenario2_tempo_aleatorio/180-600s_10percent,26,488.0,25,25,0,11,1,1.0
rl1,cenario2_tempo_aleatorio/180-600s_10percent,27,474.0,32,31,1,10,5,0.9688
rl1,cenario2_tempo_aleatorio/180-600s_10percent,28,606.0,20,20,0,10,5,1.0
rl1,cenario2_tempo_aleatorio/180-600s_10percent,29,479.0,34,34,0,11,0,1.0
rl1,cenario2_tempo_aleatorio/180-600s_10percent,30,378.0,11,10,1,11,1,0.9091
rl1,cenario2_tempo_aleatorio/180-600s_10percent,31,367.0,25,22,3,11,1,0.88
rl1,cenario2_tempo_aleatorio/180-600s_10percent,32,313.0,23,22,1,11,1,0.9565
rl1,cenario2_tempo_aleatorio/180-600s_10percent,33,536.0,12,11,1,8,18,0.9167
rl1,cenario2_tempo_aleatorio/180-600s_10percent,34,318.0,30,30,0,11,1,1.0
rl1,cenario2_tempo_aleatorio/180-600s_10percent,35,531.0,25,23,2,8,18,0.92
rl1,cenario2_tempo_aleatorio/180-600s_20percent,1,320.0,20,16,4,11,0,0.8
rl1,cenario2_tempo_aleatorio/180-600s_20percent,2,604.0,25,25,0,11,0,1.0
rl1,cenario2_tempo_aleatorio/180-600s_20percent,3,200.0,33,31,2,8,18,0.9394
rl1,cenario2_tempo_aleatorio/180-600s_20percent,4,533.0,37,37,0,11,1,1.0
rl1,cenario2_tempo_aleatorio/180-600s_20percent,5,283.0,22,20,2,10,7,0.9091
rl1,cenario2_tempo_aleatorio/180-600s_20percent,6,241.0,10,10,0,7,24,1.0
rl1,cenario2_tempo_aleatorio/180-600s_20percent,7,555.0,28,26,2,8,18,0.9286
rl1,cenario2_tempo_aleatorio/180-600s_20percent,8,424.0,31,29,2,8,18,0.9355
rl1,cenario2_tempo_aleatorio/180-600s_20percent,9,309.0,53,51,2,10,5,0.9623
rl1,cenario2_tempo_aleatorio/180-600s_20percent,10,211.0,31,29,2,8,18,0.9355
rl1,cenario2_tempo_aleatorio/180-600s_20percent,11,398.0,41,41,0,11,1,1.0
rl1,cenario2_tempo_aleatorio/180-600s_20percent,12,236.0,22,18,4,11,1,0.8182
rl1,cenario2_tempo_aleatorio/180-600s_20percent,13,328.0,10,9,1,9,15,0.9
rl1,cenario2_tempo_aleatorio/180-600s_20percent,14,256.0,28,28,0,11,3,1.0
rl1,cenario2_tempo_aleatorio/180-600s_20percent,15,560.0,30,28,2,10,5,0.9333
rl1,cenario2_tempo_aleatorio/180-600s_20percent,16,580.0,25,25,0,10,5,1.0
rl1,cenario2_tempo_aleatorio/180-600s_20percent,17,451.0,37,33,4,11,1,0.8919
rl1,cenario2_tempo_aleatorio/180-600s_20percent,18,518.0,44,41,3,11,1,0.9318
rl1,cenario2_tempo_aleatorio/180-600s_20percent,19,388.0,17,17,0,10,5,1.0
rl1,cenario2_tempo_aleatorio/180-600s_20percent,20,227.0,27,27,0,11,1,1.0
rl1,cenario2_tempo_aleatorio/180-600s_20percent,21,509.0,15,15,0,11,1,1.0
rl1,cenario2_tempo_aleatorio/180-600s_20percent,22,602.0,44,43,1,8,18,0.9773
rl1,cenario2_tempo_aleatorio/180-600s_20percent,23,214.0,14,14,0,8,18,1.0
rl1,cenario2_tempo_aleatorio/180-600s_20percent,24,221.0,20,20,0,11,1,1.0
rl1,cenario2_tempo_aleatorio/180-600s_20percent,25,494.0,29,29,0,11,1,1.0
rl1,cenario2_tempo_aleatorio/180-600s_20percent,26,440.0,8,7,1,9,11,0.875
rl1,cenario2_tempo_aleatorio/180-600s_20percent,27,252.0,7,6,1,10,5,0.8571
rl1,cenario2_tempo_aleatorio/180-600s_20percent,28,243.0,26,24,2,7,24,0.9231
rl1,cenario2_tempo_aleatorio/180-600s_20percent,29,504.0,27,24,3,10,5,0.8889
rl1,cenario2_tempo_aleatorio/180-600s_20percent,30,316.0,59,54,5,9,11,0.9153
rl1,cenario2_tempo_aleatorio/180-600s_20percent,31,370.0,51,47,4,10,5,0.9216
rl1,cenario2_tempo_aleatorio/180-600s_20percent,32,495.0,42,39,3,6,30,0.9286
rl1,cenario2_tempo_aleatorio/180-600s_20percent,33,402.0,43,42,1,8,18,0.9767
rl1,cenario2_tempo_aleatorio/180-600s_20percent,34,346.0,32,30,2,11,1,0.9375
rl1,cenario2_tempo_aleatorio/180-600s_20percent,35,199.0,13,13,0,11,0,1.0
rl1,cenario2_tempo_aleatorio/180-600s_30percent,1,294.0,49,48,1,10,5,0.9796
rl1,cenario2_tempo_aleatorio/180-600s_30percent,2,464.0,35,34,1,10,5,0.9714
rl1,cenario2_tempo_aleatorio/180-600s_30percent,3,467.0,33,32,1,9,11,0.9697
rl1,cenario2_tempo_aleatorio/180-600s_30percent,4,444.0,57,52,5,7,24,0.9123
rl1,cenario2_tempo_aleatorio/180-600s_30percent,5,417.0,61,59,2,11,0,0.9672
rl1,cenario2_tempo_aleatorio/180-600s_30percent,6,261.0,47,43,4,10,5,0.9149
rl1,cenario2_tempo_aleatorio/180-600s_30percent,7,563.0,50,49,1,11,0,0.98
rl1,cenario2_tempo_aleatorio/180-600s_30percent,8,420.0,33,32,1,7,24,0.9697
rl1,cenario2_tempo_aleatorio/180-600s_30percent,9,279.0,22,20,2,10,5,0.9091
rl1,cenario2_tempo_aleatorio/180-600s_30percent,10,540.0,31,30,1,11,3,0.9677
rl1,cenario2_tempo_aleatorio/180-600s_30percent,11,395.0,43,41,2,11,1,0.9535
rl1,cenario2_tempo_aleatorio/180-600s_30percent,12,522.0,50,50,0,8,19,1.0
rl1,cenario2_tempo_aleatorio/180-600s_30percent,13,341.0,12,10,2,9,11,0.8333
rl1,cenario2_tempo_aleatorio/180-600s_30percent,14,466.0,55,54,1,10,5,0.9818
rl1,cenario2_tempo_aleatorio/180-600s_30percent,15,247.0,26,25,1,9,11,0.9615
rl1,cenario2_tempo_aleatorio/180-600s_30percent,16,592.0,50,46,4,11,0,0.92
rl1,cenario2_tempo_aleatorio/180-600s_30percent,17,200.0,25,24,1,8,18,0.96
rl1,cenario2_tempo_aleatorio/180-600s_30percent,18,303.0,43,41,2,9,11,0.9535
rl1,cenario2_tempo_aleatorio/180-600s_30percent,19,359.0,44,42,2,7,24,0.9545
rl1,cenario2_tempo_aleatorio/180-600s_30percent,20,386.0,40,37,3,11,1,0.925
rl1,cenario2_tempo_aleatorio/180-600s_30percent,21,279.0,29,27,2,11,1,0.931
rl1,cenario2_tempo_aleatorio/180-600s_30percent,22,499.0,62,58,4,11,0,0.9355
rl1,cenario2_tempo_aleatorio/180-600s_30percent,23,551.0,67,62,5,10,5,0.9254
rl1,cenario2_tempo_aleatorio/180-600s_30percent,24,595.0,65,60,5,8,18,0.9231
rl1,cenario2_tempo_aleatorio/180-600s_30percent,25,476.0,72,65,7,10,5,0.9028
rl1,cenario2_tempo_aleatorio/180-600s_30percent,26,479.0,46,44,2,9,11,0.9565
rl1,cenario2_tempo_aleatorio/180-600s_30percent,27,594.0,56,53,3,11,0,0.9464
rl1,cenario2_tempo_aleatorio/180-600s_30percent,28,318.0,31,30,1,11,0,0.9677
rl1,cenario2_tempo_aleatorio/180-600s_30percent,29,335.0,19,15,4,11,2,0.7895
rl1,cenario2_tempo_aleatorio/180-600s_30percent,30,526.0,32,32,0,11,0,1.0
rl1,cenario2_tempo_aleatorio/180-600s_30percent,31,402.0,60,58,2,8,18,0.9667
rl1,cenario2_tempo_aleatorio/180-600s_30percent,32,460.0,32,28,4,11,0,0.875
rl1,cenario2_tempo_aleatorio/180-600s_30percent,33,345.0,18,17,1,11,0,0.9444
rl1,cenario2_tempo_aleatorio/180-600s_30percent,34,203.0,18,16,2,9,11,0.8889
rl1,cenario2_tempo_aleatorio/180-600s_30percent,35,594.0,71,66,5,7,24,0.9296
rl1,cenario3_tudo_aleatorio/180-600s_10-30percent,1,352.0,13,13,0,8,18,1.0
rl1,cenario3_tudo_aleatorio/180-600s_10-30percent,2,499.0,38,35,3,11,0,0.9211
rl1,cenario3_tudo_aleatorio/180-600s_10-30percent,3,423.0,27,27,0,10,5,1.0
rl1,cenario3_tudo_aleatorio/180-600s_10-30percent,4,445.0,24,23,1,6,30,0.9583
rl1,cenario3_tudo_aleatorio/180-600s_10-30percent,5,563.0,17,16,1,9,11,0.9412
rl1,cenario3_tudo_aleatorio/180-600s_10-30percent,6,198.0,22,21,1,10,5,0.9545
rl1,cenario3_tudo_aleatorio/180-600s_10-30percent,7,350.0,38,36,2,5,37,0.9474
rl1,cenario3_tudo_aleatorio/180-600s_10-30percent,8,597.0,8,8,0,11,1,1.0
rl1,cenario3_tudo_aleatorio/180-600s_10-30percent,9,245.0,16,14,2,11,1,0.875
rl1,cenario3_tudo_aleatorio/180-600s_10-30percent,10,437.0,43,41,2,9,11,0.9535
rl1,cenario3_tudo_aleatorio/180-600s_10-30percent,11,291.0,45,44,1,9,11,0.9778
rl1,cenario3_tudo_aleatorio/180-600s_10-30percent,12,365.0,30,27,3,11,1,0.9
rl1,cenario3_tudo_aleatorio/180-600s_10-30percent,13,221.0,23,22,1,11,1,0.9565
rl1,cenario3_tudo_aleatorio/180-600s_10-30percent,14,394.0,31,29,2,11,1,0.9355
rl1,cenario3_tudo_aleatorio/180-600s_10-30percent,15,285.0,9,9,0,10,5,1.0
rl1,cenario3_tudo_aleatorio/180-600s_10-30percent,16,562.0,56,53,3,11,1,0.9464
rl1,cenario3_tudo_aleatorio/180-600s_10-30percent,17,311.0,21,21,0,9,11,1.0
rl1,cenario3_tudo_aleatorio/180-600s_10-30percent,18,303.0,32,29,3,11,0,0.9062
rl1,cenario3_tudo_aleatorio/180-600s_10-30percent,19,586.0,29,28,1,11,0,0.9655
rl1,cenario3_tudo_aleatorio/180-600s_10-30percent,20,571.0,55,55,0,10,5,1.0
rl1,cenario3_tudo_aleatorio/180-600s_10-30percent,21,210.0,17,17,0,10,5,1.0
rl1,cenario3_tudo_aleatorio/180-600s_10-30percent,22,460.0,67,65,2,10,5,0.9701
rl1,cenario3_tudo_aleatorio/180-600s_10-30percent,23,585.0,25,24,1,11,1,0.96
rl1,cenario3_tudo_aleatorio/180-600s_10-30percent,24,291.0,36,34,2,10,5,0.9444
rl1,cenario3_tudo_aleatorio/180-600s_10-30percent,25,255.0,18,17,1,10,6,0.9444
rl1,cenario3_tudo_aleatorio/180-600s_10-30percent,26,416.0,39,37,2,9,11,0.9487
rl1,cenario3_tudo_aleatorio/180-600s_10-30percent,27,504.0,11,11,0,11,0,1.0
rl1,cenario3_tudo_aleatorio/180-600s_10-30percent,28,540.0,34,33,1,9,11,0.9706
rl1,cenario3_tudo_aleatorio/180-600s_10-30percent,29,326.0,51,46,5,11,0,0.902
rl1,cenario3_tudo_aleatorio/180-600s_10-30percent,30,533.0,35,34,1,11,0,0.9714
rl1,cenario3_tudo_aleatorio/180-600s_10-30percent,31,546.0,28,27,1,11,0,0.9643
rl1,cenario3_tudo_aleatorio/180-600s_10-30percent,32,529.0,43,43,0,10,5,1.0
rl1,cenario3_tudo_aleatorio/180-600s_10-30percent,33,459.0,36,36,0,11,1,1.0
rl1,cenario3_tudo_aleatorio/180-600s_10-30percent,34,348.0,8,8,0,11,1,1.0
rl1,cenario3_tudo_aleatorio/180-600s_10-30percent,35,562.0,39,37,2,10,5,0.9487
rl2,cenario1_tempo_fixo/310s_10percent,1,320.0,13,11,2,11,2,0.8462
rl2,cenario1_tempo_fixo/310s_10percent,2,320.0,5,5,0,11,0,1.0
rl2,cenario1_tempo_fixo/310s_10percent,3,320.0,8,8,0,11,1,1.0
rl2,cenario1_tempo_fixo/310s_10percent,4,320.0,12,12,0,11,1,1.0
rl2,cenario1_tempo_fixo/310s_10percent,5,320.0,14,13,1,9,11,0.9286
rl2,cenario1_tempo_fixo/310s_10percent,6,320.0,4,3,1,10,5,0.75
rl2,cenario1_tempo_fixo/310s_10percent,7,320.0,24,23,1,11,0,0.9583
rl2,cenario1_tempo_fixo/310s_10percent,8,320.0,11,11,0,11,1,1.0
rl2,cenario1_tempo_fixo/310s_10percent,9,320.0,8,8,0,10,5,1.0
rl2,cenario1_tempo_fixo/310s_10percent,10,320.0,10,10,0,10,5,1.0
rl2,cenario1_tempo_fixo/310s_10percent,11,320.0,8,8,0,11,1,1.0
rl2,cenario1_tempo_fixo/310s_10percent,12,320.0,34,31,3,11,0,0.9118
rl2,cenario1_tempo_fixo/310s_10percent,13,320.0,8,6,2,11,0,0.75
rl2,cenario1_tempo_fixo/310s_10percent,14,320.0,19,19,0,11,1,1.0
rl2,cenario1_tempo_fixo/310s_10percent,15,320.0,21,20,1,9,11,0.9524
rl2,cenario1_tempo_fixo/310s_10percent,16,320.0,15,14,1,8,18,0.9333
rl2,cenario1_tempo_fixo/310s_10percent,17,320.0,5,5,0,8,18,1.0
rl2,cenario1_tempo_fixo/310s_10percent,18,320.0,10,9,1,11,0,0.9
rl2,cenario1_tempo_fixo/310s_10percent,19,320.0,15,14,1,9,11,0.9333
rl2,cenario1_tempo_fixo/310s_10percent,20,320.0,32,29,3,10,5,0.9062
rl2,cenario1_tempo_fixo/310s_10percent,21,320.0,21,21,0,11,0,1.0
rl2,cenario1_tempo_fixo/310s_10percent,22,320.0,21,20,1,11,3,0.9524
rl2,cenario1_tempo_fixo/310s_10percent,23,320.0,30,29,1,11,0,0.9667
rl2,cenario1_tempo_fixo/310s_10percent,24,320.0,26,25,1,11,0,0.9615
rl2,cenario1_tempo_fixo/310s_10percent,25,320.0,14,13,1,10,5,0.9286
rl2,cenario1_tempo_fixo/310s_10percent,26,320.0,25,25,0,11,1,1.0
rl2,cenario1_tempo_fixo/310s_10percent,27,320.0,30,28,2,10,5,0.9333
rl2,cenario1_tempo_fixo/310s_10percent,28,320.0,35,34,1,10,5,0.9714
rl2,cenario1_tempo_fixo/310s_10percent,29,320.0,16,13,3,9,11,0.8125
rl2,cenario1_tempo_fixo/310s_10percent,30,320.0,10,10,0,11,3,1.0
rl2,cenario1_tempo_fixo/310s_10percent,31,320.0,30,26,4,10,5,0.8667
rl2,cenario1_tempo_fixo/310s_10percent,32,320.0,6,6,0,10,7,1.0
rl2,cenario1_tempo_fixo/310s_10percent,33,320.0,25,25,0,11,1,1.0
rl2,cenario1_tempo_fixo/310s_10percent,34,320.0,8,8,0,10,5,1.0
rl2,cenario1_tempo_fixo/310s_10percent,35,320.0,14,14,0,10,8,1.0
rl2,cenario1_tempo_fixo/310s_20percent,1,320.0,31,29,2,11,0,0.9355
rl2,cenario1_tempo_fixo/310s_20percent,2,320.0,23,21,2,11,0,0.913
rl2,cenario1_tempo_fixo/310s_20percent,3,320.0,18,17,1,11,0,0.9444
rl2,cenario1_tempo_fixo/310s_20percent,4,320.0,22,21,1,10,5,0.9545
rl2,cenario1_tempo_fixo/310s_20percent,5,320.0,26,22,4,11,0,0.8462
rl2,cenario1_tempo_fixo/310s_20percent,6,320.0,25,24,1,11,0,0.96
rl2,cenario1_tempo_fixo/310s_20percent,7,320.0,22,22,0,8,18,1.0
rl2,cenario1_tempo_fixo/310s_20percent,8,320.0,32,30,2,11,0,0.9375
rl2,cenario1_tempo_fixo/310s_20percent,9,320.0,23,22,1,9,11,0.9565
rl2,cenario1_tempo_fixo/310s_20percent,10,320.0,27,25,2,9,11,0.9259
rl2,cenario1_tempo_fixo/310s_20percent,11,320.0,60,58,2,11,0,0.9667
rl2,cenario1_tempo_fixo/310s_20percent,12,320.0,22,20,2,10,5,0.9091
rl2,cenario1_tempo_fixo/310s_20percent,13,320.0,49,48,1,10,5,0.9796
rl2,cenario1_tempo_fixo/310s_20percent,14,320.0,33,31,2,9,11,0.9394
rl2,cenario1_tempo_fixo/310s_20percent,15,320.0,23,20,3,11,0,0.8696
rl2,cenario1_tempo_fixo/310s_20percent,16,320.0,20,20,0,11,2,1.0
rl2,cenario1_tempo_fixo/310s_20percent,17,320.0,28,26,2,10,5,0.9286
rl2,cenario1_tempo_fixo/310s_20percent,18,320.0,32,32,0,11,1,1.0
rl2,cenario1_tempo_fixo/310s_20percent,19,320.0,30,28,2,11,1,0.9333
rl2,cenario1_tempo_fixo/310s_20percent,20,320.0,21,21,0,11,0,1.0
rl2,cenario1_tempo_fixo/310s_20percent,21,320.0,26,25,1,11,0,0.9615
rl2,cenario1_tempo_fixo/310s_20percent,22,320.0,26,25,1,11,0,0.9615
rl2,cenario1_tempo_fixo/310s_20percent,23,320.0,69,66,3,9,11,0.9565
rl2,cenario1_tempo_fixo/310s_20percent,24,320.0,19,18,1,8,18,0.9474
rl2,cenario1_tempo_fixo/310s_20percent,25,320.0,13,13,0,8,18,1.0
rl2,cenario1_tempo_fixo/310s_20percent,26,320.0,17,17,0,11,1,1.0
rl2,cenario1_tempo_fixo/310s_20percent,27,320.0,24,23,1,10,5,0.9583
rl2,cenario1_tempo_fixo/310s_20percent,28,320.0,31,29,2,11,1,0.9355
rl2,cenario1_tempo_fixo/310s_20percent,29,320.0,34,32,2,11,0,0.9412
rl2,cenario1_tempo_fixo/310s_20percent,30,320.0,7,6,1,11,3,0.8571
rl2,cenario1_tempo_fixo/310s_20percent,31,320.0,58,54,4,8,18,0.931
rl2,cenario1_tempo_fixo/310s_20percent,32,320.0,33,29,4,11,1,0.8788
rl2,cenario1_tempo_fixo/310s_20percent,33,320.0,20,19,1,9,11,0.95
rl2,cenario1_tempo_fixo/310s_20percent,34,320.0,41,38,3,11,0,0.9268
rl2,cenario1_tempo_fixo/310s_20percent,35,320.0,19,17,2,11,0,0.8947
rl2,cenario1_tempo_fixo/310s_30percent,1,320.0,64,58,6,11,0,0.9062
rl2,cenario1_tempo_fixo/310s_30percent,2,320.0,41,41,0,11,0,1.0
rl2,cenario1_tempo_fixo/310s_30percent,3,320.0,31,30,1,10,6,0.9677
rl2,cenario1_tempo_fixo/310s_30percent,4,320.0,31,29,2,11,0,0.9355
rl2,cenario1_tempo_fixo/310s_30percent,5,320.0,54,50,4,11,0,0.9259
rl2,cenario1_tempo_fixo/310s_30percent,6,320.0,38,33,5,11,0,0.8684
rl2,cenario1_tempo_fixo/310s_30percent,7,320.0,51,49,2,11,0,0.9608
rl2,cenario1_tempo_fixo/310s_30percent,8,320.0,48,45,3,11,0,0.9375
rl2,cenario1_tempo_fixo/310s_30percent,9,320.0,30,29,1,11,3,0.9667
rl2,cenario1_tempo_fixo/310s_30percent,10,320.0,49,47,2,11,0,0.9592
rl2,cenario1_tempo_fixo/310s_30percent,11,320.0,44,43,1,11,1,0.9773
rl2,cenario1_tempo_fixo/310s_30percent,12,320.0,29,28,1,11,0,0.9655
rl2,cenario1_tempo_fixo/310s_30percent,13,320.0,11,10,1,11,0,0.9091
rl2,cenario1_tempo_fixo/310s_30percent,14,320.0,55,53,2,11,1,0.9636
rl2,cenario1_tempo_fixo/310s_30percent,15,320.0,41,40,1,11,0,0.9756
rl2,cenario1_tempo_fixo/310s_30percent,16,320.0,39,38,1,10,5,0.9744
rl2,cenario1_tempo_fixo/310s_30percent,17,320.0,60,56,4,10,5,0.9333
rl2,cenario1_tempo_fixo/310s_30percent,18,320.0,30,28,2,11,1,0.9333
rl2,cenario1_tempo_fixo/310s_30percent,19,320.0,44,42,2,10,5,0.9545
rl2,cenario1_tempo_fixo/310s_30percent,20,320.0,14,13,1,11,0,0.9286
rl2,cenario1_tempo_fixo/310s_30percent,21,320.0,43,39,4,11,1,0.907
rl2,cenario1_tempo_fixo/310s_30percent,22,320.0,32,32,0,8,18,1.0
rl2,cenario1_tempo_fixo/310s_30percent,23,320.0,58,55,3,10,5,0.9483
rl2,cenario1_tempo_fixo/310s_30percent,24,320.0,54,49,5,11,1,0.9074
rl2,cenario1_tempo_fixo/310s_30percent,25,320.0,34,30,4,11,1,0.8824
rl2,cenario1_tempo_fixo/310s_30percent,26,320.0,28,28,0,10,9,1.0
rl2,cenario1_tempo_fixo/310s_30percent,27,320.0,36,34,2,11,0,0.9444
rl2,cenario1_tempo_fixo/310s_30percent,28,320.0,23,21,2,10,5,0.913
rl2,cenario1_tempo_fixo/310s_30percent,29,320.0,35,32,3,10,5,0.9143
rl2,cenario1_tempo_fixo/310s_30percent,30,320.0,40,37,3,11,2,0.925
rl2,cenario1_tempo_fixo/310s_30percent,31,320.0,42,39,3,11,1,0.9286
rl2,cenario1_tempo_fixo/310s_30percent,32,320.0,21,20,1,11,0,0.9524
rl2,cenario1_tempo_fixo/310s_30percent,33,320.0,45,43,2,11,1,0.9556
rl2,cenario1_tempo_fixo/310s_30percent,34,320.0,50,48,2,11,0,0.96
rl2,cenario1_tempo_fixo/310s_30percent,35,320.0,62,62,0,10,5,1.0
rl2,cenario2_tempo_aleatorio/180-600s_10percent,1,481.0,25,24,1,11,0,0.96
rl2,cenario2_tempo_aleatorio/180-600s_10percent,2,367.0,15,13,2,11,0,0.8667
rl2,cenario2_tempo_aleatorio/180-600s_10percent,3,301.0,26,26,0,11,0,1.0
rl2,cenario2_tempo_aleatorio/180-600s_10percent,4,522.0,31,30,1,11,0,0.9677
rl2,cenario2_tempo_aleatorio/180-600s_10percent,5,443.0,22,21,1,11,0,0.9545
rl2,cenario2_tempo_aleatorio/180-600s_10percent,6,572.0,8,8,0,11,2,1.0
rl2,cenario2_tempo_aleatorio/180-600s_10percent,7,278.0,21,20,1,10,5,0.9524
rl2,cenario2_tempo_aleatorio/180-600s_10percent,8,391.0,28,24,4,11,1,0.8571
rl2,cenario2_tempo_aleatorio/180-600s_10percent,9,599.0,28,27,1,9,11,0.9643
rl2,cenario2_tempo_aleatorio/180-600s_10percent,10,213.0,20,18,2,10,6,0.9
rl2,cenario2_tempo_aleatorio/180-600s_10percent,11,334.0,25,22,3,11,0,0.88
rl2,cenario2_tempo_aleatorio/180-600s_10percent,12,565.0,1,0,1,11,0,0.0
rl2,cenario2_tempo_aleatorio/180-600s_10percent,13,447.0,10,9,1,11,0,0.9
rl2,cenario2_tempo_aleatorio/180-600s_10percent,14,434.0,22,22,0,8,18,1.0
rl2,cenario2_tempo_aleatorio/180-600s_10percent,15,223.0,16,14,2,11,1,0.875
rl2,cenario2_tempo_aleatorio/180-600s_10percent,16,303.0,17,17,0,9,11,1.0
rl2,cenario2_tempo_aleatorio/180-600s_10percent,17,307.0,4,4,0,11,2,1.0
rl2,cenario2_tempo_aleatorio/180-600s_10percent,18,230.0,18,18,0,11,0,1.0
rl2,cenario2_tempo_aleatorio/180-600s_10percent,19,466.0,24,23,1,10,5,0.9583
rl2,cenario2_tempo_aleatorio/180-600s_10percent,20,459.0,8,8,0,11,0,1.0
rl2,cenario2_tempo_aleatorio/180-600s_10percent,21,498.0,8,7,1,11,0,0.875
rl2,cenario2_tempo_aleatorio/180-600s_10percent,22,571.0,26,26,0,11,1,1.0
rl2,cenario2_tempo_aleatorio/180-600s_10percent,23,407.0,21,20,1,8,18,0.9524
rl2,cenario2_tempo_aleatorio/180-600s_10percent,24,283.0,16,15,1,10,5,0.9375
rl2,cenario2_tempo_aleatorio/180-600s_10percent,25,354.0,9,9,0,8,18,1.0
rl2,cenario2_tempo_aleatorio/180-600s_10percent,26,512.0,30,29,1,9,11,0.9667
rl2,cenario2_tempo_aleatorio/180-600s_10percent,27,377.0,31,28,3,10,5,0.9032
rl2,cenario2_tempo_aleatorio/180-600s_10percent,28,443.0,20,18,2,10,7,0.9
rl2,cenario2_tempo_aleatorio/180-600s_10percent,29,404.0,30,29,1,10,5,0.9667
rl2,cenario2_tempo_aleatorio/180-600s_10percent,30,501.0,32,31,1,10,5,0.9688
rl2,cenario2_tempo_aleatorio/180-600s_10percent,31,249.0,15,14,1,11,3,0.9333
rl2,cenario2_tempo_aleatorio/180-600s_10percent,32,584.0,25,24,1,11,3,0.96
rl2,cenario2_tempo_aleatorio/180-600s_10percent,33,398.0,20,19,1,11,1,0.95
rl2,cenario2_tempo_aleatorio/180-600s_10percent,34,289.0,31,31,0,9,11,1.0
rl2,cenario2_tempo_aleatorio/180-600s_10percent,35,368.0,9,9,0,11,1,1.0
rl2,cenario2_tempo_aleatorio/180-600s_20percent,1,353.0,31,27,4,10,5,0.871
rl2,cenario2_tempo_aleatorio/180-600s_20percent,2,342.0,12,10,2,11,1,0.8333
rl2,cenario2_tempo_aleatorio/180-600s_20percent,3,307.0,23,23,0,9,11,1.0
rl2,cenario2_tempo_aleatorio/180-600s_20percent,4,609.0,61,59,2,11,1,0.9672
rl2,cenario2_tempo_aleatorio/180-600s_20percent,5,597.0,47,45,2,10,5,0.9574
rl2,cenario2_tempo_aleatorio/180-600s_20percent,6,372.0,19,18,1,11,1,0.9474
rl2,cenario2_tempo_aleatorio/180-600s_20percent,7,535.0,24,24,0,11,1,1.0
rl2,cenario2_tempo_aleatorio/180-600s_20percent,8,342.0,38,36,2,10,5,0.9474
rl2,cenario2_tempo_aleatorio/180-600s_20percent,9,283.0,19,19,0,11,0,1.0
rl2,cenario2_tempo_aleatorio/180-600s_20percent,10,234.0,16,16,0,11,1,1.0
rl2,cenario2_tempo_aleatorio/180-600s_20percent,11,285.0,33,32,1,10,5,0.9697
rl2,cenario2_tempo_aleatorio/180-600s_20percent,12,511.0,51,51,0,10,5,1.0
rl2,cenario2_tempo_aleatorio/180-600s_20percent,13,234.0,28,28,0,11,0,1.0
rl2,cenario2_tempo_aleatorio/180-600s_20percent,14,546.0,62,59,3,9,11,0.9516
rl2,cenario2_tempo_aleatorio/180-600s_20percent,15,337.0,47,46,1,10,5,0.9787
rl2,cenario2_tempo_aleatorio/180-600s_20percent,16,483.0,18,17,1,9,16,0.9444
rl2,cenario2_tempo_aleatorio/180-600s_20percent,17,201.0,28,27,1,9,11,0.9643
rl2,cenario2_tempo_aleatorio/180-600s_20percent,18,402.0,27,27,0,8,20,1.0
rl2,cenario2_tempo_aleatorio/180-600s_20percent,19,286.0,11,11,0,11,1,1.0
rl2,cenario2_tempo_aleatorio/180-600s_20percent,20,366.0,19,19,0,9,11,1.0
rl2,cenario2_tempo_aleatorio/180-600s_20percent,21,578.0,57,56,1,11,0,0.9825
rl2,cenario2_tempo_aleatorio/180-600s_20percent,22,582.0,52,47,5,11,1,0.9038
rl2,cenario2_tempo_aleatorio/180-600s_20percent,23,464.0,24,23,1,11,0,0.9583
rl2,cenario2_tempo_aleatorio/180-600s_20percent,24,521.0,44,43,1,11,1,0.9773
rl2,cenario2_tempo_aleatorio/180-600s_20percent,25,572.0,53,49,4,11,2,0.9245
rl2,cenario2_tempo_aleatorio/180-600s_20percent,26,467.0,39,36,3,11,0,0.9231
rl2,cenario2_tempo_aleatorio/180-600s_20percent,27,343.0,21,21,0,11,0,1.0
rl2,cenario2_tempo_aleatorio/180-600s_20percent,28,263.0,32,29,3,10,6,0.9062
rl2,cenario2_tempo_aleatorio/180-600s_20percent,29,411.0,45,44,1,11,0,0.9778
rl2,cenario2_tempo_aleatorio/180-600s_20percent,30,580.0,41,39,2,11,2,0.9512
rl2,cenario2_tempo_aleatorio/180-600s_20percent,31,484.0,47,46,1,11,1,0.9787
rl2,cenario2_tempo_aleatorio/180-600s_20percent,32,280.0,27,25,2,11,0,0.9259
rl2,cenario2_tempo_aleatorio/180-600s_20percent,33,546.0,60,58,2,11,0,0.9667
rl2,cenario2_tempo_aleatorio/180-600s_20percent,34,440.0,34,32,2,11,0,0.9412
rl2,cenario2_tempo_aleatorio/180-600s_20percent,35,573.0,58,55,3,11,1,0.9483
rl2,cenario2_tempo_aleatorio/180-600s_30percent,1,471.0,56,52,4,11,1,0.9286
rl2,cenario2_tempo_aleatorio/180-600s_30percent,2,242.0,31,28,3,11,1,0.9032
rl2,cenario2_tempo_aleatorio/180-600s_30percent,3,221.0,30,30,0,9,11,1.0
rl2,cenario2_tempo_aleatorio/180-600s_30percent,4,461.0,45,45,0,11,2,1.0
rl2,cenario2_tempo_aleatorio/180-600s_30percent,5,346.0,37,35,2,10,5,0.9459
rl2,cenario2_tempo_aleatorio/180-600s_30percent,6,339.0,30,28,2,11,1,0.9333
rl2,cenario2_tempo_aleatorio/180-600s_30percent,7,521.0,41,40,1,9,11,0.9756
rl2,cenario2_tempo_aleatorio/180-600s_30percent,8,416.0,42,42,0,11,1,1.0
rl2,cenario2_tempo_aleatorio/180-600s_30percent,9,448.0,59,57,2,10,5,0.9661
rl2,cenario2_tempo_aleatorio/180-600s_30percent,10,199.0,22,20,2,11,1,0.9091
rl2,cenario2_tempo_aleatorio/180-600s_30percent,11,274.0,31,29,2,11,0,0.9355
rl2,cenario2_tempo_aleatorio/180-600s_30percent,12,400.0,63,62,1,11,1,0.9841
rl2,cenario2_tempo_aleatorio/180-600s_30percent,13,282.0,48,47,1,11,0,0.9792
rl2,cenario2_tempo_aleatorio/180-600s_30percent,14,318.0,22,21,1,11,3,0.9545
rl2,cenario2_tempo_aleatorio/180-600s_30percent,15,416.0,83,81,2,8,18,0.9759
rl2,cenario2_tempo_aleatorio/180-600s_30percent,16,284.0,16,16,0,8,18,1.0
rl2,cenario2_tempo_aleatorio/180-600s_30percent,17,514.0,36,34,2,9,11,0.9444
rl2,cenario2_tempo_aleatorio/180-600s_30percent,18,596.0,47,44,3,10,5,0.9362
rl2,cenario2_tempo_aleatorio/180-600s_30percent,19,293.0,52,49,3,11,0,0.9423
rl2,cenario2_tempo_aleatorio/180-600s_30percent,20,493.0,53,50,3,11,2,0.9434
rl2,cenario2_tempo_aleatorio/180-600s_30percent,21,431.0,49,44,5,11,2,0.898
rl2,cenario2_tempo_aleatorio/180-600s_30percent,22,286.0,25,25,0,11,1,1.0
rl2,cenario2_tempo_aleatorio/180-600s_30percent,23,396.0,55,53,2,10,5,0.9636
rl2,cenario2_tempo_aleatorio/180-600s_30percent,24,490.0,72,67,5,11,0,0.9306
rl2,cenario2_tempo_aleatorio/180-600s_30percent,25,260.0,38,36,2,10,5,0.9474
rl2,cenario2_tempo_aleatorio/180-600s_30percent,26,406.0,33,32,1,11,1,0.9697
rl2,cenario2_tempo_aleatorio/180-600s_30percent,27,229.0,30,30,0,11,0,1.0
rl2,cenario2_tempo_aleatorio/180-600s_30percent,28,468.0,61,59,2,9,15,0.9672
rl2,cenario2_tempo_aleatorio/180-600s_30percent,29,203.0,56,55,1,11,0,0.9821
rl2,cenario2_tempo_aleatorio/180-600s_30percent,30,361.0,75,72,3,10,9,0.96
rl2,cenario2_tempo_aleatorio/180-600s_30percent,31,542.0,29,29,0,8,18,1.0
rl2,cenario2_tempo_aleatorio/180-600s_30percent,32,554.0,65,62,3,9,11,0.9538
rl2,cenario2_tempo_aleatorio/180-600s_30percent,33,392.0,53,48,5,11,0,0.9057
rl2,cenario2_tempo_aleatorio/180-600s_30percent,34,579.0,77,69,8,11,0,0.8961
rl2,cenario2_tempo_aleatorio/180-600s_30percent,35,414.0,23,22,1,11,0,0.9565
rl2,cenario3_tudo_aleatorio/180-600s_10-30percent,1,423.0,38,36,2,11,0,0.9474
rl2,cenario3_tudo_aleatorio/180-600s_10-30percent,2,493.0,23,23,0,9,11,1.0
rl2,cenario3_tudo_aleatorio/180-600s_10-30percent,3,454.0,26,24,2,10,5,0.9231
rl2,cenario3_tudo_aleatorio/180-600s_10-30percent,4,299.0,27,23,4,11,1,0.8519
rl2,cenario3_tudo_aleatorio/180-600s_10-30percent,5,459.0,65,62,3,9,11,0.9538
rl2,cenario3_tudo_aleatorio/180-600s_10-30percent,6,237.0,23,23,0,9,11,1.0
rl2,cenario3_tudo_aleatorio/180-600s_10-30percent,7,591.0,43,39,4,9,11,0.907
rl2,cenario3_tudo_aleatorio/180-600s_10-30percent,8,607.0,89,85,4,9,11,0.9551
rl2,cenario3_tudo_aleatorio/180-600s_10-30percent,9,256.0,13,13,0,7,24,1.0
rl2,cenario3_tudo_aleatorio/180-600s_10-30percent,10,195.0,28,27,1,10,5,0.9643
rl2,cenario3_tudo_aleatorio/180-600s_10-30percent,11,558.0,16,16,0,11,0,1.0
rl2,cenario3_tudo_aleatorio/180-600s_10-30percent,12,323.0,14,13,1,10,5,0.9286
rl2,cenario3_tudo_aleatorio/180-600s_10-30percent,13,599.0,52,49,3,11,0,0.9423
rl2,cenario3_tudo_aleatorio/180-600s_10-30percent,14,533.0,19,19,0,11,0,1.0
rl2,cenario3_tudo_aleatorio/180-600s_10-30percent,15,384.0,22,21,1,11,1,0.9545
rl2,cenario3_tudo_aleatorio/180-600s_10-30percent,16,257.0,20,19,1,9,11,0.95
rl2,cenario3_tudo_aleatorio/180-600s_10-30percent,17,539.0,37,37,0,11,1,1.0
rl2,cenario3_tudo_aleatorio/180-600s_10-30percent,18,579.0,61,59,2,10,5,0.9672
rl2,cenario3_tudo_aleatorio/180-600s_10-30percent,19,274.0,51,48,3,11,1,0.9412
rl2,cenario3_tudo_aleatorio/180-600s_10-30percent,20,563.0,27,25,2,11,1,0.9259
rl2,cenario3_tudo_aleatorio/180-600s_10-30percent,21,608.0,51,50,1,11,0,0.9804
rl2,cenario3_tudo_aleatorio/180-600s_10-30percent,22,507.0,36,34,2,11,2,0.9444
rl2,cenario3_tudo_aleatorio/180-600s_10-30percent,23,243.0,52,49,3,11,0,0.9423
rl2,cenario3_tudo_aleatorio/180-600s_10-30percent,24,467.0,13,13,0,11,2,1.0
rl2,cenario3_tudo_aleatorio/180-600s_10-30percent,25,450.0,36,33,3,11,1,0.9167
rl2,cenario3_tudo_aleatorio/180-600s_10-30percent,26,322.0,17,16,1,11,1,0.9412
rl2,cenario3_tudo_aleatorio/180-600s_10-30percent,27,332.0,32,31,1,11,0,0.9688
rl2,cenario3_tudo_aleatorio/180-600s_10-30percent,28,587.0,25,24,1,11,0,0.96
rl2,cenario3_tudo_aleatorio/180-600s_10-30percent,29,292.0,39,37,2,9,11,0.9487
rl2,cenario3_tudo_aleatorio/180-600s_10-30percent,30,401.0,30,26,4,11,3,0.8667
rl2,cenario3_tudo_aleatorio/180-600s_10-30percent,31,472.0,25,23,2,11,0,0.92
rl2,cenario3_tudo_aleatorio/180-600s_10-30percent,32,520.0,26,26,0,11,2,1.0
rl2,cenario3_tudo_aleatorio/180-600s_10-30percent,33,396.0,44,41,3,11,0,0.9318
rl2,cenario3_tudo_aleatorio/180-600s_10-30percent,34,418.0,25,24,1,9,11,0.96
rl2,cenario3_tudo_aleatorio/180-600s_10-30percent,35,309.0,24,23,1,11,0,0.9583
rl3,cenario1_tempo_fixo/310s_10percent,1,320.0,19,18,1,11,0,0.9474
rl3,cenario1_tempo_fixo/310s_10percent,2,320.0,14,14,0,10,5,1.0
rl3,cenario1_tempo_fixo/310s_10percent,3,320.0,17,14,3,11,1,0.8235
rl3,cenario1_tempo_fixo/310s_10percent,4,320.0,4,4,0,10,5,1.0
rl3,cenario1_tempo_fixo/310s_10percent,5,320.0,24,24,0,10,5,1.0
rl3,cenario1_tempo_fixo/310s_10percent,6,320.0,15,15,0,11,2,1.0
rl3,cenario1_tempo_fixo/310s_10percent,7,320.0,21,19,2,10,6,0.9048
rl3,cenario1_tempo_fixo/310s_10percent,8,320.0,33,32,1,10,7,0.9697
rl3,cenario1_tempo_fixo/310s_10percent,9,320.0,29,28,1,11,3,0.9655
rl3,cenario1_tempo_fixo/310s_10percent,10,320.0,29,29,0,11,0,1.0
rl3,cenario1_tempo_fixo/310s_10percent,11,320.0,13,12,1,9,11,0.9231
rl3,cenario1_tempo_fixo/310s_10percent,12,320.0,17,17,0,11,1,1.0
rl3,cenario1_tempo_fixo/310s_10percent,13,320.0,14,13,1,10,5,0.9286
rl3,cenario1_tempo_fixo/310s_10percent,14,320.0,13,12,1,11,1,0.9231
rl3,cenario1_tempo_fixo/310s_10percent,15,320.0,20,19,1,11,1,0.95
rl3,cenario1_tempo_fixo/310s_10percent,16,320.0,26,25,1,10,5,0.9615
rl3,cenario1_tempo_fixo/310s_10percent,17,320.0,11,11,0,11,3,1.0
rl3,cenario1_tempo_fixo/310s_10percent,18,320.0,27,27,0,10,6,1.0
rl3,cenario1_tempo_fixo/310s_10percent,19,320.0,11,11,0,11,1,1.0
rl3,cenario1_tempo_fixo/310s_10percent,20,320.0,30,29,1,11,1,0.9667
rl3,cenario1_tempo_fixo/310s_10percent,21,320.0,22,22,0,11,1,1.0
rl3,cenario1_tempo_fixo/310s_10percent,22,320.0,5,5,0,11,1,1.0
rl3,cenario1_tempo_fixo/310s_10percent,23,320.0,9,8,1,11,1,0.8889
rl3,cenario1_tempo_fixo/310s_10percent,24,320.0,22,21,1,11,0,0.9545
rl3,cenario1_tempo_fixo/310s_10percent,25,320.0,23,23,0,11,1,1.0
rl3,cenario1_tempo_fixo/310s_10percent,26,320.0,19,19,0,10,5,1.0
rl3,cenario1_tempo_fixo/310s_10percent,27,320.0,32,31,1,9,11,0.9688
rl3,cenario1_tempo_fixo/310s_10percent,28,320.0,22,22,0,9,11,1.0
rl3,cenario1_tempo_fixo/310s_10percent,29,320.0,21,20,1,11,2,0.9524
rl3,cenario1_tempo_fixo/310s_10percent,30,320.0,28,27,1,11,0,0.9643
rl3,cenario1_tempo_fixo/310s_10percent,31,320.0,4,4,0,9,11,1.0
rl3,cenario1_tempo_fixo/310s_10percent,32,320.0,23,23,0,11,0,1.0
rl3,cenario1_tempo_fixo/310s_10percent,33,320.0,24,24,0,11,1,1.0
rl3,cenario1_tempo_fixo/310s_10percent,34,320.0,6,5,1,10,5,0.8333
rl3,cenario1_tempo_fixo/310s_10percent,35,320.0,14,14,0,8,18,1.0
rl3,cenario1_tempo_fixo/310s_20percent,1,320.0,21,17,4,11,1,0.8095
rl3,cenario1_tempo_fixo/310s_20percent,2,320.0,9,9,0,10,5,1.0
rl3,cenario1_tempo_fixo/310s_20percent,3,320.0,32,31,1,10,5,0.9688
rl3,cenario1_tempo_fixo/310s_20percent,4,320.0,8,7,1,10,9,0.875
rl3,cenario1_tempo_fixo/310s_20percent,5,320.0,47,46,1,10,5,0.9787
rl3,cenario1_tempo_fixo/310s_20percent,6,320.0,30,29,1,11,1,0.9667
rl3,cenario1_tempo_fixo/310s_20percent,7,320.0,29,26,3,10,5,0.8966
rl3,cenario1_tempo_fixo/310s_20percent,8,320.0,34,33,1,10,5,0.9706
rl3,cenario1_tempo_fixo/310s_20percent,9,320.0,42,41,1,11,0,0.9762
rl3,cenario1_tempo_fixo/310s_20percent,10,320.0,22,21,1,10,5,0.9545
rl3,cenario1_tempo_fixo/310s_20percent,11,320.0,37,37,0,10,5,1.0
rl3,cenario1_tempo_fixo/310s_20percent,12,320.0,39,38,1,10,5,0.9744
rl3,cenario1_tempo_fixo/310s_20percent,13,320.0,27,26,1,10,5,0.963
rl3,cenario1_tempo_fixo/310s_20percent,14,320.0,52,47,5,10,8,0.9038
rl3,cenario1_tempo_fixo/310s_20percent,15,320.0,21,20,1,10,8,0.9524
rl3,cenario1_tempo_fixo/310s_20percent,16,320.0,31,30,1,10,6,0.9677
rl3,cenario1_tempo_fixo/310s_20percent,17,320.0,54,54,0,11,2,1.0
rl3,cenario1_tempo_fixo/310s_20percent,18,320.0,44,43,1,11,0,0.9773
rl3,cenario1_tempo_fixo/310s_20percent,19,320.0,6,6,0,11,1,1.0
rl3,cenario1_tempo_fixo/310s_20percent,20,320.0,34,32,2,11,2,0.9412
rl3,cenario1_tempo_fixo/310s_20percent,21,320.0,18,17,1,11,1,0.9444
rl3,cenario1_tempo_fixo/310s_20percent,22,320.0,26,25,1,11,1,0.9615
rl3,cenario1_tempo_fixo/310s_20percent,23,320.0,26,26,0,11,1,1.0
rl3,cenario1_tempo_fixo/310s_20percent,24,320.0,9,9,0,11,1,1.0
rl3,cenario1_tempo_fixo/310s_20percent,25,320.0,13,11,2,10,5,0.8462
rl3,cenario1_tempo_fixo/310s_20percent,26,320.0,15,13,2,11,1,0.8667
rl3,cenario1_tempo_fixo/310s_20percent,27,320.0,26,25,1,10,5,0.9615
rl3,cenario1_tempo_fixo/310s_20percent,28,320.0,23,20,3,11,0,0.8696
rl3,cenario1_tempo_fixo/310s_20percent,29,320.0,14,12,2,11,0,0.8571
rl3,cenario1_tempo_fixo/310s_20percent,30,320.0,31,31,0,11,0,1.0
rl3,cenario1_tempo_fixo/310s_20percent,31,320.0,26,24,2,11,0,0.9231
rl3,cenario1_tempo_fixo/310s_20percent,32,320.0,11,9,2,11,2,0.8182
rl3,cenario1_tempo_fixo/310s_20percent,33,320.0,50,48,2,8,18,0.96
rl3,cenario1_tempo_fixo/310s_20percent,34,320.0,53,51,2,11,1,0.9623
rl3,cenario1_tempo_fixo/310s_20percent,35,320.0,31,27,4,11,0,0.871
rl3,cenario1_tempo_fixo/310s_30percent,1,320.0,51,50,1,11,0,0.9804
rl3,cenario1_tempo_fixo/310s_30percent,2,320.0,41,38,3,9,11,0.9268
rl3,cenario1_tempo_fixo/310s_30percent,3,320.0,57,54,3,11,0,0.9474
rl3,cenario1_tempo_fixo/310s_30percent,4,320.0,61,55,6,10,5,0.9016
rl3,cenario1_tempo_fixo/310s_30percent,5,320.0,47,46,1,11,1,0.9787
rl3,cenario1_tempo_fixo/310s_30percent,6,320.0,14,14,0,8,18,1.0
rl3,cenario1_tempo_fixo/310s_30percent,7,320.0,40,38,2,11,1,0.95
rl3,cenario1_tempo_fixo/310s_30percent,8,320.0,43,42,1,11,1,0.9767
rl3,cenario1_tempo_fixo/310s_30percent,9,320.0,45,44,1,10,5,0.9778
rl3,cenario1_tempo_fixo/310s_30percent,10,320.0,51,51,0,11,0,1.0
rl3,cenario1_tempo_fixo/310s_30percent,11,320.0,37,36,1,9,11,0.973
rl3,cenario1_tempo_fixo/310s_30percent,12,320.0,37,36,1,9,11,0.973
rl3,cenario1_tempo_fixo/310s_30percent,13,320.0,48,45,3,11,0,0.9375
rl3,cenario1_tempo_fixo/310s_30percent,14,320.0,53,49,4,11,1,0.9245
rl3,cenario1_tempo_fixo/310s_30percent,15,320.0,34,30,4,10,5,0.8824
rl3,cenario1_tempo_fixo/310s_30percent,16,320.0,41,37,4,11,1,0.9024
rl3,cenario1_tempo_fixo/310s_30percent,17,320.0,27,26,1,9,11,0.963
rl3,cenario1_tempo_fixo/310s_30percent,18,320.0,39,38,1,11,3,0.9744
rl3,cenario1_tempo_fixo/310s_30percent,19,320.0,55,55,0,11,3,1.0
rl3,cenario1_tempo_fixo/310s_30percent,20,320.0,46,45,1,11,1,0.9783
rl3,cenario1_tempo_fixo/310s_30percent,21,320.0,49,46,3,10,5,0.9388
rl3,cenario1_tempo_fixo/310s_30percent,22,320.0,45,44,1,11,0,0.9778
rl3,cenario1_tempo_fixo/310s_30percent,23,320.0,56,52,4,11,1,0.9286
rl3,cenario1_tempo_fixo/310s_30percent,24,320.0,45,45,0,11,1,1.0
rl3,cenario1_tempo_fixo/310s_30percent,25,320.0,22,22,0,11,1,1.0
rl3,cenario1_tempo_fixo/310s_30percent,26,320.0,37,37,0,9,11,1.0
rl3,cenario1_tempo_fixo/310s_30percent,27,320.0,43,41,2,11,1,0.9535
rl3,cenario1_tempo_fixo/310s_30percent,28,320.0,25,25,0,11,3,1.0
rl3,cenario1_tempo_fixo/310s_30percent,29,320.0,50,50,0,11,2,1.0
rl3,cenario1_tempo_fixo/310s_30percent,30,320.0,47,47,0,11,1,1.0
rl3,cenario1_tempo_fixo/310s_30percent,31,320.0,35,32,3,11,3,0.9143
rl3,cenario1_tempo_fixo/310s_30percent,32,320.0,23,22,1,8,18,0.9565
rl3,cenario1_tempo_fixo/310s_30percent,33,320.0,38,37,1,10,5,0.9737
rl3,cenario1_tempo_fixo/310s_30percent,34,320.0,47,46,1,11,0,0.9787
rl3,cenario1_tempo_fixo/310s_30percent,35,320.0,15,13,2,11,0,0.8667
rl3,cenario2_tempo_aleatorio/180-600s_10percent,1,445.0,28,26,2,9,11,0.9286
rl3,cenario2_tempo_aleatorio/180-600s_10percent,2,485.0,29,28,1,11,0,0.9655
rl3,cenario2_tempo_aleatorio/180-600s_10percent,3,465.0,24,24,0,10,5,1.0
rl3,cenario2_tempo_aleatorio/180-600s_10percent,4,572.0,5,4,1,10,5,0.8
rl3,cenario2_tempo_aleatorio/180-600s_10percent,5,196.0,21,21,0,11,0,1.0
rl3,cenario2_tempo_aleatorio/180-600s_10percent,6,603.0,27,26,1,10,5,0.963
rl3,cenario2_tempo_aleatorio/180-600s_10percent,7,508.0,16,15,1,11,0,0.9375
rl3,cenario2_tempo_aleatorio/180-600s_10percent,8,415.0,25,24,1,10,5,0.96
rl3,cenario2_tempo_aleatorio/180-600s_10percent,9,314.0,18,18,0,8,18,1.0
rl3,cenario2_tempo_aleatorio/180-600s_10percent,10,512.0,15,15,0,10,5,1.0
rl3,cenario2_tempo_aleatorio/180-600s_10percent,11,246.0,25,25,0,10,5,1.0
rl3,cenario2_tempo_aleatorio/180-600s_10percent,12,527.0,11,11,0,11,3,1.0
rl3,cenario2_tempo_aleatorio/180-600s_10percent,13,420.0,4,4,0,11,0,1.0
rl3,cenario2_tempo_aleatorio/180-600s_10percent,14,299.0,16,14,2,11,0,0.875
rl3,cenario2_tempo_aleatorio/180-600s_10percent,15,578.0,11,10,1,11,1,0.9091
rl3,cenario2_tempo_aleatorio/180-600s_10percent,16,582.0,36,33,3,10,8,0.9167
rl3,cenario2_tempo_aleatorio/180-600s_10percent,17,310.0,26,26,0,11,0,1.0
rl3,cenario2_tempo_aleatorio/180-600s_10percent,18,200.0,7,7,0,11,0,1.0
rl3,cenario2_tempo_aleatorio/180-600s_10percent,19,591.0,29,27,2,11,1,0.931
rl3,cenario2_tempo_aleatorio/180-600s_10percent,20,315.0,19,17,2,11,1,0.8947
rl3,cenario2_tempo_aleatorio/180-600s_10percent,21,210.0,10,7,3,9,13,0.7
rl3,cenario2_tempo_aleatorio/180-600s_10percent,22,579.0,31,30,1,9,11,0.9677
rl3,cenario2_tempo_aleatorio/180-600s_10percent,23,216.0,29,28,1,11,0,0.9655
rl3,cenario2_tempo_aleatorio/180-600s_10percent,24,598.0,27,27,0,11,0,1.0
rl3,cenario2_tempo_aleatorio/180-600s_10percent,25,473.0,28,26,2,11,0,0.9286
rl3,cenario2_tempo_aleatorio/180-600s_10percent,26,295.0,14,14,0,6,30,1.0
rl3,cenario2_tempo_aleatorio/180-600s_10percent,27,523.0,24,22,2,11,1,0.9167
rl3,cenario2_tempo_aleatorio/180-600s_10percent,28,476.0,28,28,0,11,1,1.0
rl3,cenario2_tempo_aleatorio/180-600s_10percent,29,418.0,29,29,0,11,1,1.0
rl3,cenario2_tempo_aleatorio/180-600s_10percent,30,393.0,30,29,1,9,11,0.9667
rl3,cenario2_tempo_aleatorio/180-600s_10percent,31,594.0,17,16,1,11,0,0.9412
rl3,cenario2_tempo_aleatorio/180-600s_10percent,32,381.0,10,9,1,11,1,0.9
rl3,cenario2_tempo_aleatorio/180-600s_10percent,33,228.0,11,10,1,10,5,0.9091
rl3,cenario2_tempo_aleatorio/180-600s_10percent,34,407.0,14,14,0,11,1,1.0
rl3,cenario2_tempo_aleatorio/180-600s_10percent,35,573.0,31,30,1,10,5,0.9677
rl3,cenario2_tempo_aleatorio/180-600s_20percent,1,283.0,21,21,0,11,0,1.0
rl3,cenario2_tempo_aleatorio/180-600s_20percent,2,454.0,7,6,1,9,11,0.8571
rl3,cenario2_tempo_aleatorio/180-600s_20percent,3,555.0,13,12,1,7,24,0.9231
rl3,cenario2_tempo_aleatorio/180-600s_20percent,4,224.0,5,5,0,10,5,1.0
rl3,cenario2_tempo_aleatorio/180-600s_20percent,5,246.0,12,11,1,11,1,0.9167
rl3,cenario2_tempo_aleatorio/180-600s_20percent,6,194.0,24,23,1,10,5,0.9583
rl3,cenario2_tempo_aleatorio/180-600s_20percent,7,395.0,11,10,1,11,0,0.9091
rl3,cenario2_tempo_aleatorio/180-600s_20percent,8,336.0,31,30,1,10,5,0.9677
rl3,cenario2_tempo_aleatorio/180-600s_20percent,9,509.0,29,24,5,6,30,0.8276
rl3,cenario2_tempo_aleatorio/180-600s_20percent,10,539.0,41,39,2,11,0,0.9512
rl3,cenario2_tempo_aleatorio/180-600s_20percent,11,319.0,13,12,1,11,0,0.9231
rl3,cenario2_tempo_aleatorio/180-600s_20percent,12,513.0,48,43,5,10,5,0.8958
rl3,cenario2_tempo_aleatorio/180-600s_20percent,13,300.0,19,19,0,11,0,1.0
rl3,cenario2_tempo_aleatorio/180-600s_20percent,14,235.0,26,26,0,11,1,1.0
rl3,cenario2_tempo_aleatorio/180-600s_20percent,15,559.0,28,27,1,9,11,0.9643
rl3,cenario2_tempo_aleatorio/180-600s_20percent,16,370.0,24,21,3,11,1,0.875
rl3,cenario2_tempo_aleatorio/180-600s_20percent,17,582.0,50,48,2,11,1,0.96
rl3,cenario2_tempo_aleatorio/180-600s_20percent,18,231.0,45,44,1,8,18,0.9778
rl3,cenario2_tempo_aleatorio/180-600s_20percent,19,522.0,34,34,0,10,5,1.0
rl3,cenario2_tempo_aleatorio/180-600s_20percent,20,606.0,13,12,1,10,5,0.9231
rl3,cenario2_tempo_aleatorio/180-600s_20percent,21,502.0,7,7,0,11,1,1.0
rl3,cenario2_tempo_aleatorio/180-600s_20percent,22,266.0,10,10,0,11,1,1.0
rl3,cenario2_tempo_aleatorio/180-600s_20percent,23,407.0,35,30,5,11,0,0.8571
rl3,cenario2_tempo_aleatorio/180-600s_20percent,24,376.0,49,45,4,10,5,0.9184
rl3,cenario2_tempo_aleatorio/180-600s_20percent,25,218.0,17,16,1,9,12,0.9412
rl3,cenario2_tempo_aleatorio/180-600s_20percent,26,252.0,23,22,1,11,0,0.9565
rl3,cenario2_tempo_aleatorio/180-600s_20percent,27,290.0,24,24,0,9,11,1.0
rl3,cenario2_tempo_aleatorio/180-600s_20percent,28,601.0,9,8,1,10,5,0.8889
rl3,cenario2_tempo_aleatorio/180-600s_20percent,29,273.0,20,20,0,11,1,1.0
rl3,cenario2_tempo_aleatorio/180-600s_20percent,30,360.0,24,22,2,10,5,0.9167
rl3,cenario2_tempo_aleatorio/180-600s_20percent,31,346.0,40,40,0,10,5,1.0
rl3,cenario2_tempo_aleatorio/180-600s_20percent,32,350.0,50,47,3,11,1,0.94
rl3,cenario2_tempo_aleatorio/180-600s_20percent,33,218.0,19,18,1,11,1,0.9474
rl3,cenario2_tempo_aleatorio/180-600s_20percent,34,221.0,13,13,0,11,0,1.0
rl3,cenario2_tempo_aleatorio/180-600s_20percent,35,533.0,56,53,3,11,1,0.9464
rl3,cenario2_tempo_aleatorio/180-600s_30percent,1,436.0,22,21,1,11,0,0.9545
rl3,cenario2_tempo_aleatorio/180-600s_30percent,2,238.0,42,41,1,9,11,0.9762
rl3,cenario2_tempo_aleatorio/180-600s_30percent,3,376.0,38,36,2,11,0,0.9474
rl3,cenario2_tempo_aleatorio/180-600s_30percent,4,517.0,48,46,2,10,5,0.9583
rl3,cenario2_tempo_aleatorio/180-600s_30percent,5,504.0,44,40,4,10,5,0.9091
rl3,cenario2_tempo_aleatorio/180-600s_30percent,6,447.0,52,52,0,10,5,1.0
rl3,cenario2_tempo_aleatorio/180-600s_30percent,7,609.0,65,64,1,11,1,0.9846
rl3,cenario2_tempo_aleatorio/180-600s_30percent,8,216.0,22,20,2,9,11,0.9091
rl3,cenario2_tempo_aleatorio/180-600s_30percent,9,524.0,28,27,1,11,0,0.9643
rl3,cenario2_tempo_aleatorio/180-600s_30percent,10,571.0,42,40,2,11,1,0.9524
rl3,cenario2_tempo_aleatorio/180-600s_30percent,11,592.0,54,53,1,11,0,0.9815
rl3,cenario2_tempo_aleatorio/180-600s_30percent,12,583.0,48,47,1,9,11,0.9792
rl3,cenario2_tempo_aleatorio/180-600s_30percent,13,261.0,61,58,3,10,5,0.9508
rl3,cenario2_tempo_aleatorio/180-600s_30percent,14,228.0,19,19,0,11,0,1.0
rl3,cenario2_tempo_aleatorio/180-600s_30percent,15,586.0,66,63,3,10,5,0.9545
rl3,cenario2_tempo_aleatorio/180-600s_30percent,16,486.0,72,70,2,11,0,0.9722
rl3,cenario2_tempo_aleatorio/180-600s_30percent,17,561.0,76,74,2,11,0,0.9737
rl3,cenario2_tempo_aleatorio/180-600s_30percent,18,310.0,20,20,0,10,5,1.0
rl3,cenario2_tempo_aleatorio/180-600s_30percent,19,314.0,39,39,0,10,5,1.0
rl3,cenario2_tempo_aleatorio/180-600s_30percent,20,323.0,36,34,2,11,1,0.9444
rl3,cenario2_tempo_aleatorio/180-600s_30percent,21,544.0,50,48,2,11,0,0.96
rl3,cenario2_tempo_aleatorio/180-600s_30percent,22,602.0,38,36,2,11,0,0.9474
rl3,cenario2_tempo_aleatorio/180-600s_30percent,23,350.0,40,39,1,9,11,0.975
rl3,cenario2_tempo_aleatorio/180-600s_30percent,24,480.0,58,56,2,11,0,0.9655
rl3,cenario2_tempo_aleatorio/180-600s_30percent,25,411.0,62,60,2,11,0,0.9677
rl3,cenario2_tempo_aleatorio/180-600s_30percent,26,252.0,29,28,1,11,1,0.9655
rl3,cenario2_tempo_aleatorio/180-600s_30percent,27,577.0,44,42,2,11,0,0.9545
rl3,cenario2_tempo_aleatorio/180-600s_30percent,28,497.0,38,38,0,10,6,1.0
rl3,cenario2_tempo_aleatorio/180-600s_30percent,29,543.0,62,59,3,11,0,0.9516
rl3,cenario2_tempo_aleatorio/180-600s_30percent,30,394.0,37,36,1,10,5,0.973
rl3,cenario2_tempo_aleatorio/180-600s_30percent,31,434.0,49,47,2,8,18,0.9592
rl3,cenario2_tempo_aleatorio/180-600s_30percent,32,441.0,42,40,2,10,5,0.9524
rl3,cenario2_tempo_aleatorio/180-600s_30percent,33,577.0,20,18,2,9,11,0.9
rl3,cenario2_tempo_aleatorio/180-600s_30percent,34,528.0,42,41,1,9,11,0.9762
rl3,cenario2_tempo_aleatorio/180-600s_30percent,35,456.0,65,63,2,11,1,0.9692
rl3,cenario3_tudo_aleatorio/180-600s_10-30percent,1,316.0,37,35,2,11,0,0.9459
rl3,cenario3_tudo_aleatorio/180-600s_10-30percent,2,224.0,33,32,1,11,0,0.9697
rl3,cenario3_tudo_aleatorio/180-600s_10-30percent,3,463.0,2,2,0,11,2,1.0
rl3,cenario3_tudo_aleatorio/180-600s_10-30percent,4,576.0,31,31,0,11,1,1.0
rl3,cenario3_tudo_aleatorio/180-600s_10-30percent,5,577.0,32,31,1,11,0,0.9688
rl3,cenario3_tudo_aleatorio/180-600s_10-30percent,6,443.0,10,10,0,11,1,1.0
rl3,cenario3_tudo_aleatorio/180-600s_10-30percent,7,328.0,14,13,1,11,1,0.9286
rl3,cenario3_tudo_aleatorio/180-600s_10-30percent,8,439.0,45,43,2,11,0,0.9556
rl3,cenario3_tudo_aleatorio/180-600s_10-30percent,9,318.0,33,32,1,10,5,0.9697
rl3,cenario3_tudo_aleatorio/180-600s_10-30percent,10,423.0,42,40,2,6,30,0.9524
rl3,cenario3_tudo_aleatorio/180-600s_10-30percent,11,454.0,3,3,0,10,5,1.0
rl3,cenario3_tudo_aleatorio/180-600s_10-30percent,12,396.0,25,23,2,9,11,0.92
rl3,cenario3_tudo_aleatorio/180-600s_10-30percent,13,368.0,6,5,1,11,1,0.8333
rl3,cenario3_tudo_aleatorio/180-600s_10-30percent,14,463.0,58,57,1,7,24,0.9828
rl3,cenario3_tudo_aleatorio/180-600s_10-30percent,15,209.0,12,12,0,10,5,1.0
rl3,cenario3_tudo_aleatorio/180-600s_10-30percent,16,384.0,20,20,0,11,0,1.0
rl3,cenario3_tudo_aleatorio/180-600s_10-30percent,17,315.0,23,21,2,11,1,0.913
rl3,cenario3_tudo_aleatorio/180-600s_10-30percent,18,515.0,39,38,1,8,18,0.9744
rl3,cenario3_tudo_aleatorio/180-600s_10-30percent,19,536.0,25,24,1,9,11,0.96
rl3,cenario3_tudo_aleatorio/180-600s_10-30percent,20,362.0,32,29,3,11,1,0.9062
rl3,cenario3_tudo_aleatorio/180-600s_10-30percent,21,301.0,29,28,1,11,0,0.9655
rl3,cenario3_tudo_aleatorio/180-600s_10-30percent,22,385.0,31,30,1,10,5,0.9677
rl3,cenario3_tudo_aleatorio/180-600s_10-30percent,23,609.0,68,64,4,9,11,0.9412
rl3,cenario3_tudo_aleatorio/180-600s_10-30percent,24,251.0,23,23,0,10,5,1.0
rl3,cenario3_tudo_aleatorio/180-600s_10-30percent,25,546.0,31,28,3,8,18,0.9032
rl3,cenario3_tudo_aleatorio/180-600s_10-30percent,26,235.0,45,43,2,11,0,0.9556
rl3,cenario3_tudo_aleatorio/180-600s_10-30percent,27,314.0,25,23,2,11,0,0.92
rl3,cenario3_tudo_aleatorio/180-600s_10-30percent,28,211.0,15,15,0,6,30,1.0
rl3,cenario3_tudo_aleatorio/180-600s_10-30percent,29,491.0,24,24,0,11,3,1.0
rl3,cenario3_tudo_aleatorio/180-600s_10-30percent,30,284.0,53,52,1,6,30,0.9811
rl3,cenario3_tudo_aleatorio/180-600s_10-30percent,31,223.0,38,37,1,10,5,0.9737
rl3,cenario3_tudo_aleatorio/180-600s_10-30percent,32,405.0,48,44,4,8,18,0.9167
rl3,cenario3_tudo_aleatorio/180-600s_10-30percent,33,464.0,24,23,1,8,18,0.9583
rl3,cenario3_tudo_aleatorio/180-600s_10-30percent,34,256.0,52,49,3,10,5,0.9423
rl3,cenario3_tudo_aleatorio/180-600s_10-30percent,35,474.0,32,30,2,10,5,0.9375
with-fail,cenario1_tempo_fixo/310s_10percent,1,320.0,13,0,0,9,11,0.0
with-fail,cenario1_tempo_fixo/310s_10percent,2,320.0,14,0,0,10,5,0.0
with-fail,cenario1_tempo_fixo/310s_10percent,3,320.0,23,0,0,10,5,0.0
with-fail,cenario1_tempo_fixo/310s_10percent,4,320.0,24,0,0,11,3,0.0
with-fail,cenario1_tempo_fixo/310s_10percent,5,320.0,23,0,0,11,1,0.0
with-fail,cenario1_tempo_fixo/310s_10percent,6,320.0,12,0,0,11,0,0.0
with-fail,cenario1_tempo_fixo/310s_10percent,7,320.0,6,0,0,11,2,0.0
with-fail,cenario1_tempo_fixo/310s_10percent,8,320.0,15,0,0,11,0,0.0
with-fail,cenario1_tempo_fixo/310s_10percent,9,320.0,54,0,0,11,0,0.0
with-fail,cenario1_tempo_fixo/310s_10percent,10,320.0,12,0,0,10,5,0.0
with-fail,cenario1_tempo_fixo/310s_10percent,11,320.0,13,0,0,8,18,0.0
with-fail,cenario1_tempo_fixo/310s_10percent,12,320.0,26,0,0,9,11,0.0
with-fail,cenario1_tempo_fixo/310s_10percent,13,320.0,8,0,0,8,18,0.0
with-fail,cenario1_tempo_fixo/310s_10percent,14,320.0,16,0,0,11,0,0.0
with-fail,cenario1_tempo_fixo/310s_10percent,15,320.0,23,0,0,9,11,0.0
with-fail,cenario1_tempo_fixo/310s_10percent,16,320.0,9,0,0,10,5,0.0
with-fail,cenario1_tempo_fixo/310s_10percent,17,320.0,39,0,0,8,18,0.0
with-fail,cenario1_tempo_fixo/310s_10percent,18,320.0,59,0,0,9,11,0.0
with-fail,cenario1_tempo_fixo/310s_10percent,19,320.0,21,0,0,9,11,0.0
with-fail,cenario1_tempo_fixo/310s_10percent,20,320.0,8,0,0,11,0,0.0
with-fail,cenario1_tempo_fixo/310s_10percent,21,320.0,18,0,0,11,1,0.0
with-fail,cenario1_tempo_fixo/310s_10percent,22,320.0,18,0,0,11,1,0.0
with-fail,cenario1_tempo_fixo/310s_10percent,23,320.0,23,0,0,10,5,0.0
with-fail,cenario1_tempo_fixo/310s_10percent,24,320.0,11,0,0,11,1,0.0
with-fail,cenario1_tempo_fixo/310s_10percent,25,320.0,12,0,0,9,11,0.0
with-fail,cenario1_tempo_fixo/310s_10percent,26,320.0,23,0,0,10,8,0.0
with-fail,cenario1_tempo_fixo/310s_10percent,27,320.0,27,0,0,8,18,0.0
with-fail,cenario1_tempo_fixo/310s_10percent,28,320.0,27,0,0,10,7,0.0
with-fail,cenario1_tempo_fixo/310s_10percent,29,320.0,24,0,0,10,5,0.0
with-fail,cenario1_tempo_fixo/310s_10percent,30,320.0,16,0,0,10,5,0.0
with-fail,cenario1_tempo_fixo/310s_10percent,31,320.0,22,0,0,11,0,0.0
with-fail,cenario1_tempo_fixo/310s_10percent,32,320.0,21,0,0,10,6,0.0
with-fail,cenario1_tempo_fixo/310s_10percent,33,320.0,12,0,0,9,11,0.0
with-fail,cenario1_tempo_fixo/310s_10percent,34,320.0,26,0,0,10,5,0.0
with-fail,cenario1_tempo_fixo/310s_10percent,35,320.0,33,0,0,10,5,0.0
with-fail,cenario1_tempo_fixo/310s_20percent,1,320.0,22,0,0,9,11,0.0
with-fail,cenario1_tempo_fixo/310s_20percent,2,320.0,31,0,0,10,5,0.0
with-fail,cenario1_tempo_fixo/310s_20percent,3,320.0,28,0,0,7,24,0.0
with-fail,cenario1_tempo_fixo/310s_20percent,4,320.0,36,0,0,7,24,0.0
with-fail,cenario1_tempo_fixo/310s_20percent,5,320.0,44,0,0,7,24,0.0
with-fail,cenario1_tempo_fixo/310s_20percent,6,320.0,44,0,0,10,6,0.0
with-fail,cenario1_tempo_fixo/310s_20percent,7,320.0,39,0,0,11,3,0.0
with-fail,cenario1_tempo_fixo/310s_20percent,8,320.0,43,0,0,11,1,0.0
with-fail,cenario1_tempo_fixo/310s_20percent,9,320.0,23,0,0,10,5,0.0
with-fail,cenario1_tempo_fixo/310s_20percent,10,320.0,64,0,0,11,2,0.0
with-fail,cenario1_tempo_fixo/310s_20percent,11,320.0,19,0,0,10,5,0.0
with-fail,cenario1_tempo_fixo/310s_20percent,12,320.0,63,0,0,10,5,0.0
with-fail,cenario1_tempo_fixo/310s_20percent,13,320.0,43,0,0,10,5,0.0
with-fail,cenario1_tempo_fixo/310s_20percent,14,320.0,48,0,0,10,5,0.0
with-fail,cenario1_tempo_fixo/310s_20percent,15,320.0,45,0,0,9,11,0.0
with-fail,cenario1_tempo_fixo/310s_20percent,16,320.0,36,0,0,10,5,0.0
with-fail,cenario1_tempo_fixo/310s_20percent,17,320.0,12,0,0,11,1,0.0
with-fail,cenario1_tempo_fixo/310s_20percent,18,320.0,19,0,0,8,18,0.0
with-fail,cenario1_tempo_fixo/310s_20percent,19,320.0,15,0,0,9,13,0.0
with-fail,cenario1_tempo_fixo/310s_20percent,20,320.0,37,0,0,11,1,0.0
with-fail,cenario1_tempo_fixo/310s_20percent,21,320.0,24,0,0,11,0,0.0
with-fail,cenario1_tempo_fixo/310s_20percent,22,320.0,30,0,0,11,1,0.0
with-fail,cenario1_tempo_fixo/310s_20percent,23,320.0,25,0,0,8,18,0.0
with-fail,cenario1_tempo_fixo/310s_20percent,24,320.0,31,0,0,6,30,0.0
with-fail,cenario1_tempo_fixo/310s_20percent,25,320.0,39,0,0,7,24,0.0
with-fail,cenario1_tempo_fixo/310s_20percent,26,320.0,29,0,0,10,5,0.0
with-fail,cenario1_tempo_fixo/310s_20percent,27,320.0,39,0,0,10,5,0.0
with-fail,cenario1_tempo_fixo/310s_20percent,28,320.0,39,0,0,10,5,0.0
with-fail,cenario1_tempo_fixo/310s_20percent,29,320.0,28,0,0,9,11,0.0
with-fail,cenario1_tempo_fixo/310s_20percent,30,320.0,43,0,0,9,11,0.0
with-fail,cenario1_tempo_fixo/310s_20percent,31,320.0,22,0,0,9,11,0.0
with-fail,cenario1_tempo_fixo/310s_20percent,32,320.0,20,0,0,11,1,0.0
with-fail,cenario1_tempo_fixo/310s_20percent,33,320.0,68,0,0,6,30,0.0
with-fail,cenario1_tempo_fixo/310s_20percent,34,320.0,46,0,0,11,1,0.0
with-fail,cenario1_tempo_fixo/310s_20percent,35,320.0,17,0,0,9,11,0.0
with-fail,cenario1_tempo_fixo/310s_30percent,1,320.0,29,0,0,7,24,0.0
with-fail,cenario1_tempo_fixo/310s_30percent,2,320.0,43,0,0,11,1,0.0
with-fail,cenario1_tempo_fixo/310s_30percent,3,320.0,39,0,0,7,24,0.0
with-fail,cenario1_tempo_fixo/310s_30percent,4,320.0,65,0,0,7,24,0.0
with-fail,cenario1_tempo_fixo/310s_30percent,5,320.0,74,0,0,11,2,0.0
with-fail,cenario1_tempo_fixo/310s_30percent,6,320.0,52,0,0,8,18,0.0
with-fail,cenario1_tempo_fixo/310s_30percent,7,320.0,41,0,0,10,5,0.0
with-fail,cenario1_tempo_fixo/310s_30percent,8,320.0,36,0,0,11,1,0.0
with-fail,cenario1_tempo_fixo/310s_30percent,9,320.0,63,0,0,6,30,0.0
with-fail,cenario1_tempo_fixo/310s_30percent,10,320.0,49,0,0,8,18,0.0
with-fail,cenario1_tempo_fixo/310s_30percent,11,320.0,48,0,0,11,1,0.0
with-fail,cenario1_tempo_fixo/310s_30percent,12,320.0,62,0,0,9,11,0.0
with-fail,cenario1_tempo_fixo/310s_30percent,13,320.0,29,0,0,7,24,0.0
with-fail,cenario1_tempo_fixo/310s_30percent,14,320.0,67,0,0,9,15,0.0
with-fail,cenario1_tempo_fixo/310s_30percent,15,320.0,35,0,0,10,5,0.0
with-fail,cenario1_tempo_fixo/310s_30percent,16,320.0,36,0,0,10,5,0.0
with-fail,cenario1_tempo_fixo/310s_30percent,17,320.0,73,0,0,9,11,0.0
with-fail,cenario1_tempo_fixo/310s_30percent,18,320.0,63,0,0,10,5,0.0
with-fail,cenario1_tempo_fixo/310s_30percent,19,320.0,63,0,0,8,18,0.0
with-fail,cenario1_tempo_fixo/310s_30percent,20,320.0,58,0,0,11,0,0.0
with-fail,cenario1_tempo_fixo/310s_30percent,21,320.0,47,0,0,8,18,0.0
with-fail,cenario1_tempo_fixo/310s_30percent,22,320.0,48,0,0,9,11,0.0
with-fail,cenario1_tempo_fixo/310s_30percent,23,320.0,40,0,0,8,18,0.0
with-fail,cenario1_tempo_fixo/310s_30percent,24,320.0,102,0,0,11,1,0.0
with-fail,cenario1_tempo_fixo/310s_30percent,25,320.0,38,0,0,11,3,0.0
with-fail,cenario1_tempo_fixo/310s_30percent,26,320.0,43,0,0,9,11,0.0
with-fail,cenario1_tempo_fixo/310s_30percent,27,320.0,57,0,0,10,5,0.0
with-fail,cenario1_tempo_fixo/310s_30percent,28,320.0,33,0,0,10,5,0.0
with-fail,cenario1_tempo_fixo/310s_30percent,29,320.0,54,0,0,11,1,0.0
with-fail,cenario1_tempo_fixo/310s_30percent,30,320.0,66,0,0,11,1,0.0
with-fail,cenario1_tempo_fixo/310s_30percent,31,320.0,30,0,0,10,5,0.0
with-fail,cenario1_tempo_fixo/310s_30percent,32,320.0,52,0,0,9,11,0.0
with-fail,cenario1_tempo_fixo/310s_30percent,33,320.0,62,0,0,9,11,0.0
with-fail,cenario1_tempo_fixo/310s_30percent,34,320.0,37,0,0,10,5,0.0
with-fail,cenario1_tempo_fixo/310s_30percent,35,320.0,29,0,0,9,11,0.0
with-fail,cenario2_tempo_aleatorio/180-600s_10percent,1,331.0,0,0,0,8,18,
with-fail,cenario2_tempo_aleatorio/180-600s_10percent,2,323.0,0,0,0,11,1,
with-fail,cenario2_tempo_aleatorio/180-600s_10percent,3,374.0,0,0,0,10,5,
with-fail,cenario2_tempo_aleatorio/180-600s_10percent,4,268.0,0,0,0,7,24,
with-fail,cenario2_tempo_aleatorio/180-600s_10percent,5,209.0,0,0,0,6,30,
with-fail,cenario2_tempo_aleatorio/180-600s_10percent,6,482.0,0,0,0,11,0,
with-fail,cenario2_tempo_aleatorio/180-600s_10percent,7,334.0,0,0,0,9,13,
with-fail,cenario2_tempo_aleatorio/180-600s_10percent,8,236.0,0,0,0,10,5,
with-fail,cenario2_tempo_aleatorio/180-600s_10percent,9,566.0,0,0,0,9,11,
with-fail,cenario2_tempo_aleatorio/180-600s_10percent,10,400.0,0,0,0,11,0,
with-fail,cenario2_tempo_aleatorio/180-600s_10percent,11,276.0,0,0,0,7,24,
with-fail,cenario2_tempo_aleatorio/180-600s_10percent,12,448.0,0,0,0,11,0,
with-fail,cenario2_tempo_aleatorio/180-600s_10percent,13,588.0,0,0,0,9,11,
with-fail,cenario2_tempo_aleatorio/180-600s_10percent,14,457.0,0,0,0,10,9,
with-fail,cenario2_tempo_aleatorio/180-600s_10percent,15,450.0,0,0,0,11,0,
with-fail,cenario2_tempo_aleatorio/180-600s_10percent,16,407.0,0,0,0,11,1,
with-fail,cenario2_tempo_aleatorio/180-600s_10percent,17,445.0,0,0,0,9,11,
with-fail,cenario2_tempo_aleatorio/180-600s_10percent,18,275.0,0,0,0,10,5,
with-fail,cenario2_tempo_aleatorio/180-600s_10percent,19,345.0,0,0,0,9,14,
with-fail,cenario2_tempo_aleatorio/180-600s_10percent,20,564.0,0,0,0,9,11,
with-fail,cenario2_tempo_aleatorio/180-600s_10percent,21,581.0,0,0,0,11,0,
with-fail,cenario2_tempo_aleatorio/180-600s_10percent,22,470.0,0,0,0,11,2,
with-fail,cenario2_tempo_aleatorio/180-600s_10percent,23,218.0,0,0,0,8,18,
with-fail,cenario2_tempo_aleatorio/180-600s_10percent,24,299.0,0,0,0,10,7,
with-fail,cenario2_tempo_aleatorio/180-600s_10percent,25,473.0,0,0,0,11,0,
with-fail,cenario2_tempo_aleatorio/180-600s_10percent,26,601.0,0,0,0,9,11,
with-fail,cenario2_tempo_aleatorio/180-600s_10percent,27,507.0,0,0,0,11,3,
with-fail,cenario2_tempo_aleatorio/180-600s_10percent,28,222.0,0,0,0,10,5,
with-fail,cenario2_tempo_aleatorio/180-600s_10percent,29,459.0,0,0,0,11,0,
with-fail,cenario2_tempo_aleatorio/180-600s_10percent,30,555.0,0,0,0,11,2,
with-fail,cenario2_tempo_aleatorio/180-600s_10percent,31,539.0,0,0,0,11,1,
with-fail,cenario2_tempo_aleatorio/180-600s_10percent,32,597.0,0,0,0,11,1,
with-fail,cenario2_tempo_aleatorio/180-600s_10percent,33,222.0,0,0,0,8,18,
with-fail,cenario2_tempo_aleatorio/180-600s_10percent,34,473.0,0,0,0,7,24,
with-fail,cenario2_tempo_aleatorio/180-600s_10percent,35,446.0,0,0,0,11,1,
with-fail,cenario2_tempo_aleatorio/180-600s_20percent,1,468.0,0,0,0,11,0,
with-fail,cenario2_tempo_aleatorio/180-600s_20percent,2,202.0,0,0,0,10,9,
with-fail,cenario2_tempo_aleatorio/180-600s_20percent,3,423.0,0,0,0,9,11,
with-fail,cenario2_tempo_aleatorio/180-600s_20percent,4,365.0,0,0,0,11,1,
with-fail,cenario2_tempo_aleatorio/180-600s_20percent,5,473.0,0,0,0,11,0,
with-fail,cenario2_tempo_aleatorio/180-600s_20percent,6,240.0,0,0,0,10,7,
with-fail,cenario2_tempo_aleatorio/180-600s_20percent,7,546.0,0,0,0,10,5,
with-fail,cenario2_tempo_aleatorio/180-600s_20percent,8,404.0,0,0,0,11,1,
with-fail,cenario2_tempo_aleatorio/180-600s_20percent,9,541.0,0,0,0,9,11,
with-fail,cenario2_tempo_aleatorio/180-600s_20percent,10,581.0,0,0,0,8,18,
with-fail,cenario2_tempo_aleatorio/180-600s_20percent,11,243.0,0,0,0,8,18,
with-fail,cenario2_tempo_aleatorio/180-600s_20percent,12,293.0,0,0,0,8,18,
with-fail,cenario2_tempo_aleatorio/180-600s_20percent,13,591.0,0,0,0,9,11,
with-fail,cenario2_tempo_aleatorio/180-600s_20percent,14,319.0,0,0,0,7,24,
with-fail,cenario2_tempo_aleatorio/180-600s_20percent,15,295.0,0,0,0,8,18,
with-fail,cenario2_tempo_aleatorio/180-600s_20percent,16,207.0,0,0,0,11,2,
with-fail,cenario2_tempo_aleatorio/180-600s_20percent,17,463.0,0,0,0,7,24,
with-fail,cenario2_tempo_aleatorio/180-600s_20percent,18,498.0,0,0,0,6,30,
with-fail,cenario2_tempo_aleatorio/180-600s_20percent,19,461.0,0,0,0,9,11,
with-fail,cenario2_tempo_aleatorio/180-600s_20percent,20,417.0,0,0,0,8,18,
with-fail,cenario2_tempo_aleatorio/180-600s_20percent,21,565.0,0,0,0,11,1,
with-fail,cenario2_tempo_aleatorio/180-600s_20percent,22,482.0,0,0,0,10,5,
with-fail,cenario2_tempo_aleatorio/180-600s_20percent,23,460.0,0,0,0,8,18,
with-fail,cenario2_tempo_aleatorio/180-600s_20percent,24,323.0,0,0,0,11,1,
with-fail,cenario2_tempo_aleatorio/180-600s_20percent,25,265.0,0,0,0,11,1,
with-fail,cenario2_tempo_aleatorio/180-600s_20percent,26,520.0,0,0,0,11,0,
with-fail,cenario2_tempo_aleatorio/180-600s_20percent,27,216.0,0,0,0,11,0,
with-fail,cenario2_tempo_aleatorio/180-600s_20percent,28,255.0,0,0,0,9,11,
with-fail,cenario2_tempo_aleatorio/180-600s_20percent,29,594.0,0,0,0,11,1,
with-fail,cenario2_tempo_aleatorio/180-600s_20percent,30,601.0,0,0,0,9,11,
with-fail,cenario2_tempo_aleatorio/180-600s_20percent,31,425.0,0,0,0,9,11,
with-fail,cenario2_tempo_aleatorio/180-600s_20percent,32,551.0,0,0,0,10,5,
with-fail,cenario2_tempo_aleatorio/180-600s_20percent,33,494.0,0,0,0,10,5,
with-fail,cenario2_tempo_aleatorio/180-600s_20percent,34,252.0,0,0,0,7,24,
with-fail,cenario2_tempo_aleatorio/180-600s_20percent,35,252.0,0,0,0,8,18,
with-fail,cenario2_tempo_aleatorio/180-600s_30percent,1,401.0,0,0,0,10,6,
with-fail,cenario2_tempo_aleatorio/180-600s_30percent,2,209.0,0,0,0,9,11,
with-fail,cenario2_tempo_aleatorio/180-600s_30percent,3,268.0,0,0,0,9,11,
with-fail,cenario2_tempo_aleatorio/180-600s_30percent,4,376.0,0,0,0,8,18,
with-fail,cenario2_tempo_aleatorio/180-600s_30percent,5,422.0,0,0,0,8,18,
with-fail,cenario2_tempo_aleatorio/180-600s_30percent,6,398.0,0,0,0,11,1,
with-fail,cenario2_tempo_aleatorio/180-600s_30percent,7,409.0,0,0,0,8,18,
with-fail,cenario2_tempo_aleatorio/180-600s_30percent,8,304.0,0,0,0,9,11,
with-fail,cenario2_tempo_aleatorio/180-600s_30percent,9,525.0,0,0,0,9,11,
with-fail,cenario2_tempo_aleatorio/180-600s_30percent,10,560.0,0,0,0,10,5,
with-fail,cenario2_tempo_aleatorio/180-600s_30percent,11,338.0,0,0,0,10,5,
with-fail,cenario2_tempo_aleatorio/180-600s_30percent,12,496.0,0,0,0,11,1,
with-fail,cenario2_tempo_aleatorio/180-600s_30percent,13,485.0,0,0,0,10,5,
with-fail,cenario2_tempo_aleatorio/180-600s_30percent,14,284.0,0,0,0,9,11,
with-fail,cenario2_tempo_aleatorio/180-600s_30percent,15,448.0,0,0,0,11,1,
with-fail,cenario2_tempo_aleatorio/180-600s_30percent,16,519.0,0,0,0,8,18,
with-fail,cenario2_tempo_aleatorio/180-600s_30percent,17,353.0,0,0,0,8,19,
with-fail,cenario2_tempo_aleatorio/180-600s_30percent,18,310.0,0,0,0,11,0,
with-fail,cenario2_tempo_aleatorio/180-600s_30percent,19,582.0,0,0,0,10,5,
with-fail,cenario2_tempo_aleatorio/180-600s_30percent,20,322.0,0,0,0,10,5,
with-fail,cenario2_tempo_aleatorio/180-600s_30percent,21,287.0,0,0,0,9,11,
with-fail,cenario2_tempo_aleatorio/180-600s_30percent,22,214.0,0,0,0,7,24,
with-fail,cenario2_tempo_aleatorio/180-600s_30percent,23,559.0,0,0,0,9,11,
with-fail,cenario2_tempo_aleatorio/180-600s_30percent,24,508.0,0,0,0,9,11,
with-fail,cenario2_tempo_aleatorio/180-600s_30percent,25,524.0,0,0,0,9,11,
with-fail,cenario2_tempo_aleatorio/180-600s_30percent,26,204.0,0,0,0,11,0,
with-fail,cenario2_tempo_aleatorio/180-600s_30percent,27,244.0,0,0,0,11,0,
with-fail,cenario2_tempo_aleatorio/180-600s_30percent,28,452.0,0,0,0,5,37,
with-fail,cenario2_tempo_aleatorio/180-600s_30percent,29,368.0,0,0,0,11,1,
with-fail,cenario2_tempo_aleatorio/180-600s_30percent,30,563.0,0,0,0,8,18,
with-fail,cenario2_tempo_aleatorio/180-600s_30percent,31,368.0,0,0,0,11,1,
with-fail,cenario2_tempo_aleatorio/180-600s_30percent,32,409.0,0,0,0,10,5,
with-fail,cenario2_tempo_aleatorio/180-600s_30percent,33,237.0,0,0,0,9,11,
with-fail,cenario2_tempo_aleatorio/180-600s_30percent,34,558.0,0,0,0,11,1,
with-fail,cenario2_tempo_aleatorio/180-600s_30percent,35,550.0,0,0,0,9,11,
with-fail,cenario3_tudo_aleatorio/180-600s_10-30percent,1,315.0,0,0,0,10,5,
with-fail,cenario3_tudo_aleatorio/180-600s_10-30percent,2,201.0,0,0,0,6,30,
with-fail,cenario3_tudo_aleatorio/180-600s_10-30percent,3,,0,0,0,10,5,
with-fail,cenario3_tudo_aleatorio/180-600s_10-30percent,4,465.0,0,0,0,11,1,
with-fail,cenario3_tudo_aleatorio/180-600s_10-30percent,5,418.0,0,0,0,10,5,
with-fail,cenario3_tudo_aleatorio/180-600s_10-30percent,6,463.0,0,0,0,10,5,
with-fail,cenario3_tudo_aleatorio/180-600s_10-30percent,7,172.0,0,0,0,11,1,
with-fail,cenario3_tudo_aleatorio/180-600s_10-30percent,8,602.0,0,0,0,11,1,
with-fail,cenario3_tudo_aleatorio/180-600s_10-30percent,9,285.0,0,0,0,11,0,
with-fail,cenario3_tudo_aleatorio/180-600s_10-30percent,10,512.0,0,0,0,8,18,
with-fail,cenario3_tudo_aleatorio/180-600s_10-30percent,11,450.0,0,0,0,9,11,
with-fail,cenario3_tudo_aleatorio/180-600s_10-30percent,12,434.0,0,0,0,10,5,
with-fail,cenario3_tudo_aleatorio/180-600s_10-30percent,13,246.0,0,0,0,10,5,
with-fail,cenario3_tudo_aleatorio/180-600s_10-30percent,14,440.0,0,0,0,11,0,
with-fail,cenario3_tudo_aleatorio/180-600s_10-30percent,15,488.0,0,0,0,10,5,
with-fail,cenario3_tudo_aleatorio/180-600s_10-30percent,16,192.0,0,0,0,6,30,
with-fail,cenario3_tudo_aleatorio/180-600s_10-30percent,17,401.0,0,0,0,8,18,
with-fail,cenario3_tudo_aleatorio/180-600s_10-30percent,18,573.0,0,0,0,11,1,
with-fail,cenario3_tudo_aleatorio/180-600s_10-30percent,19,309.0,0,0,0,6,30,
with-fail,cenario3_tudo_aleatorio/180-600s_10-30percent,20,167.0,0,0,0,6,30,
with-fail,cenario3_tudo_aleatorio/180-600s_10-30percent,21,,0,0,0,10,5,
with-fail,cenario3_tudo_aleatorio/180-600s_10-30percent,22,370.0,0,0,0,8,18,
with-fail,cenario3_tudo_aleatorio/180-600s_10-30percent,23,557.0,0,0,0,10,5,
with-fail,cenario3_tudo_aleatorio/180-600s_10-30percent,24,462.0,0,0,0,11,1,
with-fail,cenario3_tudo_aleatorio/180-600s_10-30percent,25,342.0,0,0,0,11,0,
with-fail,cenario3_tudo_aleatorio/180-600s_10-30percent,26,352.0,0,0,0,11,2,
with-fail,cenario3_tudo_aleatorio/180-600s_10-30percent,27,564.0,0,0,0,11,0,
with-fail,cenario3_tudo_aleatorio/180-600s_10-30percent,28,501.0,0,0,0,9,11,
with-fail,cenario3_tudo_aleatorio/180-600s_10-30percent,29,253.0,0,0,0,11,0,
with-fail,cenario3_tudo_aleatorio/180-600s_10-30percent,30,264.0,0,0,0,11,0,
with-fail,cenario3_tudo_aleatorio/180-600s_10-30percent,31,,0,0,0,11,0,
with-fail,cenario3_tudo_aleatorio/180-600s_10-30percent,32,459.0,0,0,0,11,0,
with-fail,cenario3_tudo_aleatorio/180-600s_10-30percent,33,192.0,0,0,0,7,24,
with-fail,cenario3_tudo_aleatorio/180-600s_10-30percent,34,547.0,0,0,0,10,5,
with-fail,cenario3_tudo_aleatorio/180-600s_10-30percent,35,,0,0,0,11,2,
