approach,scenario,n_runs,clusters_mean,clusters_ci95,clusters_apt_mean,clusters_apt_ci95,orphans_mean,orphans_ci95,tasks_dispatched_mean,tasks_dispatched_ci95,tasks_success_rate_mean,tasks_success_rate_ci95,accept_latency_mean,accept_latency_ci95,realloc_success_mean,realloc_success_ci95,realloc_rate_mean,realloc_rate_median,realloc_rate_ci95,new_clusters_mean,new_clusters_ci95,connectivity_index_mean,connectivity_index_ci95
rl1,cenario1_tempo_fixo/310s_10percent,35,19.09,0.95,12.6,0.78,20.2,2.89,17.63,2.22,0.6442,0.0879,0.0291,0.0043,19.0,2.67,0.9438,0.9583,0.0201,0.0,0.0,0.9438,0.0201
rl1,cenario1_tempo_fixo/310s_20percent,35,19.43,0.68,12.06,0.92,26.37,3.59,16.2,2.28,0.7345,0.0972,0.0427,0.0293,25.14,3.46,0.9537,0.9545,0.013,0.0,0.0,0.9537,0.013
rl1,cenario1_tempo_fixo/310s_30percent,35,19.83,1.05,12.77,1.27,43.91,5.35,21.26,3.31,0.5538,0.1054,0.0262,0.0038,41.71,5.19,0.9476,0.9643,0.0162,0.0,0.0,0.9476,0.0162
rl1,cenario2_tempo_aleatorio/180-600s_10percent,35,20.11,1.07,13.0,0.98,20.34,2.81,17.23,2.44,0.6858,0.0963,0.0262,0.0039,19.23,2.67,0.945,0.9333,0.0156,0.0,0.0,0.945,0.0156
rl1,cenario2_tempo_aleatorio/180-600s_20percent,35,19.91,1.11,11.66,1.09,28.6,4.51,18.63,2.58,0.6235,0.0975,0.0276,0.0043,27.09,4.28,0.9453,0.9375,0.019,0.0,0.0,0.9453,0.019
rl1,cenario2_tempo_aleatorio/180-600s_30percent,35,19.71,0.91,13.31,1.02,42.4,5.65,18.17,2.48,0.6397,0.1005,0.0397,0.0339,40.0,5.36,0.9391,0.9535,0.0151,0.0,0.0,0.9391,0.0151
rl1,cenario3_tudo_aleatorio/180-600s_10-30percent,35,20.2,0.96,12.8,1.04,30.4,4.96,16.51,2.46,0.7042,0.0902,0.0392,0.025,29.14,4.76,0.9618,0.96,0.0116,0.0,0.0,0.9618,0.0116
rl2,cenario1_tempo_fixo/310s_10percent,35,19.34,0.82,13.26,0.88,16.77,3.17,15.14,1.5,0.7403,0.0775,0.0256,0.0034,15.89,2.99,0.9475,0.9667,0.0239,1.0,0.0,0.9475,0.0239
rl2,cenario1_tempo_fixo/310s_20percent,35,20.34,0.75,14.03,0.84,28.69,4.48,15.26,1.89,0.762,0.092,0.0427,0.0293,27.09,4.29,0.9429,0.9444,0.0138,1.31,0.16,0.9429,0.0138
rl2,cenario1_tempo_fixo/310s_30percent,35,20.57,1.11,15.77,1.13,40.2,4.48,13.2,1.14,0.8511,0.0644,0.0431,0.0341,38.03,4.26,0.9452,0.9483,0.0113,1.91,0.21,0.9452,0.0113
rl2,cenario2_tempo_aleatorio/180-600s_10percent,35,19.37,0.96,14.0,1.02,19.77,2.94,15.11,1.68,0.7547,0.0836,0.0234,0.0039,18.77,2.85,0.9243,0.96,0.0574,0.97,0.06,0.9243,0.0574
rl2,cenario2_tempo_aleatorio/180-600s_20percent,35,19.26,0.89,14.14,1.19,35.66,5.25,14.43,1.52,0.7884,0.0782,0.0373,0.0251,34.2,5.03,0.9599,0.9667,0.0136,1.54,0.17,0.9599,0.0136
rl2,cenario2_tempo_aleatorio/180-600s_30percent,35,19.89,1.0,14.91,0.91,45.29,5.98,15.31,1.77,0.7511,0.0856,0.0263,0.003,43.23,5.64,0.9568,0.9565,0.011,2.11,0.23,0.9568,0.011
rl2,cenario3_tudo_aleatorio/180-600s_10-30percent,35,19.0,1.13,14.11,1.22,33.4,5.74,14.91,1.7,0.7683,0.0848,0.0368,0.0241,31.74,5.46,0.9529,0.9538,0.0124,1.51,0.23,0.9529,0.0124
rl3,cenario1_tempo_fixo/310s_10percent,35,19.97,0.98,13.94,1.18,18.89,2.77,14.66,1.3,0.7592,0.0703,0.0272,0.0037,18.31,2.74,0.9665,1.0,0.0161,0.91,0.1,0.9665,0.0161
rl3,cenario1_tempo_fixo/310s_20percent,35,20.03,1.1,14.29,0.94,28.31,4.66,14.23,1.14,0.7778,0.0647,0.0285,0.0044,26.89,4.61,0.9405,0.9615,0.0193,1.17,0.2,0.9405,0.0193
rl3,cenario1_tempo_fixo/310s_30percent,35,19.94,1.11,14.51,1.07,41.26,3.95,14.77,1.55,0.7695,0.0779,0.0313,0.0074,39.66,3.8,0.961,0.9737,0.0126,1.66,0.19,0.961,0.0126
rl3,cenario2_tempo_aleatorio/180-600s_10percent,35,19.49,0.91,13.43,1.03,20.71,2.97,15.03,1.91,0.7665,0.0842,0.0427,0.029,19.83,2.92,0.9498,0.9655,0.022,1.0,0.0,0.9498,0.022
rl3,cenario2_tempo_aleatorio/180-600s_20percent,35,19.46,1.16,13.31,0.98,25.43,4.96,15.66,2.1,0.7374,0.0869,0.0236,0.0038,24.06,4.69,0.9469,0.9512,0.0167,0.2,0.14,0.9469,0.0167
rl3,cenario2_tempo_aleatorio/180-600s_30percent,35,19.29,0.91,14.97,1.31,44.86,5.28,14.74,1.47,0.7629,0.0818,0.0425,0.0322,43.29,5.16,0.9637,0.9655,0.0084,1.89,0.22,0.9637,0.0084
rl3,cenario3_tudo_aleatorio/180-600s_10-30percent,35,20.03,1.18,12.77,1.07,30.29,5.28,17.97,2.83,0.666,0.1022,0.0298,0.0047,28.97,5.04,0.9584,0.9655,0.0129,0.34,0.19,0.9584,0.0129
intuitive,cenario1_tempo_fixo/310s_10percent,35,24.6,7.21,16.03,5.69,23.14,6.13,20.54,3.36,0.5835,0.1073,0.0259,0.0032,18.17,3.13,0.9429,1.0,0.0809,0.23,0.17,0.9429,0.0809
intuitive,cenario1_tempo_fixo/310s_20percent,35,21.54,4.9,13.86,4.02,36.66,10.55,19.46,3.1,0.6072,0.1,0.0275,0.0039,32.23,8.06,0.9714,1.0,0.0581,0.17,0.2,0.9714,0.0581
intuitive,cenario1_tempo_fixo/310s_30percent,35,24.03,6.46,15.77,4.82,60.03,13.48,23.66,3.72,0.4954,0.1086,0.0313,0.0081,54.31,11.06,0.9714,1.0,0.0581,0.11,0.23,0.9714,0.0581
intuitive,cenario2_tempo_aleatorio/180-600s_10percent,35,23.51,7.35,16.0,6.15,29.06,10.03,19.0,3.24,0.6346,0.1043,0.0286,0.0045,24.29,5.9,0.9714,1.0,0.0581,0.06,0.08,0.9714,0.0581
intuitive,cenario2_tempo_aleatorio/180-600s_20percent,35,24.49,7.23,16.31,5.58,44.6,13.2,17.94,2.73,0.6646,0.1023,0.0253,0.0038,44.6,13.2,1.0,1.0,0.0,0.26,0.27,1.0,0.0
intuitive,cenario2_tempo_aleatorio/180-600s_30percent,35,21.31,4.97,14.03,4.01,57.06,12.4,21.71,2.85,0.505,0.0916,0.0329,0.0045,57.06,12.4,1.0,1.0,0.0,0.34,0.42,1.0,0.0
intuitive,cenario3_tudo_aleatorio/180-600s_10-30percent,35,22.37,5.84,15.91,4.52,45.86,10.27,19.51,3.01,0.6006,0.0987,0.0261,0.0042,45.86,10.27,1.0,1.0,0.0,0.4,0.34,1.0,0.0
rl3.1,cenario1_tempo_fixo/310s_10percent,35,19.83,1.28,14.14,1.29,20.46,3.25,14.43,1.5,0.7845,0.0774,0.0249,0.0029,19.89,3.21,0.9192,1.0,0.0798,0.83,0.13,0.9192,0.0798
rl3.1,cenario1_tempo_fixo/310s_20percent,35,20.66,1.18,13.31,1.2,28.03,4.56,16.77,2.24,0.6863,0.093,0.027,0.0028,26.6,4.43,0.9468,0.9545,0.015,0.17,0.13,0.9468,0.015
rl3.1,cenario1_tempo_fixo/310s_30percent,35,20.09,1.0,13.74,1.13,37.66,5.07,16.14,2.08,0.7167,0.0938,0.0259,0.0028,36.23,4.96,0.9618,0.963,0.0105,0.77,0.28,0.9618,0.0105
rl3.1,cenario2_tempo_aleatorio/180-600s_10percent,35,20.77,0.96,14.03,1.0,20.34,2.85,13.43,1.33,0.8467,0.0724,0.0275,0.0045,19.54,2.86,0.9476,0.9643,0.0238,0.83,0.13,0.9476,0.0238
rl3.1,cenario2_tempo_aleatorio/180-600s_20percent,35,20.2,1.11,13.09,1.2,31.86,4.41,17.31,2.42,0.6752,0.0981,0.0615,0.049,30.17,4.21,0.9469,0.96,0.0185,0.17,0.13,0.9469,0.0185
rl3.1,cenario2_tempo_aleatorio/180-600s_30percent,35,19.69,0.9,13.51,1.11,41.34,6.8,15.94,1.89,0.7176,0.0886,0.0277,0.0074,39.57,6.55,0.9599,0.9565,0.0124,1.0,0.36,0.9599,0.0124
rl3.1,cenario3_tudo_aleatorio/180-600s_10-30percent,35,19.89,1.27,13.97,1.17,25.91,3.76,14.14,1.5,0.801,0.0749,0.0224,0.0024,25.03,3.61,0.9689,0.9697,0.0107,1.34,0.17,0.9689,0.0107
with-fail,cenario1_tempo_fixo/310s_10percent,35,20.31,1.13,12.69,1.11,20.89,3.98,16.89,1.73,0.6537,0.082,0.049,0.0366,0.0,0.0,0.0,0.0,0.0,0.0,0.0,0.0,0.0
with-fail,cenario1_tempo_fixo/310s_20percent,35,19.29,0.66,13.17,1.03,34.6,4.72,19.71,2.62,0.5651,0.087,0.0297,0.0036,0.0,0.0,0.0,0.0,0.0,0.0,0.0,0.0,0.0
with-fail,cenario1_tempo_fixo/310s_30percent,35,19.26,0.82,11.77,0.93,50.37,5.55,20.26,2.51,0.5436,0.0882,0.0383,0.0084,0.0,0.0,0.0,0.0,0.0,0.0,0.0,0.0,0.0
with-fail,cenario2_tempo_aleatorio/180-600s_10percent,35,19.97,0.9,12.43,1.01,21.26,3.5,18.31,2.56,0.6379,0.0997,0.0348,0.0124,0.0,0.0,0.0,0.0,0.0,0.0,0.0,0.0,0.0
with-fail,cenario2_tempo_aleatorio/180-600s_20percent,35,20.29,0.97,11.63,1.0,36.46,6.37,19.94,2.57,0.5673,0.0977,0.0461,0.0356,0.0,0.0,0.0,0.0,0.0,0.0,0.0,0.0,0.0
with-fail,cenario2_tempo_aleatorio/180-600s_30percent,35,19.6,1.1,12.37,0.98,51.43,6.24,19.57,2.44,0.5629,0.0892,0.0313,0.0045,0.0,0.0,0.0,0.0,0.0,0.0,0.0,0.0,0.0
with-fail,cenario3_tudo_aleatorio/180-600s_10-30percent,35,19.03,0.87,12.37,0.83,35.91,7.32,18.2,2.98,0.6611,0.1025,0.0561,0.0498,0.0,0.0,0.0,0.0,0.0,0.0,0.0,0.0,0.0
optimal,sem_falha,35,20.17,1.17,13.17,1.25,0.0,0.0,15.89,1.86,0.715,0.0836,0.0495,0.0328,,,,,,,,,
